census_year,clue_small_area,clue_industry,total_establishments
2004,Kensington,Wholesale Trade,16
2004,Melbourne (CBD),Food Catering Services,3
2004,Melbourne (CBD),Food Catering Services,48
2004,Melbourne (CBD),Agriculture and Mining,2
2004,Melbourne (CBD),Arts and Recreation Services,84
2004,Melbourne (CBD),Construction,1
2004,Melbourne (CBD),"Electricity, Gas, Water",6
2004,Melbourne (CBD),Agriculture and Mining,22
2004,Melbourne (CBD),Public Administration and Safety,63
2004,Melbourne (CBD),"Transport, Postal and Storage",14
2004,Melbourne (CBD),Wholesale Trade,1
2004,Melbourne (CBD),Wholesale Trade,122
2004,Melbourne (Remainder),Agriculture and Mining,1
2004,Melbourne (Remainder),Arts and Recreation Services,13
2004,Melbourne (Remainder),Education and Training,2
2004,Melbourne (Remainder),Education and Training,2
2004,Melbourne (Remainder),Information Media,5
2004,Melbourne (Remainder),Retail Trade,18
2004,North Melbourne,Education and Training,1
2004,North Melbourne,Other Services,112
2004,North Melbourne,Public Administration and Safety,3
2004,North Melbourne,Real Estate Services,8
2004,Parkville,Education and Training,6
2004,Parkville,Education and Training,4
2004,Parkville,Health Care and Social Assistance,5
2004,Parkville,Business Services,1
2004,Port Melbourne,Food and Beverage Services,2
2004,Port Melbourne,Arts and Recreation Services,5
2004,Port Melbourne,Agriculture and Mining,1
2004,Port Melbourne,Other Services,1
2004,South Yarra,Education and Training,4
2004,South Yarra,"Electricity, Gas, Water",6
2004,Southbank,Food Catering Services,2
2004,Southbank,Admin and Support Services,13
2004,Southbank,"Electricity, Gas, Water",1
2004,Southbank,Agriculture and Mining,1
2004,Southbank,Agriculture and Mining,3
2004,Southbank,Real Estate Services,9
2004,Southbank,Wholesale Trade,3
2004,West Melbourne (Industrial),Other Services,6
2004,West Melbourne (Industrial),Wholesale Trade,31
2004,West Melbourne (Industrial),Wholesale Trade,187
2004,West Melbourne (Residential),Food and Beverage Services,40
2004,West Melbourne (Residential),Admin and Support Services,1
2004,West Melbourne (Residential),Arts and Recreation Services,1
2004,West Melbourne (Residential),Arts and Recreation Services,10
2004,West Melbourne (Residential),Construction,3
2004,West Melbourne (Residential),Finance and Insurance,3
2004,West Melbourne (Residential),Manufacturing,30
2004,West Melbourne (Residential),Rental and Hiring Services,1
2004,West Melbourne (Residential),Retail Trade,1
2004,West Melbourne (Residential),"Transport, Postal and Storage",1
2003,Carlton,Food and Beverage Services,1
2003,Carlton,Admin and Support Services,4
2003,Carlton,Rental and Hiring Services,4
2003,Carlton,Retail Trade,7
2003,Docklands,Admin and Support Services,1
2003,Docklands,Construction,4
2003,Docklands,"Electricity, Gas, Water",1
2003,Docklands,Information Media,2
2003,Docklands,Business Services,1
2003,Docklands,Public Administration and Safety,3
2003,East Melbourne,Admin and Support Services,16
2003,East Melbourne,Public Administration and Safety,8
2003,Kensington,Rental and Hiring Services,1
2003,Melbourne (CBD),Food and Beverage Services,87
2003,Melbourne (CBD),Food and Beverage Services,8
2003,Melbourne (CBD),Admin and Support Services,78
2003,Melbourne (CBD),"Electricity, Gas, Water",6
2003,Melbourne (CBD),"Electricity, Gas, Water",33
2003,Melbourne (CBD),Other Services,3
2003,Melbourne (CBD),Public Administration and Safety,70
2003,Melbourne (CBD),Rental and Hiring Services,1
2003,Melbourne (CBD),"Transport, Postal and Storage",13
2003,Melbourne (Remainder),Arts and Recreation Services,22
2003,Melbourne (Remainder),Other Services,2
2003,North Melbourne,Food and Beverage Services,2
2003,North Melbourne,Construction,4
2003,North Melbourne,Education and Training,5
2003,North Melbourne,Education and Training,1
2003,North Melbourne,Health Care and Social Assistance,32
2003,North Melbourne,Manufacturing,68
2003,North Melbourne,Agriculture and Mining,1
2003,North Melbourne,Public Administration and Safety,1
2003,North Melbourne,Retail Trade,3
2003,Parkville,Education and Training,4
2003,Parkville,Health Care and Social Assistance,5
2003,Parkville,Information Media,1
2003,Parkville,Retail Trade,17
2003,Parkville,"Transport, Postal and Storage",1
2003,Port Melbourne,Arts and Recreation Services,1
2003,Port Melbourne,Information Media,1
2003,Port Melbourne,Manufacturing,6
2003,Port Melbourne,Manufacturing,19
2003,South Yarra,Food and Beverage Services,4
2003,South Yarra,Arts and Recreation Services,3
2003,South Yarra,Other Services,8
2003,South Yarra,Public Administration and Safety,2
2003,South Yarra,Retail Trade,10
2003,Southbank,Food Catering Services,1
2003,Southbank,Food and Beverage Services,38
2003,Southbank,Health Care and Social Assistance,1
2003,Southbank,Information Media,5
2003,Southbank,Information Media,11
2003,Southbank,Manufacturing,1
2003,Southbank,Business Services,60
2003,West Melbourne (Industrial),Agriculture and Mining,1
2003,West Melbourne (Industrial),Construction,1
2003,West Melbourne (Industrial),Wholesale Trade,187
2003,West Melbourne (Residential),Food Catering Services,1
2003,West Melbourne (Residential),"Electricity, Gas, Water",7
2003,West Melbourne (Residential),Finance and Insurance,2
2003,West Melbourne (Residential),Health Care and Social Assistance,13
2003,West Melbourne (Residential),Information Media,4
2003,West Melbourne (Residential),Wholesale Trade,39
2002,Carlton,Arts and Recreation Services,2
2002,Carlton,Construction,9
2002,Carlton,Health Care and Social Assistance,4
2002,Carlton,Information Media,7
2002,Carlton,Other Services,18
2002,Carlton,Wholesale Trade,1
2002,East Melbourne,Admin and Support Services,4
2002,East Melbourne,Arts and Recreation Services,16
2002,East Melbourne,Construction,4
2002,East Melbourne,Education and Training,5
2002,East Melbourne,Health Care and Social Assistance,5
2002,East Melbourne,Manufacturing,1
2002,Kensington,Manufacturing,1
2002,Kensington,Other Services,8
2002,Kensington,Business Services,6
2002,Kensington,Wholesale Trade,23
2002,Melbourne (CBD),Admin and Support Services,4
2002,Melbourne (CBD),Arts and Recreation Services,7
2002,Melbourne (CBD),Construction,10
2002,Melbourne (CBD),Education and Training,36
2002,Melbourne (CBD),Finance and Insurance,6
2002,Melbourne (CBD),Information Media,49
2002,Melbourne (CBD),Information Media,5
2002,Melbourne (CBD),Manufacturing,12
2002,Melbourne (CBD),Public Administration and Safety,1
2002,Melbourne (CBD),"Transport, Postal and Storage",7
2002,Melbourne (Remainder),Arts and Recreation Services,1
2002,Melbourne (Remainder),Health Care and Social Assistance,2
2002,Melbourne (Remainder),Health Care and Social Assistance,3
2002,Melbourne (Remainder),Information Media,5
2002,Melbourne (Remainder),Agriculture and Mining,2
2002,Melbourne (Remainder),"Transport, Postal and Storage",6
2002,North Melbourne,Arts and Recreation Services,23
2002,North Melbourne,Education and Training,5
2002,North Melbourne,Health Care and Social Assistance,3
2002,North Melbourne,Other Services,15
2002,North Melbourne,Business Services,96
2002,North Melbourne,"Transport, Postal and Storage",35
2002,Parkville,Admin and Support Services,3
2002,Parkville,"Electricity, Gas, Water",1
2002,Parkville,Information Media,1
2002,Parkville,Other Services,3
2002,Parkville,Business Services,2
2002,Parkville,"Transport, Postal and Storage",1
2002,Port Melbourne,Admin and Support Services,5
2002,Port Melbourne,Other Services,2
2002,Port Melbourne,Rental and Hiring Services,2
2002,Port Melbourne,Retail Trade,5
2002,Port Melbourne,"Transport, Postal and Storage",8
2002,Port Melbourne,Wholesale Trade,11
2002,South Yarra,Food and Beverage Services,2
2002,South Yarra,Education and Training,1
2002,Southbank,Food and Beverage Services,48
2002,Southbank,Agriculture and Mining,2
2002,Southbank,Arts and Recreation Services,6
2002,Southbank,Construction,4
2002,Southbank,Education and Training,2
2002,Southbank,Education and Training,3
2002,Southbank,Public Administration and Safety,7
2002,West Melbourne (Industrial),Construction,3
2002,West Melbourne (Industrial),Wholesale Trade,4
2002,West Melbourne (Residential),Food and Beverage Services,39
2002,West Melbourne (Residential),Finance and Insurance,13
2002,West Melbourne (Residential),Manufacturing,8
2002,West Melbourne (Residential),Other Services,2
2002,West Melbourne (Residential),Business Services,9
2002,West Melbourne (Residential),Wholesale Trade,49
2023,City of Melbourne (total),Food and Beverage Services,7
2023,City of Melbourne (total),Admin and Support Services,257
2023,City of Melbourne (total),Agriculture and Mining,1
2023,City of Melbourne (total),Education and Training,36
2023,City of Melbourne (total),Finance and Insurance,7
2023,City of Melbourne (total),Health Care and Social Assistance,23
2023,City of Melbourne (total),Other Services,7
2023,City of Melbourne (total),Public Administration and Safety,124
2023,City of Melbourne (total),Retail Trade,9
2023,City of Melbourne (total),Wholesale Trade,41
2022,City of Melbourne (total),Arts and Recreation Services,229
2022,City of Melbourne (total),Construction,7
2022,City of Melbourne (total),Construction,201
2022,City of Melbourne (total),Health Care and Social Assistance,21
2022,City of Melbourne (total),Manufacturing,12
2022,City of Melbourne (total),Other Services,1051
2022,City of Melbourne (total),Wholesale Trade,5
2021,City of Melbourne (total),Food Catering Services,10
2021,City of Melbourne (total),Admin and Support Services,327
2021,City of Melbourne (total),Admin and Support Services,120
2021,City of Melbourne (total),Admin and Support Services,7
2021,City of Melbourne (total),Education and Training,29
2021,City of Melbourne (total),Education and Training,335
2021,City of Melbourne (total),Real Estate Services,8
2020,City of Melbourne (total),Food and Beverage Services,7
2020,City of Melbourne (total),Admin and Support Services,126
2020,City of Melbourne (total),Arts and Recreation Services,255
2020,City of Melbourne (total),"Electricity, Gas, Water",18
2020,City of Melbourne (total),Finance and Insurance,207
2020,City of Melbourne (total),Finance and Insurance,51
2020,City of Melbourne (total),Health Care and Social Assistance,24
2020,City of Melbourne (total),Information Media,15
2020,City of Melbourne (total),Information Media,26
2020,City of Melbourne (total),Business Services,639
2020,City of Melbourne (total),Business Services,64
2020,City of Melbourne (total),Real Estate Services,9
2020,City of Melbourne (total),Rental and Hiring Services,38
2020,City of Melbourne (total),"Transport, Postal and Storage",159
2020,City of Melbourne (total),Wholesale Trade,8
2020,City of Melbourne (total),Wholesale Trade,43
2019,City of Melbourne (total),Food Catering Services,152
2019,City of Melbourne (total),"Electricity, Gas, Water",144
2019,City of Melbourne (total),Finance and Insurance,694
2019,City of Melbourne (total),Wholesale Trade,5
2019,City of Melbourne (total),Wholesale Trade,48
2018,City of Melbourne (total),Food and Beverage Services,355
2018,City of Melbourne (total),Arts and Recreation Services,289
2018,City of Melbourne (total),Construction,83
2018,City of Melbourne (total),Education and Training,365
2018,City of Melbourne (total),Education and Training,238
2018,City of Melbourne (total),Education and Training,27
2018,City of Melbourne (total),Health Care and Social Assistance,960
2018,City of Melbourne (total),Manufacturing,408
2018,City of Melbourne (total),Public Administration and Safety,109
2018,City of Melbourne (total),"Transport, Postal and Storage",18
2017,City of Melbourne (total),Admin and Support Services,14
2017,City of Melbourne (total),Arts and Recreation Services,97
2017,City of Melbourne (total),Arts and Recreation Services,18
2017,City of Melbourne (total),Education and Training,24
2017,City of Melbourne (total),Finance and Insurance,42
2017,City of Melbourne (total),Public Administration and Safety,44
2017,City of Melbourne (total),Real Estate Services,4
2017,City of Melbourne (total),"Transport, Postal and Storage",18
2017,City of Melbourne (total),Wholesale Trade,52
2016,City of Melbourne (total),Admin and Support Services,118
2016,City of Melbourne (total),"Electricity, Gas, Water",15
2016,City of Melbourne (total),Other Services,101
2016,City of Melbourne (total),Business Services,563
2016,City of Melbourne (total),Real Estate Services,14
2016,City of Melbourne (total),Real Estate Services,307
2016,City of Melbourne (total),Retail Trade,6
2016,City of Melbourne (total),Wholesale Trade,52
2015,City of Melbourne (total),Food Catering Services,85
2015,City of Melbourne (total),"Electricity, Gas, Water",150
2015,City of Melbourne (total),"Electricity, Gas, Water",11
2015,City of Melbourne (total),Finance and Insurance,43
2015,City of Melbourne (total),Health Care and Social Assistance,8
2015,City of Melbourne (total),Manufacturing,16
2015,City of Melbourne (total),Business Services,2140
2015,City of Melbourne (total),Wholesale Trade,483
2014,City of Melbourne (total),Food and Beverage Services,16
2014,City of Melbourne (total),Food and Beverage Services,307
2014,City of Melbourne (total),Arts and Recreation Services,220
2014,City of Melbourne (total),Education and Training,27
2014,City of Melbourne (total),Health Care and Social Assistance,119
2014,City of Melbourne (total),Manufacturing,443
2014,City of Melbourne (total),Other Services,1225
2014,City of Melbourne (total),Other Services,96
2014,City of Melbourne (total),Business Services,537
2014,City of Melbourne (total),Wholesale Trade,492
2013,City of Melbourne (total),Education and Training,12
2013,City of Melbourne (total),Finance and Insurance,690
2013,City of Melbourne (total),Health Care and Social Assistance,18
2013,City of Melbourne (total),Manufacturing,70
2013,City of Melbourne (total),Other Services,9
2013,City of Melbourne (total),Public Administration and Safety,50
2013,City of Melbourne (total),Retail Trade,6
2013,City of Melbourne (total),Wholesale Trade,8
2012,City of Melbourne (total),Food and Beverage Services,5
2012,City of Melbourne (total),Education and Training,22
2012,City of Melbourne (total),Health Care and Social Assistance,10
2012,City of Melbourne (total),Information Media,29
2012,City of Melbourne (total),Rental and Hiring Services,7
2012,City of Melbourne (total),Wholesale Trade,12
2011,City of Melbourne (total),Construction,7
2011,City of Melbourne (total),"Electricity, Gas, Water",9
2011,City of Melbourne (total),Agriculture and Mining,4
2011,City of Melbourne (total),"Transport, Postal and Storage",200
2010,City of Melbourne (total),Food and Beverage Services,12
2010,City of Melbourne (total),Agriculture and Mining,10
2010,City of Melbourne (total),Construction,5
2010,City of Melbourne (total),Agriculture and Mining,1
2010,City of Melbourne (total),Public Administration and Safety,45
2010,City of Melbourne (total),Real Estate Services,45
2010,City of Melbourne (total),"Transport, Postal and Storage",55
2010,City of Melbourne (total),"Transport, Postal and Storage",202
2009,City of Melbourne (total),Admin and Support Services,603
2009,City of Melbourne (total),Admin and Support Services,13
2009,City of Melbourne (total),Arts and Recreation Services,275
2009,City of Melbourne (total),Education and Training,10
2009,City of Melbourne (total),Education and Training,318
2009,City of Melbourne (total),Health Care and Social Assistance,16
2009,City of Melbourne (total),Information Media,14
2009,City of Melbourne (total),Business Services,61
2009,City of Melbourne (total),Public Administration and Safety,127
2009,City of Melbourne (total),Retail Trade,25
2008,City of Melbourne (total),Food and Beverage Services,4
2008,City of Melbourne (total),Information Media,94
2008,City of Melbourne (total),Agriculture and Mining,8
2008,City of Melbourne (total),Business Services,59
2008,City of Melbourne (total),Retail Trade,92
2008,City of Melbourne (total),"Transport, Postal and Storage",85
2007,City of Melbourne (total),Food Catering Services,16
2007,City of Melbourne (total),Food Catering Services,72
2007,City of Melbourne (total),Agriculture and Mining,5
2007,City of Melbourne (total),Arts and Recreation Services,16
2007,City of Melbourne (total),Construction,38
2007,City of Melbourne (total),"Electricity, Gas, Water",17
2007,City of Melbourne (total),Information Media,18
2007,City of Melbourne (total),Information Media,105
2007,City of Melbourne (total),Agriculture and Mining,3
2007,City of Melbourne (total),Other Services,96
2007,City of Melbourne (total),Retail Trade,25
2007,City of Melbourne (total),"Transport, Postal and Storage",221
2006,City of Melbourne (total),Food Catering Services,8
2006,City of Melbourne (total),Education and Training,14
2006,City of Melbourne (total),Education and Training,20
2006,City of Melbourne (total),Health Care and Social Assistance,751
2006,City of Melbourne (total),Health Care and Social Assistance,16
2006,City of Melbourne (total),Manufacturing,469
2006,City of Melbourne (total),Rental and Hiring Services,3
2006,City of Melbourne (total),Rental and Hiring Services,7
2006,City of Melbourne (total),Retail Trade,96
2006,City of Melbourne (total),"Transport, Postal and Storage",71
2005,City of Melbourne (total),Arts and Recreation Services,210
2005,City of Melbourne (total),Construction,33
2005,City of Melbourne (total),"Electricity, Gas, Water",6
2005,City of Melbourne (total),Business Services,1794
2005,City of Melbourne (total),Retail Trade,24
2005,City of Melbourne (total),"Transport, Postal and Storage",63
2005,City of Melbourne (total),Wholesale Trade,5
2004,City of Melbourne (total),Health Care and Social Assistance,61
2004,City of Melbourne (total),Agriculture and Mining,4
2004,City of Melbourne (total),Retail Trade,1800
2004,City of Melbourne (total),Retail Trade,7
2004,City of Melbourne (total),"Transport, Postal and Storage",69
2004,City of Melbourne (total),"Transport, Postal and Storage",11
2003,City of Melbourne (total),Food and Beverage Services,163
2003,City of Melbourne (total),Admin and Support Services,551
2003,City of Melbourne (total),"Electricity, Gas, Water",14
2003,City of Melbourne (total),Finance and Insurance,49
2003,City of Melbourne (total),Health Care and Social Assistance,62
2003,City of Melbourne (total),Health Care and Social Assistance,18
2003,City of Melbourne (total),Information Media,11
2003,City of Melbourne (total),Public Administration and Safety,2
2003,City of Melbourne (total),Public Administration and Safety,106
2003,City of Melbourne (total),Real Estate Services,154
2002,City of Melbourne (total),Food Catering Services,109
2002,City of Melbourne (total),Food and Beverage Services,158
2002,City of Melbourne (total),Food and Beverage Services,4
2002,City of Melbourne (total),Admin and Support Services,6
2002,City of Melbourne (total),Agriculture and Mining,10
2002,City of Melbourne (total),"Electricity, Gas, Water",12
2002,City of Melbourne (total),"Electricity, Gas, Water",15
2002,City of Melbourne (total),Health Care and Social Assistance,17
2002,City of Melbourne (total),Manufacturing,7
2002,City of Melbourne (total),Other Services,933
2008,West Melbourne (Residential),Food Catering Services,1
2008,West Melbourne (Residential),Arts and Recreation Services,8
2008,West Melbourne (Residential),Public Administration and Safety,2
2008,West Melbourne (Residential),Wholesale Trade,42
2007,Carlton,Information Media,7
2007,Carlton,Information Media,1
2007,Carlton,Real Estate Services,14
2007,Carlton,"Transport, Postal and Storage",6
2007,Docklands,Food and Beverage Services,11
2007,Docklands,"Electricity, Gas, Water",8
2007,Docklands,Business Services,3
2007,Docklands,Public Administration and Safety,3
2007,Docklands,Real Estate Services,3
2007,Docklands,"Transport, Postal and Storage",2
2007,Docklands,"Transport, Postal and Storage",5
2007,East Melbourne,Food Catering Services,17
2007,East Melbourne,Education and Training,7
2007,East Melbourne,Finance and Insurance,10
2007,East Melbourne,Health Care and Social Assistance,1
2007,East Melbourne,Information Media,5
2007,East Melbourne,Business Services,15
2007,East Melbourne,Wholesale Trade,2
2007,Kensington,Admin and Support Services,2
2007,Kensington,"Transport, Postal and Storage",2
2007,Melbourne (CBD),Food Catering Services,57
2007,Melbourne (CBD),Admin and Support Services,3
2007,Melbourne (CBD),Admin and Support Services,84
2007,Melbourne (CBD),Arts and Recreation Services,98
2007,Melbourne (CBD),Education and Training,9
2007,Melbourne (CBD),Finance and Insurance,40
2007,Melbourne (CBD),Finance and Insurance,142
2007,Melbourne (CBD),Health Care and Social Assistance,25
2007,Melbourne (CBD),Public Administration and Safety,28
2007,Melbourne (Remainder),Admin and Support Services,22
2007,Melbourne (Remainder),Finance and Insurance,3
2007,Melbourne (Remainder),Finance and Insurance,10
2007,Melbourne (Remainder),Manufacturing,1
2007,North Melbourne,Food and Beverage Services,84
2007,North Melbourne,Admin and Support Services,5
2007,North Melbourne,Arts and Recreation Services,4
2007,North Melbourne,Construction,5
2007,North Melbourne,Education and Training,6
2007,North Melbourne,Health Care and Social Assistance,63
2007,North Melbourne,Agriculture and Mining,1
2007,North Melbourne,Rental and Hiring Services,15
2007,North Melbourne,"Transport, Postal and Storage",6
2007,Parkville,"Electricity, Gas, Water",7
2007,Parkville,Business Services,6
2007,Parkville,"Transport, Postal and Storage",5
2007,Port Melbourne,Food and Beverage Services,6
2007,Port Melbourne,Arts and Recreation Services,1
2007,Port Melbourne,Rental and Hiring Services,1
2007,South Yarra,"Electricity, Gas, Water",5
2007,South Yarra,Information Media,1
2007,Southbank,"Transport, Postal and Storage",4
2007,West Melbourne (Industrial),Information Media,1
2007,West Melbourne (Industrial),Public Administration and Safety,4
2007,West Melbourne (Residential),Admin and Support Services,1
2007,West Melbourne (Residential),Business Services,14
2006,Carlton,Food Catering Services,17
2006,Carlton,Admin and Support Services,1
2006,Carlton,Information Media,16
2006,East Melbourne,Information Media,7
2006,Kensington,Arts and Recreation Services,7
2006,Melbourne (CBD),Business Services,33
2006,Melbourne (CBD),"Transport, Postal and Storage",4
2006,Melbourne (Remainder),Education and Training,3
2006,Melbourne (Remainder),Manufacturing,1
2006,Melbourne (Remainder),Business Services,61
2006,Melbourne (Remainder),Public Administration and Safety,5
2006,North Melbourne,Food Catering Services,8
2006,North Melbourne,Admin and Support Services,17
2006,North Melbourne,Arts and Recreation Services,26
2006,North Melbourne,Agriculture and Mining,1
2006,North Melbourne,Business Services,12
2006,North Melbourne,Rental and Hiring Services,1
2006,North Melbourne,Rental and Hiring Services,11
2006,North Melbourne,Retail Trade,2
2006,Parkville,Agriculture and Mining,1
2006,Parkville,Education and Training,5
2006,Parkville,Finance and Insurance,5
2006,Parkville,Business Services,1
2006,Parkville,Real Estate Services,1
2006,Port Melbourne,Agriculture and Mining,2
2006,Port Melbourne,Other Services,6
2006,Port Melbourne,Real Estate Services,1
2006,Port Melbourne,Wholesale Trade,3
2006,South Yarra,Health Care and Social Assistance,3
2006,South Yarra,Public Administration and Safety,1
2006,Southbank,Public Administration and Safety,2
2006,Southbank,Rental and Hiring Services,1
2006,Southbank,Rental and Hiring Services,6
2006,Southbank,Wholesale Trade,3
2006,West Melbourne (Residential),Food and Beverage Services,1
2006,West Melbourne (Residential),Finance and Insurance,12
2006,West Melbourne (Residential),Real Estate Services,3
2006,West Melbourne (Residential),"Transport, Postal and Storage",21
2006,West Melbourne (Residential),Wholesale Trade,44
2005,Carlton,Construction,6
2005,Carlton,Education and Training,19
2005,Docklands,Construction,1
2005,Docklands,Manufacturing,2
2005,Docklands,Other Services,13
2005,Docklands,Public Administration and Safety,2
2005,Docklands,Real Estate Services,12
2005,East Melbourne,Finance and Insurance,5
2005,East Melbourne,Finance and Insurance,5
2005,East Melbourne,Retail Trade,16
2005,East Melbourne,Wholesale Trade,5
2005,Kensington,Retail Trade,7
2005,Melbourne (CBD),Food and Beverage Services,1
2005,Melbourne (CBD),Admin and Support Services,4
2005,Melbourne (CBD),"Electricity, Gas, Water",6
2005,North Melbourne,Food and Beverage Services,82
2005,North Melbourne,Food Catering Services,8
2005,North Melbourne,"Electricity, Gas, Water",1
2005,North Melbourne,Retail Trade,2
2005,Parkville,Food and Beverage Services,5
2005,Parkville,Health Care and Social Assistance,35
2005,Parkville,Business Services,1
2005,Port Melbourne,Arts and Recreation Services,2
2005,Port Melbourne,Other Services,2
2005,Port Melbourne,Business Services,11
2005,South Yarra,Education and Training,3
2005,South Yarra,Other Services,1
2005,South Yarra,Business Services,3
2005,Southbank,Education and Training,3
2005,Southbank,Health Care and Social Assistance,1
2005,Southbank,Information Media,12
2005,Southbank,Other Services,5
2005,West Melbourne (Industrial),Arts and Recreation Services,7
2005,West Melbourne (Industrial),Business Services,3
2005,West Melbourne (Industrial),Public Administration and Safety,4
2005,West Melbourne (Industrial),Rental and Hiring Services,1
2005,West Melbourne (Industrial),"Transport, Postal and Storage",31
2005,West Melbourne (Residential),Education and Training,6
2004,Carlton,Finance and Insurance,8
2004,Carlton,Health Care and Social Assistance,78
2004,Docklands,Arts and Recreation Services,1
2004,Docklands,Information Media,2
2004,Docklands,Manufacturing,2
2004,Docklands,Other Services,10
2004,Docklands,Business Services,1
2004,East Melbourne,Food and Beverage Services,1
2004,East Melbourne,Finance and Insurance,7
2004,East Melbourne,Other Services,1
2004,East Melbourne,Business Services,1
2023,Carlton,Admin and Support Services,1
2023,Carlton,Other Services,20
2023,Docklands,Food Catering Services,8
2023,West Melbourne (Residential),Food and Beverage Services,1
2023,West Melbourne (Residential),Food Catering Services,6
2022,Carlton,Arts and Recreation Services,15
2022,Docklands,Education and Training,1
2022,Docklands,Finance and Insurance,14
2022,Docklands,Real Estate Services,2
2022,East Melbourne,Other Services,1
2022,East Melbourne,Real Estate Services,5
2022,Kensington,Education and Training,5
2022,Kensington,Wholesale Trade,3
2022,Melbourne (CBD),Construction,74
2022,Melbourne (CBD),Education and Training,4
2022,Melbourne (CBD),Information Media,5
2022,Melbourne (CBD),Public Administration and Safety,6
2022,Melbourne (CBD),Real Estate Services,5
2022,Melbourne (Remainder),Food and Beverage Services,5
2022,Melbourne (Remainder),Real Estate Services,5
2022,North Melbourne,Arts and Recreation Services,33
2022,North Melbourne,Wholesale Trade,32
2022,Parkville,Food and Beverage Services,9
2022,Parkville,Food Catering Services,6
2022,Parkville,Health Care and Social Assistance,12
2022,Parkville,Manufacturing,1
2022,Parkville,Other Services,6
2022,Parkville,"Transport, Postal and Storage",2
2022,Port Melbourne,Food and Beverage Services,3
2022,Port Melbourne,Business Services,1
2022,Port Melbourne,Business Services,49
2022,South Yarra,Admin and Support Services,1
2022,South Yarra,Arts and Recreation Services,1
2022,Southbank,Education and Training,2
2022,Southbank,Information Media,9
2022,Southbank,Agriculture and Mining,1
2022,Southbank,"Transport, Postal and Storage",4
2022,West Melbourne (Industrial),"Electricity, Gas, Water",1
2022,West Melbourne (Industrial),Manufacturing,3
2022,West Melbourne (Industrial),Business Services,2
2022,West Melbourne (Residential),Admin and Support Services,2
2022,West Melbourne (Residential),Education and Training,1
2022,West Melbourne (Residential),Public Administration and Safety,3
2022,West Melbourne (Residential),Retail Trade,28
2022,West Melbourne (Residential),"Transport, Postal and Storage",7
2022,West Melbourne (Residential),Wholesale Trade,1
2021,Carlton,Food Catering Services,41
2021,Carlton,Arts and Recreation Services,5
2021,Carlton,Finance and Insurance,4
2021,Carlton,Health Care and Social Assistance,4
2021,Carlton,Health Care and Social Assistance,75
2021,Carlton,Manufacturing,19
2021,Carlton,Business Services,20
2021,Docklands,Admin and Support Services,5
2021,Docklands,Construction,1
2021,Docklands,Construction,5
2021,Docklands,Education and Training,1
2021,Docklands,Finance and Insurance,1
2021,Docklands,Health Care and Social Assistance,7
2021,Docklands,Retail Trade,2
2021,East Melbourne,Arts and Recreation Services,2
2021,East Melbourne,Finance and Insurance,1
2021,East Melbourne,Health Care and Social Assistance,4
2021,East Melbourne,Other Services,1
2021,Kensington,Arts and Recreation Services,1
2021,Kensington,Arts and Recreation Services,12
2021,Kensington,Other Services,3
2021,Melbourne (CBD),Food Catering Services,72
2021,Melbourne (CBD),Admin and Support Services,5
2021,Melbourne (CBD),Construction,39
2021,Melbourne (CBD),Health Care and Social Assistance,3
2021,Melbourne (CBD),Manufacturing,1
2021,Melbourne (CBD),Other Services,1
2021,Melbourne (CBD),Public Administration and Safety,73
2021,Melbourne (CBD),Public Administration and Safety,56
2021,Melbourne (CBD),Retail Trade,74
2021,Melbourne (CBD),"Transport, Postal and Storage",43
2021,Melbourne (Remainder),Admin and Support Services,1
2021,Melbourne (Remainder),Education and Training,4
2021,Melbourne (Remainder),Real Estate Services,5
2021,North Melbourne,Admin and Support Services,3
2021,North Melbourne,"Transport, Postal and Storage",3
2021,Parkville,Information Media,2
2021,Parkville,Public Administration and Safety,1
2021,Port Melbourne,Admin and Support Services,16
2021,Port Melbourne,Finance and Insurance,1
2021,Port Melbourne,Finance and Insurance,4
2021,Port Melbourne,Business Services,1
2021,Port Melbourne,Public Administration and Safety,6
2021,Port Melbourne,Rental and Hiring Services,3
2021,Port Melbourne,Wholesale Trade,1
2021,South Yarra,Food Catering Services,2
2021,South Yarra,Arts and Recreation Services,4
2021,Southbank,Food Catering Services,5
2021,Southbank,Education and Training,2
2021,Southbank,Manufacturing,6
2021,Southbank,Manufacturing,5
2021,Southbank,Other Services,2
2021,Southbank,Business Services,6
2021,Southbank,"Transport, Postal and Storage",1
2021,West Melbourne (Industrial),Arts and Recreation Services,1
2021,West Melbourne (Industrial),Construction,1
2021,West Melbourne (Industrial),"Electricity, Gas, Water",2
2021,West Melbourne (Industrial),Business Services,4
2021,West Melbourne (Industrial),Business Services,2
2021,West Melbourne (Industrial),Public Administration and Safety,1
2021,West Melbourne (Industrial),Rental and Hiring Services,1
2021,West Melbourne (Residential),Wholesale Trade,2
2020,Carlton,Arts and Recreation Services,5
2020,Carlton,Education and Training,43
2020,Carlton,Finance and Insurance,4
2020,Carlton,Business Services,1
2020,Carlton,Business Services,20
2020,Carlton,Public Administration and Safety,3
2020,Carlton,Real Estate Services,17
2020,Docklands,Food Catering Services,7
2020,Docklands,Food and Beverage Services,277
2020,Docklands,Agriculture and Mining,1
2020,Docklands,Education and Training,4
2020,Docklands,Manufacturing,3
2020,Docklands,Business Services,20
2020,Docklands,Real Estate Services,2
2020,Docklands,Retail Trade,10
2020,East Melbourne,Food Catering Services,2
2020,East Melbourne,Food Catering Services,2
2020,East Melbourne,Finance and Insurance,4
2020,East Melbourne,Other Services,1
2020,East Melbourne,Public Administration and Safety,4
2020,East Melbourne,Wholesale Trade,3
2020,Kensington,Health Care and Social Assistance,19
2020,Kensington,Information Media,2
2020,Melbourne (CBD),Admin and Support Services,5
2020,Melbourne (CBD),"Electricity, Gas, Water",32
2020,Melbourne (CBD),Finance and Insurance,33
2020,Melbourne (CBD),Business Services,6
2020,Melbourne (CBD),Real Estate Services,7
2020,Melbourne (CBD),Retail Trade,13
2020,Melbourne (Remainder),Food and Beverage Services,6
2020,Melbourne (Remainder),Admin and Support Services,1
2020,Melbourne (Remainder),Admin and Support Services,1
2020,Melbourne (Remainder),Admin and Support Services,7
2020,Melbourne (Remainder),Construction,3
2020,Melbourne (Remainder),Construction,2
2020,Melbourne (Remainder),Construction,5
2020,Melbourne (Remainder),Manufacturing,4
2020,Melbourne (Remainder),Real Estate Services,2
2020,North Melbourne,Food and Beverage Services,3
2020,North Melbourne,Arts and Recreation Services,1
2020,North Melbourne,Information Media,11
2020,North Melbourne,Business Services,114
2020,North Melbourne,Rental and Hiring Services,5
2020,Parkville,Other Services,4
2020,Parkville,Other Services,7
2020,Parkville,Public Administration and Safety,1
2020,Parkville,Public Administration and Safety,2
2020,Port Melbourne,Health Care and Social Assistance,1
2020,Port Melbourne,Public Administration and Safety,2
2020,Port Melbourne,"Transport, Postal and Storage",11
2020,Port Melbourne,"Transport, Postal and Storage",5
2020,South Yarra,Information Media,2
2020,Southbank,Food Catering Services,3
2020,Southbank,Admin and Support Services,1
2020,Southbank,"Electricity, Gas, Water",1
2020,Southbank,Other Services,2
2020,Southbank,Retail Trade,15
2020,Southbank,"Transport, Postal and Storage",4
2020,Southbank,"Transport, Postal and Storage",5
2020,West Melbourne (Industrial),Arts and Recreation Services,1
2020,West Melbourne (Industrial),Manufacturing,4
2020,West Melbourne (Industrial),Manufacturing,1
2020,West Melbourne (Industrial),Wholesale Trade,1
2020,West Melbourne (Residential),"Electricity, Gas, Water",10
2020,West Melbourne (Residential),Information Media,5
2020,West Melbourne (Residential),Business Services,12
2019,Carlton,Food and Beverage Services,1
2019,Carlton,Construction,2
2019,Carlton,Health Care and Social Assistance,22
2019,Carlton,Other Services,92
2019,Docklands,Food Catering Services,6
2019,Docklands,Food and Beverage Services,22
2019,Docklands,Agriculture and Mining,1
2019,Docklands,Health Care and Social Assistance,10
2019,Docklands,Information Media,13
2019,Docklands,Other Services,4
2019,Docklands,Other Services,64
2019,Docklands,Business Services,151
2019,Docklands,Real Estate Services,2
2019,Docklands,"Transport, Postal and Storage",5
2019,East Melbourne,Food and Beverage Services,1
2019,East Melbourne,Food Catering Services,14
2019,East Melbourne,Health Care and Social Assistance,4
2019,East Melbourne,Information Media,1
2019,East Melbourne,Manufacturing,1
2019,East Melbourne,Other Services,1
2019,East Melbourne,Other Services,30
2019,Kensington,Food and Beverage Services,46
2019,Kensington,Arts and Recreation Services,63
2019,Kensington,Construction,1
2019,Kensington,Public Administration and Safety,2
2019,Melbourne (CBD),Education and Training,241
2019,Melbourne (CBD),Finance and Insurance,539
2019,Melbourne (CBD),Manufacturing,9
2019,Melbourne (CBD),Retail Trade,1340
2019,Melbourne (Remainder),Finance and Insurance,14
2019,Melbourne (Remainder),Manufacturing,1
2019,North Melbourne,Food and Beverage Services,2
2019,North Melbourne,Education and Training,1
2019,North Melbourne,Information Media,12
2019,North Melbourne,Other Services,6
2019,North Melbourne,Real Estate Services,1
2019,North Melbourne,"Transport, Postal and Storage",5
2019,Parkville,Admin and Support Services,5
2019,Parkville,Education and Training,4
2019,Parkville,Other Services,5
2019,Port Melbourne,Admin and Support Services,1
2019,Port Melbourne,Admin and Support Services,21
2019,Port Melbourne,Education and Training,8
2019,Port Melbourne,"Electricity, Gas, Water",6
2019,Port Melbourne,Health Care and Social Assistance,1
2019,Port Melbourne,Health Care and Social Assistance,5
2019,Port Melbourne,Manufacturing,58
2019,Port Melbourne,"Transport, Postal and Storage",4
2019,South Yarra,Food and Beverage Services,3
2019,South Yarra,Admin and Support Services,1
2019,South Yarra,Education and Training,4
2019,South Yarra,Health Care and Social Assistance,1
2019,Southbank,Food Catering Services,16
2019,Southbank,Admin and Support Services,1
2019,Southbank,Agriculture and Mining,2
2019,Southbank,Education and Training,1
2019,Southbank,Agriculture and Mining,2
2019,Southbank,Business Services,63
2019,Southbank,Real Estate Services,25
2019,West Melbourne (Industrial),"Electricity, Gas, Water",2
2019,West Melbourne (Industrial),Information Media,2
2019,West Melbourne (Industrial),Retail Trade,3
2019,West Melbourne (Residential),Food and Beverage Services,1
2019,West Melbourne (Residential),Construction,9
2019,West Melbourne (Residential),Health Care and Social Assistance,21
2019,West Melbourne (Residential),Rental and Hiring Services,2
2019,West Melbourne (Residential),Wholesale Trade,1
2018,Carlton,Food and Beverage Services,13
2018,Carlton,Admin and Support Services,19
2018,Carlton,Arts and Recreation Services,20
2018,Carlton,Information Media,1
2018,Carlton,Retail Trade,4
2018,Docklands,Food and Beverage Services,1
2018,Docklands,Arts and Recreation Services,3
2018,Docklands,Construction,6
2018,East Melbourne,Manufacturing,2
2018,East Melbourne,Manufacturing,2
2018,East Melbourne,Other Services,1
2018,East Melbourne,Retail Trade,12
2018,Kensington,Arts and Recreation Services,20
2018,Kensington,Information Media,1
2018,Kensington,Information Media,1
2018,Melbourne (CBD),"Electricity, Gas, Water",8
2018,Melbourne (CBD),Health Care and Social Assistance,2
2018,Melbourne (CBD),Manufacturing,221
2018,Melbourne (CBD),Real Estate Services,4
2018,Melbourne (CBD),Real Estate Services,45
2018,Melbourne (CBD),"Transport, Postal and Storage",6
2018,Melbourne (Remainder),Construction,3
2018,Melbourne (Remainder),Health Care and Social Assistance,55
2018,Melbourne (Remainder),Other Services,2
2018,Melbourne (Remainder),Other Services,14
2018,Melbourne (Remainder),Rental and Hiring Services,1
2018,Melbourne (Remainder),Retail Trade,1
2018,Melbourne (Remainder),Wholesale Trade,4
2018,North Melbourne,Arts and Recreation Services,12
2018,North Melbourne,Arts and Recreation Services,33
2018,North Melbourne,"Electricity, Gas, Water",21
2018,North Melbourne,Finance and Insurance,20
2018,North Melbourne,Information Media,4
2018,North Melbourne,Other Services,9
2018,North Melbourne,Business Services,18
2018,North Melbourne,Rental and Hiring Services,4
2018,Parkville,Food and Beverage Services,64
2018,Parkville,Arts and Recreation Services,1
2018,Parkville,Arts and Recreation Services,2
2018,Parkville,Arts and Recreation Services,10
2018,Parkville,Real Estate Services,1
2018,Parkville,Real Estate Services,1
2018,Port Melbourne,Food and Beverage Services,1
2018,Port Melbourne,Education and Training,2
2018,Port Melbourne,Finance and Insurance,8
2018,Port Melbourne,Business Services,14
2018,South Yarra,Arts and Recreation Services,1
2013,Parkville,Food Catering Services,9
2013,Parkville,Arts and Recreation Services,25
2013,Parkville,Construction,1
2013,Parkville,Finance and Insurance,7
2013,Parkville,Retail Trade,1
2013,Port Melbourne,Information Media,11
2013,South Yarra,Education and Training,3
2013,West Melbourne (Residential),Other Services,5
2013,West Melbourne (Residential),Public Administration and Safety,1
2012,Carlton,"Electricity, Gas, Water",14
2012,Carlton,Wholesale Trade,3
2012,Carlton,Wholesale Trade,1
2012,Docklands,Food and Beverage Services,1
2012,Docklands,Food Catering Services,1
2012,Docklands,Arts and Recreation Services,4
2012,Docklands,Finance and Insurance,6
2012,Docklands,Health Care and Social Assistance,18
2012,East Melbourne,Admin and Support Services,3
2012,East Melbourne,Admin and Support Services,9
2012,East Melbourne,"Electricity, Gas, Water",1
2012,East Melbourne,Agriculture and Mining,1
2012,East Melbourne,Other Services,36
2012,East Melbourne,Retail Trade,1
2012,Kensington,Construction,4
2012,Kensington,Manufacturing,32
2012,Kensington,Agriculture and Mining,1
2012,Kensington,Other Services,8
2012,Kensington,Other Services,35
2012,Kensington,Business Services,5
2012,Kensington,Public Administration and Safety,2
2008,Melbourne (CBD),Admin and Support Services,85
2008,Melbourne (CBD),Arts and Recreation Services,10
2008,Melbourne (CBD),Education and Training,208
2008,Melbourne (CBD),Health Care and Social Assistance,353
2008,Melbourne (CBD),Manufacturing,276
2008,Melbourne (CBD),Other Services,39
2008,Melbourne (CBD),Business Services,17
2008,Melbourne (CBD),Public Administration and Safety,87
2008,Melbourne (Remainder),Food and Beverage Services,26
2008,Melbourne (Remainder),Other Services,3
2008,North Melbourne,"Transport, Postal and Storage",6
2008,North Melbourne,Wholesale Trade,2
2008,Parkville,Construction,1
2008,Parkville,Education and Training,2
2008,Parkville,Education and Training,8
2008,Parkville,"Electricity, Gas, Water",7
2008,Parkville,Health Care and Social Assistance,3
2008,West Melbourne (Industrial),Admin and Support Services,2
2008,West Melbourne (Industrial),Manufacturing,5
2008,West Melbourne (Industrial),"Transport, Postal and Storage",19
2013,Port Melbourne,Arts and Recreation Services,6
2013,Port Melbourne,Health Care and Social Assistance,4
2013,Port Melbourne,Wholesale Trade,2
2013,South Yarra,Food and Beverage Services,2
2013,Southbank,Admin and Support Services,7
2013,Southbank,Health Care and Social Assistance,17
2013,Southbank,Wholesale Trade,16
2013,West Melbourne (Industrial),Public Administration and Safety,2
2013,West Melbourne (Residential),Information Media,9
2013,West Melbourne (Residential),Other Services,48
2013,West Melbourne (Residential),Rental and Hiring Services,2
2008,Melbourne (CBD),Admin and Support Services,9
2008,Melbourne (Remainder),Health Care and Social Assistance,57
2008,Melbourne (Remainder),Agriculture and Mining,1
2008,Melbourne (Remainder),Other Services,8
2008,North Melbourne,Admin and Support Services,38
2008,North Melbourne,Manufacturing,69
2008,North Melbourne,Other Services,128
2008,North Melbourne,Business Services,132
2008,Parkville,Other Services,19
2008,Parkville,Business Services,7
2008,Parkville,Public Administration and Safety,1
2008,Port Melbourne,Other Services,6
2008,Port Melbourne,Wholesale Trade,16
2008,Port Melbourne,Wholesale Trade,40
2008,Southbank,Food Catering Services,2
2008,West Melbourne (Industrial),Agriculture and Mining,1
2023,Carlton,Food Catering Services,35
2023,Carlton,Admin and Support Services,3
2023,Carlton,"Electricity, Gas, Water",1
2023,Carlton,Finance and Insurance,16
2023,Carlton,Public Administration and Safety,2
2023,Carlton,Wholesale Trade,8
2023,Docklands,Food Catering Services,8
2023,Docklands,"Electricity, Gas, Water",4
2023,Docklands,"Electricity, Gas, Water",8
2023,Docklands,Manufacturing,2
2023,Docklands,Retail Trade,11
2023,Docklands,Retail Trade,149
2023,Docklands,Wholesale Trade,1
2023,East Melbourne,Food and Beverage Services,1
2023,East Melbourne,Food Catering Services,13
2023,East Melbourne,Construction,4
2023,East Melbourne,Health Care and Social Assistance,5
2023,East Melbourne,Public Administration and Safety,6
2023,Kensington,Food Catering Services,1
2023,Kensington,Arts and Recreation Services,2
2023,Kensington,"Electricity, Gas, Water",8
2023,Kensington,Information Media,1
2023,Kensington,Manufacturing,4
2023,Kensington,Business Services,25
2023,Kensington,"Transport, Postal and Storage",1
2023,Melbourne (CBD),Food and Beverage Services,23
2023,Melbourne (CBD),Arts and Recreation Services,3
2023,Melbourne (CBD),Construction,6
2023,Melbourne (CBD),Construction,1
2023,Melbourne (CBD),"Electricity, Gas, Water",35
2023,Melbourne (CBD),Finance and Insurance,376
2023,Melbourne (CBD),Other Services,73
2022,Docklands,Real Estate Services,4
2022,Docklands,"Transport, Postal and Storage",6
2022,East Melbourne,Manufacturing,2
2022,Melbourne (CBD),Manufacturing,182
2022,Melbourne (CBD),Retail Trade,4
2022,Melbourne (CBD),Retail Trade,83
2022,Melbourne (CBD),"Transport, Postal and Storage",40
2022,Melbourne (Remainder),Arts and Recreation Services,24
2022,North Melbourne,Food Catering Services,5
2022,North Melbourne,Health Care and Social Assistance,66
2022,North Melbourne,Retail Trade,69
2022,Parkville,Information Media,2
2022,Parkville,Retail Trade,14
2022,Port Melbourne,Education and Training,1
2022,Port Melbourne,Manufacturing,2
2022,Port Melbourne,Public Administration and Safety,1
2022,Port Melbourne,Wholesale Trade,1
2022,South Yarra,Food Catering Services,2
2022,Southbank,Food and Beverage Services,4
2022,Southbank,Admin and Support Services,13
2022,Southbank,Other Services,1
2022,Southbank,Wholesale Trade,3
2022,West Melbourne (Residential),Food Catering Services,1
2022,West Melbourne (Residential),Business Services,1
2021,Carlton,Food and Beverage Services,13
2021,Carlton,"Electricity, Gas, Water",14
2021,Carlton,Information Media,5
2021,Docklands,Admin and Support Services,15
2021,Docklands,Agriculture and Mining,1
2021,Docklands,Agriculture and Mining,1
2021,Docklands,Arts and Recreation Services,24
2021,Docklands,Public Administration and Safety,5
2021,East Melbourne,Finance and Insurance,8
2021,East Melbourne,Business Services,11
2021,East Melbourne,Wholesale Trade,1
2021,Kensington,Agriculture and Mining,1
2021,Kensington,Wholesale Trade,3
2021,Kensington,Wholesale Trade,25
2021,Melbourne (CBD),Agriculture and Mining,1
2021,Melbourne (CBD),Agriculture and Mining,1
2021,Melbourne (CBD),Education and Training,204
2021,Melbourne (CBD),Business Services,439
2021,Melbourne (CBD),Business Services,1027
2021,Melbourne (Remainder),Admin and Support Services,6
2021,Melbourne (Remainder),Health Care and Social Assistance,8
2021,Melbourne (Remainder),Manufacturing,4
2021,North Melbourne,Food and Beverage Services,3
2021,North Melbourne,Arts and Recreation Services,30
2021,North Melbourne,Manufacturing,5
2021,North Melbourne,Real Estate Services,1
2021,North Melbourne,Retail Trade,4
2021,Parkville,Business Services,1
2021,Parkville,Public Administration and Safety,2
2021,Parkville,Real Estate Services,1
2021,Port Melbourne,Manufacturing,50
2021,Port Melbourne,Wholesale Trade,35
2021,South Yarra,Food and Beverage Services,2
2021,South Yarra,Education and Training,6
2021,West Melbourne (Industrial),Arts and Recreation Services,7
2021,West Melbourne (Industrial),Construction,1
2021,West Melbourne (Residential),Information Media,3
2020,Carlton,Rental and Hiring Services,3
2020,Carlton,Wholesale Trade,1
2020,Docklands,Admin and Support Services,24
2020,Docklands,Finance and Insurance,14
2020,Docklands,Finance and Insurance,1
2020,East Melbourne,Arts and Recreation Services,21
2020,East Melbourne,Business Services,11
2020,Kensington,Arts and Recreation Services,12
2020,Melbourne (CBD),Finance and Insurance,171
2020,Melbourne (Remainder),Finance and Insurance,14
2020,North Melbourne,Real Estate Services,12
2020,Parkville,Business Services,1
2020,Parkville,Retail Trade,20
2020,South Yarra,Education and Training,2
2020,South Yarra,Manufacturing,1
2020,Southbank,Food and Beverage Services,56
2020,Southbank,Arts and Recreation Services,6
2020,Southbank,Education and Training,2
2020,Southbank,Manufacturing,4
2020,Southbank,Business Services,41
2020,Southbank,"Transport, Postal and Storage",1
2020,West Melbourne (Residential),Construction,3
2020,West Melbourne (Residential),Manufacturing,7
2020,West Melbourne (Residential),"Transport, Postal and Storage",12
2019,East Melbourne,Arts and Recreation Services,7
2019,East Melbourne,Finance and Insurance,3
2019,East Melbourne,Other Services,10
2019,East Melbourne,Business Services,15
2019,Kensington,Food Catering Services,1
2019,Kensington,Arts and Recreation Services,1
2019,Kensington,Health Care and Social Assistance,19
2019,Kensington,Retail Trade,3
2019,Kensington,"Transport, Postal and Storage",11
2019,Kensington,Wholesale Trade,27
2019,Melbourne (CBD),Food Catering Services,7
2019,Melbourne (CBD),Information Media,4
2019,Melbourne (CBD),Other Services,53
2019,Melbourne (CBD),Business Services,483
2019,North Melbourne,Construction,9
2019,North Melbourne,Public Administration and Safety,4
2019,Port Melbourne,Arts and Recreation Services,1
2019,Port Melbourne,Arts and Recreation Services,6
2019,Port Melbourne,Education and Training,1
2019,Port Melbourne,Rental and Hiring Services,10
2019,Southbank,Admin and Support Services,15
2019,Southbank,Finance and Insurance,19
2019,Southbank,Manufacturing,4
2019,Southbank,Retail Trade,21
2019,West Melbourne (Residential),Food Catering Services,3
2019,West Melbourne (Residential),Admin and Support Services,4
2018,Carlton,"Electricity, Gas, Water",11
2018,Carlton,Health Care and Social Assistance,86
2018,Carlton,Wholesale Trade,2
2018,Docklands,Admin and Support Services,26
2018,Docklands,Agriculture and Mining,1
2018,Docklands,Arts and Recreation Services,18
2018,Docklands,Manufacturing,2
2018,Docklands,Business Services,151
2018,Docklands,Real Estate Services,54
2018,Docklands,"Transport, Postal and Storage",5
2018,East Melbourne,Arts and Recreation Services,10
2018,East Melbourne,Information Media,5
2018,East Melbourne,Other Services,10
2018,Kensington,Other Services,37
2018,Kensington,Business Services,30
2018,Kensington,Retail Trade,3
2018,Melbourne (CBD),Education and Training,111
2018,Melbourne (CBD),Other Services,86
2018,Melbourne (CBD),Public Administration and Safety,24
2018,Melbourne (CBD),Public Administration and Safety,5
2018,North Melbourne,Business Services,2
2018,North Melbourne,"Transport, Postal and Storage",4
2018,Parkville,Education and Training,4
2018,Parkville,Health Care and Social Assistance,8
2018,Parkville,Other Services,5
2018,Parkville,Public Administration and Safety,2
2018,Port Melbourne,Food and Beverage Services,16
2018,Port Melbourne,"Electricity, Gas, Water",6
2018,Port Melbourne,Public Administration and Safety,1
2018,Port Melbourne,"Transport, Postal and Storage",12
2018,South Yarra,Information Media,1
2018,Southbank,Food and Beverage Services,66
2018,Southbank,Arts and Recreation Services,9
2018,Southbank,Education and Training,7
2018,Southbank,Information Media,7
2018,West Melbourne (Residential),Business Services,2
2017,Carlton,Education and Training,5
2017,Docklands,Food and Beverage Services,1
2017,Docklands,Construction,3
2017,East Melbourne,Arts and Recreation Services,22
2017,East Melbourne,Rental and Hiring Services,2
2017,East Melbourne,Wholesale Trade,2
2017,Kensington,Admin and Support Services,1
2017,Kensington,Information Media,1
2017,Kensington,Manufacturing,9
2017,Kensington,Business Services,1
2017,Kensington,Wholesale Trade,1
2017,Melbourne (CBD),Agriculture and Mining,3
2017,Melbourne (CBD),Construction,23
2017,Melbourne (CBD),"Electricity, Gas, Water",10
2017,Melbourne (CBD),Retail Trade,15
2017,Melbourne (Remainder),Food and Beverage Services,5
2017,Melbourne (Remainder),Arts and Recreation Services,26
2017,Melbourne (Remainder),Arts and Recreation Services,7
2017,Melbourne (Remainder),"Transport, Postal and Storage",2
2017,North Melbourne,Food Catering Services,12
2017,North Melbourne,Retail Trade,88
2017,Parkville,Health Care and Social Assistance,7
2017,Parkville,Other Services,17
2017,Port Melbourne,Arts and Recreation Services,4
2017,Port Melbourne,Finance and Insurance,8
2017,South Yarra,Education and Training,7
2017,Southbank,Arts and Recreation Services,16
2017,Southbank,"Electricity, Gas, Water",1
2017,West Melbourne (Residential),Food Catering Services,4
2017,West Melbourne (Residential),Finance and Insurance,2
2017,West Melbourne (Residential),Retail Trade,1
2017,West Melbourne (Residential),Retail Trade,41
2016,Carlton,Admin and Support Services,2
2016,Carlton,Manufacturing,2
2016,Carlton,Other Services,104
2016,Carlton,Retail Trade,4
2016,Docklands,Construction,1
2016,Docklands,Education and Training,12
2016,Docklands,Other Services,54
2016,Docklands,Business Services,5
2016,Docklands,"Transport, Postal and Storage",32
2016,East Melbourne,Food and Beverage Services,1
2016,East Melbourne,Construction,1
2016,East Melbourne,Other Services,10
2016,East Melbourne,"Transport, Postal and Storage",1
2016,Kensington,Admin and Support Services,1
2016,Kensington,Arts and Recreation Services,16
2016,Kensington,Other Services,1
2016,Melbourne (CBD),Food Catering Services,53
2016,Melbourne (CBD),Food and Beverage Services,1409
2016,Melbourne (CBD),Admin and Support Services,4
2016,Melbourne (CBD),Agriculture and Mining,27
2016,Melbourne (CBD),Public Administration and Safety,1
2016,Melbourne (Remainder),Construction,1
2016,North Melbourne,Finance and Insurance,2
2016,North Melbourne,Finance and Insurance,2
2016,North Melbourne,Health Care and Social Assistance,8
2016,North Melbourne,Information Media,14
2016,North Melbourne,Business Services,2
2016,Parkville,Education and Training,4
2016,Parkville,Information Media,1
2016,Parkville,Public Administration and Safety,3
2016,Parkville,Real Estate Services,1
2016,Parkville,"Transport, Postal and Storage",3
2016,Port Melbourne,Education and Training,4
2016,Port Melbourne,Information Media,10
2016,South Yarra,Education and Training,1
2016,South Yarra,Information Media,1
2016,West Melbourne (Residential),Education and Training,13
2016,West Melbourne (Residential),Other Services,5
2016,West Melbourne (Residential),Retail Trade,1
2015,Carlton,Food and Beverage Services,14
2015,Docklands,Food Catering Services,4
2015,Docklands,Food Catering Services,5
2015,Docklands,Retail Trade,2
2015,East Melbourne,Food and Beverage Services,42
2015,East Melbourne,Health Care and Social Assistance,24
2015,East Melbourne,Business Services,1
2015,East Melbourne,Retail Trade,13
2015,Kensington,Admin and Support Services,9
2015,Kensington,Arts and Recreation Services,20
2015,Kensington,Information Media,1
2015,Kensington,Other Services,37
2015,Melbourne (CBD),Rental and Hiring Services,2
2015,Melbourne (Remainder),Health Care and Social Assistance,61
2015,Melbourne (Remainder),Wholesale Trade,3
2015,North Melbourne,Agriculture and Mining,1
2015,Parkville,"Electricity, Gas, Water",6
2015,Parkville,Health Care and Social Assistance,9
2015,Parkville,Health Care and Social Assistance,61
2015,Port Melbourne,Construction,11
2015,Port Melbourne,Construction,3
2015,Port Melbourne,Information Media,1
2015,Port Melbourne,Manufacturing,3
2015,Port Melbourne,Other Services,1
2015,Port Melbourne,"Transport, Postal and Storage",11
2015,South Yarra,Information Media,1
2015,South Yarra,Public Administration and Safety,1
2015,Southbank,Admin and Support Services,9
2015,Southbank,Finance and Insurance,1
2015,Southbank,Health Care and Social Assistance,21
2015,Southbank,Information Media,7
2015,Southbank,Other Services,1
2015,West Melbourne (Industrial),Food and Beverage Services,2
2015,West Melbourne (Industrial),Agriculture and Mining,1
2015,West Melbourne (Residential),Manufacturing,5
2015,West Melbourne (Residential),Manufacturing,1
2014,Carlton,Construction,11
2014,Docklands,Food and Beverage Services,199
2014,Docklands,Arts and Recreation Services,2
2014,Docklands,Construction,5
2014,Docklands,Business Services,13
2014,Docklands,Rental and Hiring Services,4
2014,Docklands,Retail Trade,2
2014,East Melbourne,Wholesale Trade,2
2014,Kensington,Education and Training,3
2014,Kensington,Other Services,4
2014,Melbourne (CBD),Admin and Support Services,78
2014,Melbourne (CBD),Admin and Support Services,5
2014,Melbourne (CBD),Arts and Recreation Services,110
2014,Melbourne (CBD),Construction,14
2014,Melbourne (CBD),Education and Training,3
2014,Melbourne (CBD),"Electricity, Gas, Water",38
2014,Melbourne (CBD),Finance and Insurance,5
2014,Melbourne (CBD),Finance and Insurance,514
2014,Melbourne (CBD),Information Media,78
2014,Melbourne (Remainder),Construction,4
2014,North Melbourne,Food and Beverage Services,5
2014,Parkville,Education and Training,9
2014,Parkville,Business Services,13
2014,Parkville,Real Estate Services,1
2014,Parkville,Real Estate Services,1
2014,Port Melbourne,Real Estate Services,1
2014,South Yarra,Public Administration and Safety,1
2014,Southbank,Food Catering Services,4
2014,West Melbourne (Industrial),Other Services,7
2014,West Melbourne (Industrial),Real Estate Services,1
2014,West Melbourne (Industrial),Wholesale Trade,1
2014,West Melbourne (Residential),Information Media,3
2014,West Melbourne (Residential),Business Services,15
2013,Carlton,Food and Beverage Services,17
2013,Carlton,Other Services,16
2013,Carlton,Business Services,127
2013,Carlton,"Transport, Postal and Storage",4
2013,Docklands,"Transport, Postal and Storage",6
2013,East Melbourne,Admin and Support Services,4
2013,East Melbourne,Real Estate Services,5
2013,Kensington,Other Services,38
2013,Kensington,Real Estate Services,1
2013,Kensington,"Transport, Postal and Storage",4
2013,Melbourne (CBD),Public Administration and Safety,54
2013,Melbourne (CBD),"Transport, Postal and Storage",23
2013,Melbourne (Remainder),Other Services,20
2013,North Melbourne,Food and Beverage Services,5
2013,North Melbourne,Admin and Support Services,36
2013,North Melbourne,"Electricity, Gas, Water",23
2013,Parkville,Admin and Support Services,2
2013,Parkville,Arts and Recreation Services,1
2013,Port Melbourne,Agriculture and Mining,2
2013,South Yarra,Arts and Recreation Services,2
2013,Southbank,Admin and Support Services,1
2013,Southbank,Agriculture and Mining,2
2013,Southbank,Business Services,7
2013,West Melbourne (Industrial),Business Services,2
2013,West Melbourne (Industrial),"Transport, Postal and Storage",4
2013,West Melbourne (Industrial),"Transport, Postal and Storage",18
2012,Carlton,Agriculture and Mining,1
2012,Carlton,Construction,4
2012,Carlton,Information Media,7
2012,Docklands,Finance and Insurance,5
2012,Docklands,Information Media,12
2012,Docklands,Manufacturing,4
2012,East Melbourne,Food Catering Services,2
2012,East Melbourne,Food and Beverage Services,43
2012,East Melbourne,Health Care and Social Assistance,5
2012,East Melbourne,Health Care and Social Assistance,200
2012,East Melbourne,Information Media,1
2012,Kensington,Other Services,1
2012,Kensington,Business Services,1
2012,Kensington,Public Administration and Safety,3
2012,Melbourne (CBD),Construction,68
2012,Melbourne (Remainder),Health Care and Social Assistance,59
2012,North Melbourne,Education and Training,7
2012,North Melbourne,Rental and Hiring Services,1
2012,North Melbourne,Rental and Hiring Services,1
2012,North Melbourne,Retail Trade,6
2012,North Melbourne,Wholesale Trade,3
2012,Parkville,Food and Beverage Services,41
2012,Parkville,Admin and Support Services,2
2012,South Yarra,Admin and Support Services,1
2012,South Yarra,Education and Training,1
2012,South Yarra,Information Media,1
2012,Southbank,Other Services,4
2012,Southbank,Public Administration and Safety,2
2012,Southbank,"Transport, Postal and Storage",8
2012,West Melbourne (Industrial),Agriculture and Mining,1
2012,West Melbourne (Industrial),Construction,1
2012,West Melbourne (Industrial),Other Services,5
2012,West Melbourne (Industrial),"Transport, Postal and Storage",26
2012,West Melbourne (Residential),Public Administration and Safety,1
2012,West Melbourne (Residential),Retail Trade,1
2011,Carlton,Admin and Support Services,7
2011,Carlton,Finance and Insurance,3
2011,Carlton,Public Administration and Safety,10
2011,Carlton,Wholesale Trade,1
2011,Docklands,Food and Beverage Services,1
2011,Docklands,Education and Training,2
2011,Docklands,Other Services,2
2011,Docklands,Business Services,4
2011,Docklands,Public Administration and Safety,3
2011,Docklands,Retail Trade,4
2011,Docklands,Wholesale Trade,2
2011,East Melbourne,Food and Beverage Services,40
2011,East Melbourne,Arts and Recreation Services,1
2011,East Melbourne,Arts and Recreation Services,8
2011,East Melbourne,Finance and Insurance,10
2011,East Melbourne,Health Care and Social Assistance,16
2011,East Melbourne,Agriculture and Mining,1
2011,East Melbourne,Public Administration and Safety,7
2011,East Melbourne,Real Estate Services,7
2011,East Melbourne,Wholesale Trade,4
2011,Kensington,Information Media,6
2011,Kensington,Other Services,35
2011,Kensington,Business Services,1
2011,Kensington,"Transport, Postal and Storage",9
2011,Melbourne (CBD),Food Catering Services,63
2011,Melbourne (CBD),Arts and Recreation Services,26
2011,Melbourne (CBD),Arts and Recreation Services,12
2011,Melbourne (Remainder),Arts and Recreation Services,5
2011,Melbourne (Remainder),Other Services,2
2011,North Melbourne,Manufacturing,8
2011,North Melbourne,Business Services,2
2011,North Melbourne,"Transport, Postal and Storage",32
2011,Parkville,Education and Training,9
2011,Parkville,Public Administration and Safety,2
2011,Port Melbourne,Admin and Support Services,11
2011,Port Melbourne,Arts and Recreation Services,6
2011,Port Melbourne,Public Administration and Safety,3
2011,Southbank,Food Catering Services,8
2011,Southbank,Admin and Support Services,17
2011,Southbank,Manufacturing,7
2011,Southbank,Other Services,1
2011,Southbank,Other Services,29
2011,Southbank,Real Estate Services,2
2011,Southbank,Retail Trade,7
2011,Southbank,"Transport, Postal and Storage",8
2010,Carlton,Arts and Recreation Services,4
2010,Carlton,Arts and Recreation Services,14
2010,Carlton,Other Services,16
2010,Carlton,Wholesale Trade,3
2010,Carlton,Wholesale Trade,24
2010,Docklands,Rental and Hiring Services,3
2010,Docklands,"Transport, Postal and Storage",3
2010,East Melbourne,Food and Beverage Services,1
2010,East Melbourne,Food and Beverage Services,40
2010,East Melbourne,Education and Training,8
2010,East Melbourne,"Electricity, Gas, Water",2
2010,Kensington,Health Care and Social Assistance,2
2010,Kensington,Other Services,32
2010,Kensington,Business Services,14
2010,Melbourne (CBD),Food Catering Services,4
2010,Melbourne (CBD),Agriculture and Mining,3
2010,Melbourne (CBD),Health Care and Social Assistance,4
2010,Melbourne (CBD),Information Media,3
2010,Melbourne (CBD),Real Estate Services,141
2010,Melbourne (CBD),Rental and Hiring Services,22
2010,Melbourne (CBD),Retail Trade,64
2010,Melbourne (CBD),Retail Trade,1515
2010,Melbourne (Remainder),Food and Beverage Services,7
2010,Melbourne (Remainder),Arts and Recreation Services,5
2010,Melbourne (Remainder),Health Care and Social Assistance,59
2010,Melbourne (Remainder),Real Estate Services,9
2010,Parkville,"Electricity, Gas, Water",7
2010,Port Melbourne,Construction,36
2010,South Yarra,Education and Training,3
2010,Southbank,Admin and Support Services,15
2010,Southbank,Business Services,72
2010,West Melbourne (Industrial),Information Media,1
2010,West Melbourne (Industrial),Business Services,3
2010,West Melbourne (Residential),Arts and Recreation Services,8
2010,West Melbourne (Residential),"Transport, Postal and Storage",2
2009,Carlton,Health Care and Social Assistance,14
2009,Docklands,Food Catering Services,4
2009,Docklands,Health Care and Social Assistance,2
2009,East Melbourne,Food and Beverage Services,40
2009,East Melbourne,Finance and Insurance,7
2009,Kensington,Other Services,1
2009,Melbourne (CBD),Education and Training,3
2009,Melbourne (CBD),Finance and Insurance,7
2009,Melbourne (CBD),Health Care and Social Assistance,31
2009,Melbourne (CBD),"Transport, Postal and Storage",23
2009,Melbourne (Remainder),Other Services,3
2009,Melbourne (Remainder),Other Services,19
2009,Melbourne (Remainder),Public Administration and Safety,3
2009,North Melbourne,Arts and Recreation Services,5
2009,North Melbourne,Wholesale Trade,6
2009,Parkville,Health Care and Social Assistance,4
2009,Port Melbourne,"Transport, Postal and Storage",17
2009,Port Melbourne,Wholesale Trade,2
2009,Southbank,Admin and Support Services,15
2009,Southbank,Arts and Recreation Services,20
2009,Southbank,Agriculture and Mining,2
2009,Southbank,Other Services,12
2009,West Melbourne (Industrial),Wholesale Trade,170
2009,West Melbourne (Residential),Food Catering Services,4
2009,West Melbourne (Residential),Admin and Support Services,12
2009,West Melbourne (Residential),Business Services,1
2009,West Melbourne (Residential),Public Administration and Safety,3
2009,West Melbourne (Residential),"Transport, Postal and Storage",1
2008,Carlton,Arts and Recreation Services,15
2008,Carlton,Information Media,1
2008,Docklands,Arts and Recreation Services,6
2008,Docklands,Other Services,23
2008,Docklands,Public Administration and Safety,3
2008,East Melbourne,Health Care and Social Assistance,13
2008,East Melbourne,Health Care and Social Assistance,189
2008,Kensington,Admin and Support Services,1
2008,Kensington,Information Media,4
2008,Kensington,Other Services,1
2008,Kensington,Retail Trade,2
2008,Melbourne (CBD),Admin and Support Services,4
2008,Melbourne (CBD),Construction,63
2008,Melbourne (CBD),Education and Training,11
2008,Melbourne (CBD),Finance and Insurance,159
2008,Melbourne (CBD),Information Media,22
2008,Melbourne (CBD),Agriculture and Mining,6
2008,Melbourne (CBD),Business Services,281
2008,Melbourne (Remainder),Food Catering Services,1
2008,Melbourne (Remainder),Public Administration and Safety,3
2008,Melbourne (Remainder),"Transport, Postal and Storage",4
2008,North Melbourne,Arts and Recreation Services,4
2008,North Melbourne,Arts and Recreation Services,13
2008,North Melbourne,Education and Training,6
2008,North Melbourne,Health Care and Social Assistance,6
2008,North Melbourne,Real Estate Services,12
2008,Parkville,Admin and Support Services,2
2008,Parkville,Agriculture and Mining,1
2008,Port Melbourne,Food and Beverage Services,6
2008,Port Melbourne,"Electricity, Gas, Water",1
2008,Port Melbourne,Real Estate Services,1
2008,Port Melbourne,"Transport, Postal and Storage",17
2008,Southbank,Business Services,72
2008,Southbank,Real Estate Services,6
2008,Southbank,Rental and Hiring Services,1
2008,Southbank,"Transport, Postal and Storage",9
2008,West Melbourne (Industrial),Other Services,1
2004,Melbourne (CBD),Construction,12
2004,Melbourne (CBD),Finance and Insurance,399
2004,Melbourne (CBD),Health Care and Social Assistance,313
2004,Melbourne (CBD),Information Media,6
2004,Melbourne (Remainder),Arts and Recreation Services,1
2004,Melbourne (Remainder),Business Services,20
2004,North Melbourne,Food and Beverage Services,2
2004,North Melbourne,Manufacturing,68
2004,Parkville,Food Catering Services,7
2004,Parkville,Agriculture and Mining,1
2004,Parkville,"Transport, Postal and Storage",1
2004,Port Melbourne,Admin and Support Services,1
2004,Port Melbourne,Arts and Recreation Services,1
2004,Port Melbourne,Construction,4
2004,Port Melbourne,Education and Training,1
2004,Port Melbourne,Finance and Insurance,3
2004,Port Melbourne,Rental and Hiring Services,3
2004,Southbank,Food Catering Services,4
2004,Southbank,Food and Beverage Services,41
2004,Southbank,Other Services,5
2004,Southbank,Other Services,41
2004,West Melbourne (Residential),"Electricity, Gas, Water",7
2004,West Melbourne (Residential),"Electricity, Gas, Water",1
2004,West Melbourne (Residential),Finance and Insurance,2
2003,Carlton,Arts and Recreation Services,16
2003,Carlton,"Electricity, Gas, Water",15
2003,Carlton,"Transport, Postal and Storage",4
2003,East Melbourne,Arts and Recreation Services,14
2003,East Melbourne,Education and Training,6
2003,East Melbourne,Finance and Insurance,2
2003,East Melbourne,Information Media,1
2003,Kensington,Education and Training,1
2003,Melbourne (CBD),Education and Training,5
2003,Melbourne (CBD),Agriculture and Mining,3
2003,Melbourne (CBD),Retail Trade,13
2003,Melbourne (Remainder),Agriculture and Mining,1
2003,Melbourne (Remainder),Construction,3
2003,Melbourne (Remainder),"Electricity, Gas, Water",1
2003,Melbourne (Remainder),Wholesale Trade,5
2003,North Melbourne,Arts and Recreation Services,9
2003,Parkville,Food Catering Services,2
2003,Parkville,"Electricity, Gas, Water",1
2003,Parkville,Other Services,19
2003,Port Melbourne,Information Media,6
2003,Port Melbourne,"Transport, Postal and Storage",7
2003,Southbank,Information Media,22
2003,Southbank,Agriculture and Mining,2
2003,Southbank,Retail Trade,88
2003,West Melbourne (Industrial),Admin and Support Services,1
2003,West Melbourne (Industrial),Public Administration and Safety,2
2003,West Melbourne (Residential),"Transport, Postal and Storage",1
2002,Docklands,Food and Beverage Services,14
2002,Docklands,Business Services,1
2002,East Melbourne,"Electricity, Gas, Water",2
2002,East Melbourne,Finance and Insurance,3
2002,Kensington,Public Administration and Safety,1
2002,Melbourne (CBD),Manufacturing,2
2002,Melbourne (CBD),Real Estate Services,2
2002,Melbourne (CBD),Retail Trade,13
2002,Melbourne (Remainder),Arts and Recreation Services,22
2002,Melbourne (Remainder),"Transport, Postal and Storage",1
2002,North Melbourne,Food Catering Services,4
2002,North Melbourne,"Electricity, Gas, Water",1
2002,North Melbourne,Other Services,4
2002,North Melbourne,Business Services,1
2002,Parkville,Public Administration and Safety,2
2002,Port Melbourne,Food and Beverage Services,2
2002,Port Melbourne,Business Services,8
2002,Port Melbourne,Public Administration and Safety,1
2002,Southbank,Arts and Recreation Services,8
2002,Southbank,Public Administration and Safety,2
2002,Southbank,"Transport, Postal and Storage",4
2002,West Melbourne (Residential),Retail Trade,4
2023,City of Melbourne (total),Arts and Recreation Services,95
2023,City of Melbourne (total),Arts and Recreation Services,23
2023,City of Melbourne (total),Education and Training,329
2023,City of Melbourne (total),Business Services,83
2023,City of Melbourne (total),"Transport, Postal and Storage",51
2022,City of Melbourne (total),Information Media,69
2022,City of Melbourne (total),"Transport, Postal and Storage",17
2021,City of Melbourne (total),Admin and Support Services,6
2021,City of Melbourne (total),Finance and Insurance,210
2021,City of Melbourne (total),Information Media,75
2021,City of Melbourne (total),Retail Trade,1689
2020,City of Melbourne (total),Finance and Insurance,7
2020,City of Melbourne (total),"Transport, Postal and Storage",62
2019,City of Melbourne (total),Food Catering Services,53
2019,City of Melbourne (total),Food and Beverage Services,2452
2019,City of Melbourne (total),Information Media,27
2019,City of Melbourne (total),Real Estate Services,8
2019,City of Melbourne (total),Rental and Hiring Services,6
2019,City of Melbourne (total),Retail Trade,146
2019,City of Melbourne (total),Retail Trade,5
2018,City of Melbourne (total),Arts and Recreation Services,239
2018,City of Melbourne (total),Construction,13
2018,City of Melbourne (total),Information Media,79
2018,City of Melbourne (total),Manufacturing,63
2018,City of Melbourne (total),Public Administration and Safety,116
2018,City of Melbourne (total),Retail Trade,22
2018,City of Melbourne (total),Wholesale Trade,52
2017,City of Melbourne (total),Food Catering Services,142
2017,City of Melbourne (total),Agriculture and Mining,8
2017,City of Melbourne (total),"Electricity, Gas, Water",13
2017,City of Melbourne (total),Finance and Insurance,199
2017,City of Melbourne (total),Information Media,27
2017,City of Melbourne (total),Manufacturing,15
2017,City of Melbourne (total),Public Administration and Safety,9
2017,City of Melbourne (total),Retail Trade,30
2016,City of Melbourne (total),Food Catering Services,142
2016,City of Melbourne (total),Food Catering Services,86
2016,City of Melbourne (total),Food and Beverage Services,2359
2016,City of Melbourne (total),Arts and Recreation Services,18
2016,City of Melbourne (total),Finance and Insurance,4
2016,City of Melbourne (total),Information Media,83
2016,City of Melbourne (total),Information Media,28
2016,City of Melbourne (total),Manufacturing,432
2016,City of Melbourne (total),Public Administration and Safety,120
2016,City of Melbourne (total),Rental and Hiring Services,51
2016,City of Melbourne (total),Retail Trade,2236
2015,City of Melbourne (total),Arts and Recreation Services,270
2015,City of Melbourne (total),Construction,219
2015,City of Melbourne (total),Finance and Insurance,647
2015,City of Melbourne (total),Health Care and Social Assistance,120
2015,City of Melbourne (total),Real Estate Services,46
2014,City of Melbourne (total),Arts and Recreation Services,91
2014,City of Melbourne (total),Construction,223
2014,City of Melbourne (total),Construction,65
2014,City of Melbourne (total),Education and Training,311
2014,City of Melbourne (total),Health Care and Social Assistance,933
2014,City of Melbourne (total),Manufacturing,71
2014,City of Melbourne (total),Manufacturing,14
2014,City of Melbourne (total),Public Administration and Safety,100
2013,City of Melbourne (total),Food Catering Services,135
2013,City of Melbourne (total),Education and Training,306
2013,City of Melbourne (total),Finance and Insurance,7
2013,City of Melbourne (total),Information Media,16
2013,City of Melbourne (total),Public Administration and Safety,5
2013,City of Melbourne (total),Rental and Hiring Services,60
2012,City of Melbourne (total),Food Catering Services,140
2012,City of Melbourne (total),Food and Beverage Services,275
2012,City of Melbourne (total),Agriculture and Mining,12
2012,City of Melbourne (total),Agriculture and Mining,5
2012,City of Melbourne (total),Arts and Recreation Services,88
2012,City of Melbourne (total),Construction,8
2012,City of Melbourne (total),Construction,234
2012,City of Melbourne (total),Education and Training,10
2012,City of Melbourne (total),"Electricity, Gas, Water",6
2012,City of Melbourne (total),Finance and Insurance,674
2012,City of Melbourne (total),Information Media,202
2012,City of Melbourne (total),Retail Trade,101
2011,City of Melbourne (total),Construction,62
2011,City of Melbourne (total),Finance and Insurance,676
2011,City of Melbourne (total),Information Media,30
2011,City of Melbourne (total),Business Services,73
2011,City of Melbourne (total),Rental and Hiring Services,68
2011,City of Melbourne (total),Retail Trade,2439
2011,City of Melbourne (total),Retail Trade,7
2011,City of Melbourne (total),"Transport, Postal and Storage",55
2010,City of Melbourne (total),Agriculture and Mining,5
2010,City of Melbourne (total),"Electricity, Gas, Water",152
2010,City of Melbourne (total),Other Services,88
2010,City of Melbourne (total),Business Services,2067
2010,City of Melbourne (total),Public Administration and Safety,6
2010,City of Melbourne (total),Public Administration and Safety,109
2010,City of Melbourne (total),Retail Trade,27
2010,City of Melbourne (total),"Transport, Postal and Storage",75
2009,City of Melbourne (total),Food Catering Services,26
2009,City of Melbourne (total),Food and Beverage Services,15
2009,City of Melbourne (total),Food and Beverage Services,4
2009,City of Melbourne (total),Arts and Recreation Services,75
2009,City of Melbourne (total),Arts and Recreation Services,14
2009,City of Melbourne (total),Health Care and Social Assistance,10
2009,City of Melbourne (total),Information Media,248
2009,City of Melbourne (total),Retail Trade,2301
2009,City of Melbourne (total),Retail Trade,8
2008,City of Melbourne (total),Food and Beverage Services,12
2008,City of Melbourne (total),"Electricity, Gas, Water",8
2008,City of Melbourne (total),Health Care and Social Assistance,78
2008,City of Melbourne (total),Information Media,13
2008,City of Melbourne (total),Business Services,29
2008,City of Melbourne (total),Public Administration and Safety,45
2008,City of Melbourne (total),Rental and Hiring Services,1
2008,City of Melbourne (total),Retail Trade,10
2008,City of Melbourne (total),Wholesale Trade,79
2007,City of Melbourne (total),Construction,7
2007,City of Melbourne (total),Information Media,254
2007,City of Melbourne (total),Manufacturing,5
2007,City of Melbourne (total),Business Services,25
2007,City of Melbourne (total),Rental and Hiring Services,2
2006,City of Melbourne (total),Food and Beverage Services,229
2006,City of Melbourne (total),Education and Training,213
2006,City of Melbourne (total),"Electricity, Gas, Water",146
2006,City of Melbourne (total),Agriculture and Mining,3
2006,City of Melbourne (total),Wholesale Trade,80
2005,City of Melbourne (total),Food and Beverage Services,220
2005,City of Melbourne (total),"Electricity, Gas, Water",141
2005,City of Melbourne (total),Finance and Insurance,53
2005,City of Melbourne (total),Manufacturing,444
2005,City of Melbourne (total),Business Services,42
2005,City of Melbourne (total),Public Administration and Safety,107
2004,City of Melbourne (total),Food Catering Services,6
2004,City of Melbourne (total),Admin and Support Services,570
2004,City of Melbourne (total),Arts and Recreation Services,155
2004,City of Melbourne (total),Construction,4
2004,City of Melbourne (total),Manufacturing,11
2004,City of Melbourne (total),Real Estate Services,6
2004,City of Melbourne (total),Retail Trade,31
2004,City of Melbourne (total),Wholesale Trade,504
2003,City of Melbourne (total),Construction,4
2003,City of Melbourne (total),Wholesale Trade,500
2002,City of Melbourne (total),Arts and Recreation Services,11
2002,City of Melbourne (total),Other Services,108
2002,City of Melbourne (total),Retail Trade,90
2008,West Melbourne (Industrial),Wholesale Trade,1
2008,West Melbourne (Residential),Admin and Support Services,1
2008,West Melbourne (Residential),Admin and Support Services,10
2008,West Melbourne (Residential),Construction,3
2008,West Melbourne (Residential),Health Care and Social Assistance,12
2008,West Melbourne (Residential),Information Media,4
2008,West Melbourne (Residential),Manufacturing,5
2008,West Melbourne (Residential),Business Services,1
2008,West Melbourne (Residential),Real Estate Services,1
2008,West Melbourne (Residential),Real Estate Services,1
2007,Carlton,Education and Training,4
2007,Carlton,Public Administration and Safety,10
2007,Docklands,Construction,3
2007,East Melbourne,Health Care and Social Assistance,5
2007,East Melbourne,Health Care and Social Assistance,189
2007,East Melbourne,Information Media,3
2007,East Melbourne,Manufacturing,1
2007,East Melbourne,Manufacturing,4
2007,East Melbourne,Other Services,37
2007,East Melbourne,Business Services,68
2007,Kensington,Information Media,1
2007,Melbourne (CBD),Food Catering Services,4
2007,Melbourne (CBD),Agriculture and Mining,34
2007,Melbourne (CBD),Real Estate Services,5
2007,Melbourne (Remainder),Information Media,4
2007,Melbourne (Remainder),Retail Trade,1
2007,Melbourne (Remainder),"Transport, Postal and Storage",1
2007,North Melbourne,Food Catering Services,11
2007,North Melbourne,"Electricity, Gas, Water",26
2007,North Melbourne,Information Media,4
2007,North Melbourne,Manufacturing,69
2007,Port Melbourne,Arts and Recreation Services,2
2007,Port Melbourne,Public Administration and Safety,1
2007,Port Melbourne,Real Estate Services,1
2007,South Yarra,Education and Training,3
2007,Southbank,Construction,4
2007,Southbank,Information Media,22
2007,West Melbourne (Industrial),Arts and Recreation Services,7
2007,West Melbourne (Industrial),"Transport, Postal and Storage",19
2007,West Melbourne (Residential),Real Estate Services,1
2007,West Melbourne (Residential),Wholesale Trade,42
2006,Carlton,Food Catering Services,5
2006,Docklands,Business Services,3
2006,East Melbourne,Food and Beverage Services,1
2006,East Melbourne,Food and Beverage Services,30
2006,East Melbourne,Admin and Support Services,10
2006,East Melbourne,Health Care and Social Assistance,151
2006,East Melbourne,Retail Trade,2
2006,East Melbourne,Retail Trade,16
2006,East Melbourne,Wholesale Trade,2
2006,Kensington,Arts and Recreation Services,2
2006,Kensington,Manufacturing,7
2006,Kensington,Business Services,8
2006,Kensington,Wholesale Trade,14
2006,Melbourne (CBD),Food Catering Services,4
2006,Melbourne (CBD),Food and Beverage Services,133
2006,Melbourne (CBD),Food Catering Services,4
2006,Melbourne (CBD),Construction,12
2006,Melbourne (CBD),"Electricity, Gas, Water",10
2006,Melbourne (CBD),Health Care and Social Assistance,19
2006,Melbourne (CBD),Information Media,147
2006,Melbourne (CBD),Retail Trade,10
2006,Melbourne (Remainder),Admin and Support Services,22
2006,Melbourne (Remainder),Construction,5
2006,Melbourne (Remainder),Education and Training,2
2006,Melbourne (Remainder),"Electricity, Gas, Water",3
2006,Melbourne (Remainder),Wholesale Trade,8
2006,North Melbourne,Rental and Hiring Services,2
2006,Parkville,Retail Trade,17
2006,Port Melbourne,Admin and Support Services,1
2006,Southbank,Agriculture and Mining,3
2006,Southbank,Other Services,45
2006,Southbank,Business Services,4
2006,Southbank,"Transport, Postal and Storage",4
2006,West Melbourne (Industrial),Agriculture and Mining,1
2006,West Melbourne (Industrial),"Electricity, Gas, Water",2
2006,West Melbourne (Industrial),"Transport, Postal and Storage",4
2005,Carlton,Admin and Support Services,31
2005,Docklands,Food Catering Services,1
2005,Docklands,Admin and Support Services,1
2005,Docklands,Finance and Insurance,3
2005,East Melbourne,Admin and Support Services,10
2005,East Melbourne,Arts and Recreation Services,17
2005,East Melbourne,Other Services,6
2005,Kensington,Real Estate Services,1
2005,Melbourne (CBD),Education and Training,48
2005,Melbourne (CBD),Manufacturing,261
2005,Melbourne (Remainder),Other Services,22
2005,Melbourne (Remainder),"Transport, Postal and Storage",1
2005,Melbourne (Remainder),"Transport, Postal and Storage",7
2005,Melbourne (Remainder),Wholesale Trade,3
2005,North Melbourne,Admin and Support Services,17
2005,North Melbourne,Arts and Recreation Services,12
2005,North Melbourne,Retail Trade,94
2005,Parkville,Admin and Support Services,3
2005,Parkville,Other Services,2
2005,Port Melbourne,Manufacturing,15
2005,Port Melbourne,Public Administration and Safety,1
2005,South Yarra,Food and Beverage Services,3
2005,South Yarra,Health Care and Social Assistance,4
2005,Southbank,Food Catering Services,4
2005,Southbank,Agriculture and Mining,1
2005,Southbank,Arts and Recreation Services,8
2005,Southbank,"Electricity, Gas, Water",2
2005,Southbank,"Electricity, Gas, Water",18
2005,Southbank,Manufacturing,3
2005,Southbank,Manufacturing,5
2005,West Melbourne (Industrial),Manufacturing,7
2005,West Melbourne (Industrial),"Transport, Postal and Storage",24
2005,West Melbourne (Residential),Food and Beverage Services,1
2005,West Melbourne (Residential),Food Catering Services,6
2005,West Melbourne (Residential),Information Media,5
2005,West Melbourne (Residential),Other Services,4
2005,West Melbourne (Residential),Real Estate Services,3
2004,Carlton,Food Catering Services,5
2004,Carlton,Arts and Recreation Services,16
2004,Carlton,Education and Training,15
2004,Carlton,Information Media,9
2004,Carlton,Real Estate Services,1
2004,Carlton,Real Estate Services,17
2004,Carlton,"Transport, Postal and Storage",7
2004,Carlton,Wholesale Trade,4
2004,Docklands,Food Catering Services,2
2004,Docklands,Food Catering Services,1
2004,Docklands,Education and Training,2
2004,Docklands,Public Administration and Safety,3
2004,Kensington,Wholesale Trade,2
2004,Melbourne (CBD),Admin and Support Services,81
2004,Melbourne (CBD),Admin and Support Services,6
2004,Melbourne (CBD),Education and Training,103
2004,Melbourne (CBD),Manufacturing,2
2004,Melbourne (CBD),Agriculture and Mining,3
2004,Melbourne (CBD),Real Estate Services,6
2004,Melbourne (CBD),Retail Trade,64
2004,Melbourne (CBD),Retail Trade,20
2004,Melbourne (CBD),"Transport, Postal and Storage",5
2004,Melbourne (CBD),"Transport, Postal and Storage",78
2004,Melbourne (Remainder),Food and Beverage Services,20
2004,Melbourne (Remainder),Food Catering Services,1
2004,Melbourne (Remainder),Admin and Support Services,1
2004,Melbourne (Remainder),Finance and Insurance,10
2004,Melbourne (Remainder),Agriculture and Mining,2
2004,Melbourne (Remainder),Other Services,4
2004,Melbourne (Remainder),"Transport, Postal and Storage",1
2004,Melbourne (Remainder),Wholesale Trade,4
2004,North Melbourne,Health Care and Social Assistance,3
2004,North Melbourne,Information Media,26
2004,North Melbourne,Public Administration and Safety,1
2004,North Melbourne,Retail Trade,2
2004,North Melbourne,"Transport, Postal and Storage",5
2004,North Melbourne,Wholesale Trade,57
2004,Parkville,Food and Beverage Services,28
2004,Parkville,"Electricity, Gas, Water",7
2004,Parkville,Manufacturing,1
2004,Parkville,Manufacturing,2
2004,Parkville,Public Administration and Safety,1
2004,Parkville,Retail Trade,1
2004,Parkville,Retail Trade,17
2004,Port Melbourne,Manufacturing,5
2004,Port Melbourne,Retail Trade,11
2004,South Yarra,Food Catering Services,1
2004,South Yarra,Public Administration and Safety,1
2004,Southbank,Arts and Recreation Services,8
2004,Southbank,"Electricity, Gas, Water",18
2004,Southbank,Business Services,29
2004,Southbank,Rental and Hiring Services,1
2004,Southbank,Real Estate Services,1
2004,West Melbourne (Industrial),Arts and Recreation Services,6
2004,West Melbourne (Industrial),Arts and Recreation Services,1
2004,West Melbourne (Industrial),Manufacturing,5
2004,West Melbourne (Industrial),Rental and Hiring Services,14
2004,West Melbourne (Residential),Admin and Support Services,5
2004,West Melbourne (Residential),Admin and Support Services,19
2004,West Melbourne (Residential),Education and Training,3
2004,West Melbourne (Residential),Education and Training,5
2004,West Melbourne (Residential),Other Services,2
2004,West Melbourne (Residential),Business Services,2
2004,West Melbourne (Residential),Public Administration and Safety,2
2004,West Melbourne (Residential),"Transport, Postal and Storage",21
2003,Carlton,Construction,4
2003,Carlton,Information Media,1
2003,Carlton,Manufacturing,29
2003,Docklands,Retail Trade,1
2003,Docklands,"Transport, Postal and Storage",5
2003,East Melbourne,Food Catering Services,2
2003,East Melbourne,Food and Beverage Services,1
2003,East Melbourne,Arts and Recreation Services,5
2003,East Melbourne,Construction,4
2003,East Melbourne,Health Care and Social Assistance,6
2003,East Melbourne,Health Care and Social Assistance,85
2003,East Melbourne,Other Services,38
2003,East Melbourne,"Transport, Postal and Storage",2
2003,Kensington,Public Administration and Safety,2
2003,Melbourne (CBD),Food Catering Services,37
2003,Melbourne (CBD),Food Catering Services,5
2003,Melbourne (CBD),Food and Beverage Services,802
2003,Melbourne (CBD),Agriculture and Mining,6
2003,Melbourne (CBD),Arts and Recreation Services,16
2003,Melbourne (CBD),Other Services,501
2003,Melbourne (CBD),Retail Trade,7
2003,Melbourne (CBD),"Transport, Postal and Storage",24
2003,Melbourne (CBD),Wholesale Trade,115
2003,Melbourne (Remainder),Admin and Support Services,23
2003,Melbourne (Remainder),Business Services,18
2003,Melbourne (Remainder),Business Services,75
2003,Melbourne (Remainder),Retail Trade,1
2003,North Melbourne,Food Catering Services,3
2003,North Melbourne,Admin and Support Services,27
2003,North Melbourne,Finance and Insurance,3
2003,North Melbourne,Health Care and Social Assistance,1
2003,North Melbourne,Information Media,3
2003,North Melbourne,Other Services,112
2003,North Melbourne,"Transport, Postal and Storage",33
2003,Parkville,"Electricity, Gas, Water",7
2003,Parkville,Finance and Insurance,5
2003,Parkville,Health Care and Social Assistance,2
2003,Port Melbourne,Manufacturing,12
2003,Port Melbourne,Public Administration and Safety,1
2003,Port Melbourne,Retail Trade,3
2003,Port Melbourne,"Transport, Postal and Storage",4
2003,South Yarra,Food Catering Services,7
2003,South Yarra,Health Care and Social Assistance,5
2003,Southbank,Admin and Support Services,12
2003,Southbank,Arts and Recreation Services,8
2003,Southbank,Construction,4
2003,Southbank,Education and Training,5
2003,West Melbourne (Industrial),"Electricity, Gas, Water",7
2003,West Melbourne (Industrial),Other Services,1
2003,West Melbourne (Industrial),"Transport, Postal and Storage",2
2003,West Melbourne (Residential),Food Catering Services,6
2003,West Melbourne (Residential),Arts and Recreation Services,1
2003,West Melbourne (Residential),Finance and Insurance,3
2003,West Melbourne (Residential),Manufacturing,1
2003,West Melbourne (Residential),Other Services,2
2003,West Melbourne (Residential),Business Services,80
2002,Carlton,Food Catering Services,16
2002,Carlton,Education and Training,15
2002,Carlton,Finance and Insurance,8
2002,Carlton,Information Media,1
2002,Carlton,Other Services,6
2002,Carlton,Business Services,1
2002,Carlton,Business Services,13
2002,Carlton,Public Administration and Safety,6
2002,Carlton,Rental and Hiring Services,2
2002,Carlton,Wholesale Trade,2
2002,Docklands,Admin and Support Services,1
2002,Docklands,Arts and Recreation Services,2
2002,Docklands,"Electricity, Gas, Water",1
2002,Docklands,Manufacturing,2
2002,Docklands,Other Services,12
2002,Docklands,Public Administration and Safety,1
2002,Docklands,"Transport, Postal and Storage",5
2002,Docklands,Wholesale Trade,2
2002,East Melbourne,Food Catering Services,5
2002,East Melbourne,"Electricity, Gas, Water",5
2002,East Melbourne,Health Care and Social Assistance,137
2002,East Melbourne,Business Services,19
2002,East Melbourne,Public Administration and Safety,1
2002,East Melbourne,Real Estate Services,4
2002,East Melbourne,"Transport, Postal and Storage",2
2002,Kensington,Food and Beverage Services,1
2002,Kensington,Real Estate Services,1
2002,Melbourne (CBD),"Electricity, Gas, Water",4
2002,Melbourne (CBD),Information Media,19
2002,Melbourne (CBD),Agriculture and Mining,3
2002,Melbourne (CBD),Public Administration and Safety,25
2002,Melbourne (CBD),Public Administration and Safety,70
2002,Melbourne (CBD),Retail Trade,7
2002,Melbourne (CBD),Retail Trade,60
2002,Melbourne (CBD),Retail Trade,1237
2002,Melbourne (CBD),"Transport, Postal and Storage",13
2002,Melbourne (Remainder),Food and Beverage Services,5
2002,Melbourne (Remainder),Education and Training,5
2002,Melbourne (Remainder),Finance and Insurance,10
2002,Melbourne (Remainder),Business Services,75
2002,Melbourne (Remainder),Public Administration and Safety,2
2002,Melbourne (Remainder),Wholesale Trade,5
2002,North Melbourne,Food and Beverage Services,3
2002,North Melbourne,"Electricity, Gas, Water",21
2002,North Melbourne,Manufacturing,8
2002,North Melbourne,Rental and Hiring Services,8
2002,Parkville,Food Catering Services,10
2002,Parkville,Arts and Recreation Services,13
2002,Parkville,Public Administration and Safety,1
2002,Parkville,"Transport, Postal and Storage",3
2002,Port Melbourne,Arts and Recreation Services,5
2002,Port Melbourne,Education and Training,1
2002,Port Melbourne,Information Media,1
2002,Port Melbourne,Manufacturing,19
2002,Port Melbourne,Public Administration and Safety,1
2002,Port Melbourne,Wholesale Trade,3
2002,South Yarra,Food Catering Services,1
2002,South Yarra,"Electricity, Gas, Water",6
2002,Southbank,Construction,4
2002,Southbank,Finance and Insurance,1
2002,Southbank,Health Care and Social Assistance,1
2002,Southbank,Manufacturing,1
2002,Southbank,Business Services,29
2002,Southbank,Retail Trade,88
2002,West Melbourne (Industrial),"Electricity, Gas, Water",1
2002,West Melbourne (Industrial),"Transport, Postal and Storage",36
2002,West Melbourne (Industrial),Wholesale Trade,176
2002,West Melbourne (Residential),Food and Beverage Services,1
2002,West Melbourne (Residential),Food Catering Services,3
2002,West Melbourne (Residential),Admin and Support Services,19
2002,West Melbourne (Residential),Construction,2
2002,West Melbourne (Residential),"Electricity, Gas, Water",8
2002,West Melbourne (Residential),Information Media,12
2002,West Melbourne (Residential),Public Administration and Safety,4
2002,West Melbourne (Residential),Rental and Hiring Services,1
2002,West Melbourne (Residential),Retail Trade,43
2002,West Melbourne (Residential),"Transport, Postal and Storage",2
2002,West Melbourne (Residential),"Transport, Postal and Storage",18
2023,City of Melbourne (total),Food Catering Services,68
2023,City of Melbourne (total),Agriculture and Mining,3
2023,City of Melbourne (total),"Electricity, Gas, Water",150
2023,City of Melbourne (total),"Electricity, Gas, Water",28
2023,City of Melbourne (total),Health Care and Social Assistance,858
2023,City of Melbourne (total),Manufacturing,67
2023,City of Melbourne (total),Agriculture and Mining,4
2023,City of Melbourne (total),Rental and Hiring Services,1
2023,City of Melbourne (total),Retail Trade,22
2022,City of Melbourne (total),Food Catering Services,91
2022,City of Melbourne (total),"Electricity, Gas, Water",23
2022,City of Melbourne (total),Finance and Insurance,8
2022,City of Melbourne (total),Information Media,20
2022,City of Melbourne (total),Manufacturing,332
2022,City of Melbourne (total),Business Services,80
2022,City of Melbourne (total),Public Administration and Safety,61
2022,City of Melbourne (total),Real Estate Services,67
2022,City of Melbourne (total),Rental and Hiring Services,1
2022,City of Melbourne (total),Wholesale Trade,247
2022,City of Melbourne (total),Wholesale Trade,40
2021,City of Melbourne (total),Food and Beverage Services,28
2021,City of Melbourne (total),Food and Beverage Services,6
2021,City of Melbourne (total),Agriculture and Mining,8
2021,City of Melbourne (total),Construction,90
2021,City of Melbourne (total),Education and Training,236
2021,City of Melbourne (total),Other Services,158
2021,City of Melbourne (total),Public Administration and Safety,55
2021,City of Melbourne (total),Real Estate Services,68
2020,City of Melbourne (total),Food and Beverage Services,274
2020,City of Melbourne (total),Admin and Support Services,359
2020,City of Melbourne (total),Education and Training,23
2020,City of Melbourne (total),Information Media,71
2020,City of Melbourne (total),Other Services,163
2020,City of Melbourne (total),Public Administration and Safety,135
2020,City of Melbourne (total),Retail Trade,5
2020,City of Melbourne (total),Wholesale Trade,6
2019,City of Melbourne (total),Admin and Support Services,434
2019,City of Melbourne (total),Arts and Recreation Services,94
2019,City of Melbourne (total),Construction,18
2019,City of Melbourne (total),Construction,5
2019,City of Melbourne (total),Education and Training,26
2019,City of Melbourne (total),Manufacturing,14
2019,City of Melbourne (total),Public Administration and Safety,6
2019,City of Melbourne (total),Wholesale Trade,321
2018,City of Melbourne (total),Food and Beverage Services,8
2018,City of Melbourne (total),Admin and Support Services,12
2018,City of Melbourne (total),Agriculture and Mining,5
2018,City of Melbourne (total),Other Services,1322
2018,City of Melbourne (total),Rental and Hiring Services,1
2018,City of Melbourne (total),Wholesale Trade,4
2017,City of Melbourne (total),Arts and Recreation Services,235
2017,City of Melbourne (total),Health Care and Social Assistance,958
2017,City of Melbourne (total),Information Media,20
2017,City of Melbourne (total),Manufacturing,435
2017,City of Melbourne (total),Public Administration and Safety,103
2017,City of Melbourne (total),Public Administration and Safety,115
2017,City of Melbourne (total),Retail Trade,2222
2016,City of Melbourne (total),Health Care and Social Assistance,140
2016,City of Melbourne (total),Manufacturing,13
2016,City of Melbourne (total),Retail Trade,33
2015,City of Melbourne (total),Food Catering Services,10
2015,City of Melbourne (total),Construction,4
2015,City of Melbourne (total),Health Care and Social Assistance,18
2015,City of Melbourne (total),Manufacturing,450
2015,City of Melbourne (total),Other Services,195
2015,City of Melbourne (total),Other Services,1227
2015,City of Melbourne (total),Public Administration and Safety,2
2015,City of Melbourne (total),Rental and Hiring Services,11
2015,City of Melbourne (total),Retail Trade,34
2015,City of Melbourne (total),Retail Trade,102
2015,City of Melbourne (total),"Transport, Postal and Storage",55
2015,City of Melbourne (total),Wholesale Trade,99
2015,City of Melbourne (total),Wholesale Trade,7
2014,City of Melbourne (total),Food and Beverage Services,2217
2014,City of Melbourne (total),Finance and Insurance,7
2014,City of Melbourne (total),Finance and Insurance,193
2014,City of Melbourne (total),Health Care and Social Assistance,19
2014,City of Melbourne (total),Information Media,29
2014,City of Melbourne (total),Retail Trade,2333
2014,City of Melbourne (total),"Transport, Postal and Storage",53
2014,City of Melbourne (total),"Transport, Postal and Storage",199
2013,City of Melbourne (total),Food Catering Services,37
2013,City of Melbourne (total),Food Catering Services,79
2013,City of Melbourne (total),Admin and Support Services,16
2013,City of Melbourne (total),Admin and Support Services,560
2013,City of Melbourne (total),Agriculture and Mining,5
2013,City of Melbourne (total),Construction,250
2013,City of Melbourne (total),Rental and Hiring Services,8
2013,City of Melbourne (total),Retail Trade,37
2012,City of Melbourne (total),Admin and Support Services,14
2012,City of Melbourne (total),Education and Training,178
2012,City of Melbourne (total),"Electricity, Gas, Water",148
2012,City of Melbourne (total),Business Services,493
2012,City of Melbourne (total),Real Estate Services,13
2012,City of Melbourne (total),Real Estate Services,255
2012,City of Melbourne (total),Rental and Hiring Services,61
2012,City of Melbourne (total),"Transport, Postal and Storage",200
2011,City of Melbourne (total),Food Catering Services,8
2011,City of Melbourne (total),"Electricity, Gas, Water",15
2011,City of Melbourne (total),Information Media,12
2011,City of Melbourne (total),Information Media,224
2011,City of Melbourne (total),Information Media,78
2011,City of Melbourne (total),Agriculture and Mining,47
2011,City of Melbourne (total),Other Services,1145
2011,City of Melbourne (total),Business Services,14
2011,City of Melbourne (total),Public Administration and Safety,3
2011,City of Melbourne (total),Public Administration and Safety,130
2011,City of Melbourne (total),Real Estate Services,2
2011,City of Melbourne (total),Rental and Hiring Services,1
2010,City of Melbourne (total),Food Catering Services,74
2010,City of Melbourne (total),Arts and Recreation Services,279
2010,City of Melbourne (total),"Electricity, Gas, Water",18
2010,City of Melbourne (total),Manufacturing,68
2010,City of Melbourne (total),Agriculture and Mining,4
2010,City of Melbourne (total),Public Administration and Safety,134
2010,City of Melbourne (total),Retail Trade,2314
2010,City of Melbourne (total),Retail Trade,7
2010,City of Melbourne (total),Wholesale Trade,10
2009,City of Melbourne (total),Food Catering Services,74
2009,City of Melbourne (total),Admin and Support Services,12
2009,City of Melbourne (total),Arts and Recreation Services,197
2009,City of Melbourne (total),"Electricity, Gas, Water",153
2009,City of Melbourne (total),Finance and Insurance,199
2009,City of Melbourne (total),Health Care and Social Assistance,889
2009,City of Melbourne (total),Other Services,92
2009,City of Melbourne (total),Business Services,22
2009,City of Melbourne (total),Real Estate Services,4
2009,City of Melbourne (total),Wholesale Trade,96
2008,City of Melbourne (total),Food Catering Services,137
2008,City of Melbourne (total),Food Catering Services,74
2008,City of Melbourne (total),Food and Beverage Services,246
2008,City of Melbourne (total),Agriculture and Mining,5
2008,City of Melbourne (total),Arts and Recreation Services,73
2008,City of Melbourne (total),Construction,7
2008,City of Melbourne (total),"Electricity, Gas, Water",16
2008,City of Melbourne (total),Finance and Insurance,9
2008,City of Melbourne (total),Finance and Insurance,51
2008,City of Melbourne (total),Health Care and Social Assistance,848
2008,City of Melbourne (total),Health Care and Social Assistance,17
2008,City of Melbourne (total),Real Estate Services,223
2008,City of Melbourne (total),"Transport, Postal and Storage",54
2007,City of Melbourne (total),Arts and Recreation Services,186
2007,City of Melbourne (total),Construction,155
2007,City of Melbourne (total),Education and Training,11
2007,City of Melbourne (total),"Electricity, Gas, Water",11
2007,City of Melbourne (total),Finance and Insurance,50
2007,City of Melbourne (total),Health Care and Social Assistance,72
2007,City of Melbourne (total),Manufacturing,14
2007,City of Melbourne (total),"Transport, Postal and Storage",82
2007,City of Melbourne (total),Wholesale Trade,76
2006,City of Melbourne (total),Food Catering Services,64
2006,City of Melbourne (total),Construction,37
2006,City of Melbourne (total),Finance and Insurance,50
2006,City of Melbourne (total),Business Services,1916
2006,City of Melbourne (total),Retail Trade,2102
2006,City of Melbourne (total),Wholesale Trade,5
2005,City of Melbourne (total),Food Catering Services,63
2005,City of Melbourne (total),Food and Beverage Services,1469
2005,City of Melbourne (total),Admin and Support Services,6
2005,City of Melbourne (total),Construction,5
2005,City of Melbourne (total),Education and Training,102
2005,City of Melbourne (total),Finance and Insurance,563
2005,City of Melbourne (total),Manufacturing,5
2005,City of Melbourne (total),Manufacturing,58
2005,City of Melbourne (total),Other Services,5
2005,City of Melbourne (total),"Transport, Postal and Storage",14
2005,City of Melbourne (total),Wholesale Trade,5
2004,City of Melbourne (total),Information Media,83
2004,City of Melbourne (total),Other Services,76
2004,City of Melbourne (total),Public Administration and Safety,3
2003,City of Melbourne (total),Food Catering Services,121
2003,City of Melbourne (total),Food Catering Services,58
2003,City of Melbourne (total),Agriculture and Mining,12
2003,City of Melbourne (total),Agriculture and Mining,3
2003,City of Melbourne (total),Education and Training,185
2003,City of Melbourne (total),"Electricity, Gas, Water",5
2003,City of Melbourne (total),Finance and Insurance,7
2003,City of Melbourne (total),Information Media,235
2003,City of Melbourne (total),Rental and Hiring Services,1
2002,City of Melbourne (total),Food Catering Services,7
2002,City of Melbourne (total),Food and Beverage Services,1214
2002,City of Melbourne (total),Construction,32
2002,City of Melbourne (total),"Electricity, Gas, Water",5
2002,City of Melbourne (total),Finance and Insurance,48
2002,City of Melbourne (total),Business Services,42
2002,City of Melbourne (total),Public Administration and Safety,90
2002,City of Melbourne (total),"Transport, Postal and Storage",67
2002,City of Melbourne (total),Wholesale Trade,53
2002,City of Melbourne (total),Wholesale Trade,5
2008,West Melbourne (Residential),Finance and Insurance,2
2008,West Melbourne (Residential),Health Care and Social Assistance,3
2008,West Melbourne (Residential),Business Services,14
2008,West Melbourne (Residential),Rental and Hiring Services,1
2008,West Melbourne (Residential),"Transport, Postal and Storage",1
2007,Carlton,Food and Beverage Services,2
2007,Carlton,Food and Beverage Services,184
2007,Carlton,Education and Training,51
2007,Carlton,"Electricity, Gas, Water",15
2007,Carlton,Other Services,21
2007,Carlton,Other Services,120
2007,Carlton,Business Services,131
2007,Carlton,Retail Trade,5
2007,Docklands,Food and Beverage Services,1
2007,Docklands,Arts and Recreation Services,3
2007,Docklands,Education and Training,2
2007,Docklands,Information Media,3
2007,Docklands,Manufacturing,1
2007,Docklands,Other Services,23
2007,Docklands,Rental and Hiring Services,3
2007,Docklands,"Transport, Postal and Storage",9
2007,East Melbourne,Arts and Recreation Services,16
2007,East Melbourne,Finance and Insurance,7
2007,East Melbourne,Other Services,11
2007,East Melbourne,Other Services,5
2007,East Melbourne,Public Administration and Safety,8
2007,Kensington,"Electricity, Gas, Water",5
2007,Kensington,Health Care and Social Assistance,9
2007,Kensington,Business Services,8
2007,Melbourne (CBD),Food Catering Services,44
2007,Melbourne (CBD),Construction,10
2007,Melbourne (CBD),Education and Training,68
2007,Melbourne (CBD),Finance and Insurance,495
2007,Melbourne (CBD),Manufacturing,1
2007,Melbourne (CBD),Other Services,2
2007,Melbourne (CBD),Retail Trade,9
2007,Melbourne (CBD),Wholesale Trade,1
2007,Melbourne (Remainder),Education and Training,3
2007,Melbourne (Remainder),"Electricity, Gas, Water",3
2007,Melbourne (Remainder),Agriculture and Mining,1
2007,Melbourne (Remainder),Business Services,28
2007,Melbourne (Remainder),Wholesale Trade,8
2007,North Melbourne,Food and Beverage Services,2
2007,North Melbourne,Health Care and Social Assistance,1
2007,North Melbourne,Manufacturing,8
2007,North Melbourne,Business Services,2
2007,North Melbourne,Wholesale Trade,2
2007,North Melbourne,Wholesale Trade,73
2007,Parkville,Food Catering Services,1
2007,Parkville,Arts and Recreation Services,22
2007,Parkville,Health Care and Social Assistance,3
2007,Port Melbourne,Arts and Recreation Services,5
2007,Port Melbourne,Health Care and Social Assistance,2
2007,Port Melbourne,Retail Trade,19
2007,Southbank,"Electricity, Gas, Water",1
2007,Southbank,Business Services,59
2007,West Melbourne (Industrial),Construction,3
2007,West Melbourne (Industrial),"Electricity, Gas, Water",4
2007,West Melbourne (Industrial),"Electricity, Gas, Water",8
2007,West Melbourne (Residential),Arts and Recreation Services,9
2007,West Melbourne (Residential),Public Administration and Safety,2
2007,West Melbourne (Residential),Retail Trade,48
2006,Carlton,Public Administration and Safety,9
2006,Carlton,Real Estate Services,18
2006,Carlton,Rental and Hiring Services,2
2006,Docklands,Information Media,3
2006,Docklands,Business Services,1
2006,Docklands,"Transport, Postal and Storage",8
2006,Docklands,"Transport, Postal and Storage",4
2006,East Melbourne,Education and Training,10
2006,East Melbourne,Education and Training,5
2006,East Melbourne,Finance and Insurance,1
2006,East Melbourne,Public Administration and Safety,7
2006,North Melbourne,Construction,1
2006,North Melbourne,Other Services,12
2006,North Melbourne,"Transport, Postal and Storage",5
2006,Parkville,Food Catering Services,10
2006,Parkville,Education and Training,6
2006,Parkville,Health Care and Social Assistance,2
2006,Parkville,Health Care and Social Assistance,1
2006,Parkville,Information Media,2
2006,Parkville,Other Services,19
2006,Port Melbourne,Other Services,1
2006,Southbank,Information Media,5
2006,West Melbourne (Industrial),Business Services,3
2006,West Melbourne (Industrial),Wholesale Trade,201
2006,West Melbourne (Residential),Health Care and Social Assistance,4
2006,West Melbourne (Residential),Other Services,5
2006,West Melbourne (Residential),Public Administration and Safety,1
2006,West Melbourne (Residential),Public Administration and Safety,3
2006,West Melbourne (Residential),Retail Trade,3
2005,Carlton,Food and Beverage Services,18
2005,Carlton,Food and Beverage Services,2
2005,Carlton,Admin and Support Services,4
2005,Carlton,Admin and Support Services,1
2005,Carlton,Arts and Recreation Services,17
2005,Carlton,Education and Training,4
2005,Carlton,Real Estate Services,18
2005,Carlton,Wholesale Trade,24
2005,Docklands,Manufacturing,1
2005,Docklands,Business Services,1
2005,Kensington,Wholesale Trade,16
2005,North Melbourne,Business Services,122
2005,North Melbourne,Wholesale Trade,2
2005,Parkville,Arts and Recreation Services,3
2005,Parkville,Education and Training,5
2005,Parkville,Health Care and Social Assistance,5
2005,Port Melbourne,Admin and Support Services,9
2005,Port Melbourne,Arts and Recreation Services,5
2005,Port Melbourne,Information Media,1
2005,Southbank,Finance and Insurance,9
2005,Southbank,Health Care and Social Assistance,2
2005,Southbank,Other Services,41
2005,Southbank,Public Administration and Safety,2
2005,Southbank,Public Administration and Safety,6
2005,Southbank,"Transport, Postal and Storage",1
2005,Southbank,"Transport, Postal and Storage",4
2005,Southbank,Wholesale Trade,19
2005,West Melbourne (Industrial),Construction,4
2005,West Melbourne (Industrial),"Electricity, Gas, Water",7
2005,West Melbourne (Industrial),Finance and Insurance,1
2005,West Melbourne (Industrial),Other Services,2
2005,West Melbourne (Industrial),Business Services,1
2005,West Melbourne (Industrial),Retail Trade,2
2005,West Melbourne (Industrial),"Transport, Postal and Storage",24
2005,West Melbourne (Industrial),Wholesale Trade,201
2005,West Melbourne (Residential),Food Catering Services,1
2005,West Melbourne (Residential),Arts and Recreation Services,1
2005,West Melbourne (Residential),"Electricity, Gas, Water",1
2005,West Melbourne (Residential),Retail Trade,1
2005,West Melbourne (Residential),Retail Trade,49
2004,Carlton,Arts and Recreation Services,1
2004,Carlton,Construction,4
2004,Carlton,Manufacturing,29
2004,Carlton,Other Services,134
2004,Carlton,Retail Trade,4
2004,Docklands,Finance and Insurance,1
2004,Docklands,Finance and Insurance,1
2004,Docklands,Information Media,1
2004,Docklands,Information Media,2
2004,Docklands,"Transport, Postal and Storage",11
2004,East Melbourne,Information Media,1
2004,East Melbourne,Information Media,6
2004,East Melbourne,Other Services,4
2004,Kensington,Admin and Support Services,2
2004,Kensington,Construction,1
2004,Kensington,"Electricity, Gas, Water",5
2004,Kensington,Health Care and Social Assistance,2
2004,Kensington,Rental and Hiring Services,1
2023,Carlton,Arts and Recreation Services,5
2023,Carlton,Education and Training,38
2023,Carlton,"Electricity, Gas, Water",14
2023,Carlton,Manufacturing,17
2023,Docklands,Food Catering Services,3
2023,East Melbourne,Food Catering Services,1
2023,East Melbourne,Admin and Support Services,3
2023,East Melbourne,Information Media,2
2023,East Melbourne,Other Services,22
2023,Kensington,Health Care and Social Assistance,8
2023,Melbourne (CBD),Food Catering Services,7
2023,Melbourne (CBD),Admin and Support Services,3
2023,Melbourne (CBD),Arts and Recreation Services,36
2023,Melbourne (CBD),Construction,37
2023,Melbourne (CBD),Education and Training,204
2023,Melbourne (CBD),"Electricity, Gas, Water",15
2023,Melbourne (CBD),Finance and Insurance,34
2023,Melbourne (CBD),Health Care and Social Assistance,1
2023,Melbourne (CBD),Information Media,33
2023,Melbourne (CBD),Public Administration and Safety,51
2023,Melbourne (CBD),Real Estate Services,5
2023,Melbourne (CBD),Rental and Hiring Services,9
2023,Melbourne (Remainder),Food and Beverage Services,5
2023,Melbourne (Remainder),Food and Beverage Services,36
2023,Melbourne (Remainder),Other Services,7
2023,North Melbourne,Arts and Recreation Services,1
2023,North Melbourne,Real Estate Services,1
2023,North Melbourne,Real Estate Services,15
2023,North Melbourne,Rental and Hiring Services,4
2023,North Melbourne,Retail Trade,5
2023,North Melbourne,Retail Trade,71
2023,North Melbourne,Wholesale Trade,1
2023,Parkville,Education and Training,4
2023,Parkville,Other Services,7
2023,Parkville,Public Administration and Safety,1
2023,Parkville,Retail Trade,13
2023,Parkville,"Transport, Postal and Storage",2
2023,Parkville,Wholesale Trade,1
2023,Port Melbourne,Food and Beverage Services,15
2023,Port Melbourne,Food Catering Services,1
2023,Port Melbourne,Education and Training,4
2023,Port Melbourne,Finance and Insurance,5
2023,Port Melbourne,Manufacturing,53
2023,Port Melbourne,Rental and Hiring Services,1
2023,Port Melbourne,Real Estate Services,5
2023,South Yarra,Food and Beverage Services,4
2023,South Yarra,Education and Training,6
2023,South Yarra,Education and Training,3
2023,Southbank,Other Services,15
2023,Southbank,Real Estate Services,1
2023,Southbank,Real Estate Services,1
2023,West Melbourne (Industrial),Admin and Support Services,1
2012,Melbourne (CBD),Other Services,64
2012,Melbourne (CBD),Public Administration and Safety,55
2012,Melbourne (Remainder),Food Catering Services,1
2012,Melbourne (Remainder),Finance and Insurance,29
2012,Melbourne (Remainder),Retail Trade,1
2012,North Melbourne,Food Catering Services,5
2012,North Melbourne,Other Services,10
2012,Parkville,Manufacturing,1
2012,Port Melbourne,Food and Beverage Services,14
2012,Port Melbourne,"Transport, Postal and Storage",9
2012,Port Melbourne,"Transport, Postal and Storage",4
2012,Port Melbourne,Wholesale Trade,3
2012,South Yarra,Health Care and Social Assistance,2
2012,Southbank,Food Catering Services,2
2012,Southbank,Food Catering Services,8
2012,Southbank,Admin and Support Services,17
2012,Southbank,Real Estate Services,2
2012,West Melbourne (Industrial),Arts and Recreation Services,3
2012,West Melbourne (Industrial),Manufacturing,5
2012,West Melbourne (Industrial),Public Administration and Safety,2
2012,West Melbourne (Residential),Arts and Recreation Services,6
2012,West Melbourne (Residential),Education and Training,1
2012,West Melbourne (Residential),Business Services,3
2012,West Melbourne (Residential),Retail Trade,41
2012,West Melbourne (Residential),"Transport, Postal and Storage",18
2011,Carlton,Manufacturing,32
2011,Docklands,Arts and Recreation Services,1
2011,Docklands,Education and Training,4
2011,Docklands,Agriculture and Mining,2
2011,Docklands,Other Services,14
2011,East Melbourne,Food and Beverage Services,1
2011,East Melbourne,Construction,5
2011,East Melbourne,"Electricity, Gas, Water",1
2011,East Melbourne,Health Care and Social Assistance,197
2011,East Melbourne,Rental and Hiring Services,1
2011,East Melbourne,Retail Trade,1
2011,Kensington,Arts and Recreation Services,2
2011,Kensington,Agriculture and Mining,1
2011,Kensington,"Transport, Postal and Storage",2
2011,Melbourne (CBD),"Electricity, Gas, Water",7
2011,Melbourne (CBD),Real Estate Services,28
2011,Melbourne (Remainder),Admin and Support Services,1
2011,Melbourne (Remainder),Finance and Insurance,29
2011,Melbourne (Remainder),Agriculture and Mining,1
2011,Melbourne (Remainder),Other Services,10
2011,North Melbourne,Health Care and Social Assistance,2
2011,North Melbourne,Other Services,128
2011,Parkville,Arts and Recreation Services,23
2011,Parkville,Health Care and Social Assistance,6
2011,Parkville,Manufacturing,1
2011,Port Melbourne,Rental and Hiring Services,1
2011,South Yarra,Education and Training,5
2011,Southbank,Food and Beverage Services,17
2011,Southbank,Public Administration and Safety,7
2011,Southbank,Rental and Hiring Services,1
2011,West Melbourne (Industrial),Construction,2
2011,West Melbourne (Residential),Food and Beverage Services,1
2011,West Melbourne (Residential),Health Care and Social Assistance,9
2011,West Melbourne (Residential),Real Estate Services,1
2010,Carlton,Information Media,6
2010,Carlton,Business Services,12
2010,Carlton,Retail Trade,4
2010,Docklands,Retail Trade,277
2010,Docklands,"Transport, Postal and Storage",4
2010,Docklands,Wholesale Trade,8
2010,East Melbourne,Food and Beverage Services,1
2010,East Melbourne,Retail Trade,1
2010,Kensington,Retail Trade,2
2010,Melbourne (CBD),Other Services,34
2010,Melbourne (CBD),"Transport, Postal and Storage",55
2010,Melbourne (Remainder),Admin and Support Services,1
2010,Melbourne (Remainder),Information Media,3
2010,Melbourne (Remainder),Manufacturing,9
2010,Melbourne (Remainder),Public Administration and Safety,3
2010,North Melbourne,Construction,7
2010,North Melbourne,Public Administration and Safety,4
2010,North Melbourne,Rental and Hiring Services,1
2010,North Melbourne,"Transport, Postal and Storage",6
2010,Parkville,Food Catering Services,9
2010,Parkville,Manufacturing,3
2008,Melbourne (Remainder),Food and Beverage Services,1
2008,Melbourne (Remainder),Business Services,60
2008,Melbourne (Remainder),Wholesale Trade,6
2008,North Melbourne,Food and Beverage Services,4
2008,North Melbourne,Construction,1
2008,North Melbourne,"Electricity, Gas, Water",1
2008,Parkville,Food and Beverage Services,5
2008,Parkville,Information Media,3
2008,Parkville,Business Services,1
2008,Port Melbourne,Information Media,3
2008,Port Melbourne,Real Estate Services,1
2008,Southbank,Wholesale Trade,11
2008,West Melbourne (Industrial),Finance and Insurance,1
2008,West Melbourne (Industrial),Manufacturing,1
2023,Carlton,Food Catering Services,34
2023,Carlton,Construction,2
2023,Carlton,Education and Training,31
2023,Carlton,Health Care and Social Assistance,16
2023,Carlton,Information Media,6
2023,Carlton,Other Services,1
2023,Carlton,Business Services,79
2023,Docklands,Agriculture and Mining,1
2023,Docklands,Arts and Recreation Services,4
2023,Docklands,Arts and Recreation Services,27
2023,Docklands,Information Media,5
2023,Docklands,Other Services,54
2023,Docklands,Business Services,22
2023,Docklands,Public Administration and Safety,9
2023,Docklands,"Transport, Postal and Storage",3
2023,Docklands,"Transport, Postal and Storage",16
2023,Docklands,Wholesale Trade,17
2023,East Melbourne,Arts and Recreation Services,2
2023,East Melbourne,"Electricity, Gas, Water",1
2023,East Melbourne,Other Services,8
2023,East Melbourne,Business Services,1
2023,East Melbourne,Public Administration and Safety,2
2023,East Melbourne,Real Estate Services,6
2023,Kensington,Food and Beverage Services,1
2023,Kensington,Food and Beverage Services,50
2023,Kensington,Arts and Recreation Services,12
2023,Kensington,Arts and Recreation Services,10
2023,Kensington,Construction,3
2023,Kensington,Other Services,29
2023,Kensington,Real Estate Services,1
2023,Kensington,Wholesale Trade,3
2023,Melbourne (CBD),Agriculture and Mining,1
2023,Melbourne (CBD),Education and Training,4
2023,Melbourne (CBD),Health Care and Social Assistance,292
2023,Melbourne (CBD),Manufacturing,1
2023,Melbourne (CBD),Other Services,682
2023,Melbourne (CBD),Business Services,46
2023,Melbourne (CBD),Retail Trade,83
2023,Melbourne (Remainder),Food and Beverage Services,5
2023,Melbourne (Remainder),Arts and Recreation Services,23
2023,Melbourne (Remainder),Construction,2
2023,Melbourne (Remainder),Finance and Insurance,6
2023,Melbourne (Remainder),Information Media,1
2023,Melbourne (Remainder),Business Services,6
2023,Melbourne (Remainder),Real Estate Services,7
2023,North Melbourne,Agriculture and Mining,1
2023,North Melbourne,Construction,9
2023,North Melbourne,Finance and Insurance,1
2023,North Melbourne,Health Care and Social Assistance,16
2023,North Melbourne,Information Media,2
2023,North Melbourne,Other Services,15
2023,North Melbourne,Public Administration and Safety,2
2023,North Melbourne,Wholesale Trade,35
2023,Parkville,Food Catering Services,4
2023,Port Melbourne,Admin and Support Services,1
2023,Port Melbourne,Agriculture and Mining,1
2023,Port Melbourne,Education and Training,1
2023,Port Melbourne,Health Care and Social Assistance,4
2023,Port Melbourne,Business Services,1
2023,Port Melbourne,Public Administration and Safety,1
2023,Port Melbourne,Wholesale Trade,1
2023,South Yarra,Food and Beverage Services,5
2023,South Yarra,Food Catering Services,2
2023,Southbank,Food Catering Services,3
2023,Southbank,Arts and Recreation Services,6
2023,Southbank,Arts and Recreation Services,15
2023,Southbank,Education and Training,1
2023,Southbank,Health Care and Social Assistance,24
2023,Southbank,Information Media,9
2023,Southbank,Public Administration and Safety,1
2023,Southbank,Real Estate Services,19
2023,Southbank,Retail Trade,1
2023,Southbank,Retail Trade,1
2023,West Melbourne (Industrial),Wholesale Trade,22
2023,West Melbourne (Residential),Admin and Support Services,3
2023,West Melbourne (Residential),Construction,5
2023,West Melbourne (Residential),Construction,10
2023,West Melbourne (Residential),Education and Training,1
2023,West Melbourne (Residential),Health Care and Social Assistance,2
2023,West Melbourne (Residential),Health Care and Social Assistance,2
2023,West Melbourne (Residential),Other Services,4
2022,Carlton,Admin and Support Services,11
2022,Carlton,Arts and Recreation Services,1
2022,Carlton,Health Care and Social Assistance,1
2022,Carlton,Other Services,82
2022,Carlton,Wholesale Trade,2
2022,Docklands,Admin and Support Services,5
2022,Docklands,Admin and Support Services,15
2022,Docklands,"Electricity, Gas, Water",4
2022,Docklands,Manufacturing,3
2022,Docklands,Agriculture and Mining,2
2022,Docklands,Real Estate Services,47
2022,East Melbourne,Arts and Recreation Services,7
2022,East Melbourne,Construction,1
2022,East Melbourne,Health Care and Social Assistance,1
2022,East Melbourne,Public Administration and Safety,11
2022,East Melbourne,Public Administration and Safety,4
2022,Kensington,Food and Beverage Services,5
2022,Melbourne (CBD),Food and Beverage Services,1234
2022,Melbourne (CBD),Arts and Recreation Services,3
2022,Melbourne (CBD),Construction,6
2022,Melbourne (CBD),Finance and Insurance,177
2022,Melbourne (CBD),Health Care and Social Assistance,292
2022,Melbourne (CBD),Other Services,2
2022,Melbourne (CBD),Public Administration and Safety,43
2022,Melbourne (Remainder),Finance and Insurance,13
2022,Melbourne (Remainder),Wholesale Trade,1
2022,North Melbourne,Agriculture and Mining,2
2022,North Melbourne,Education and Training,10
2022,North Melbourne,Finance and Insurance,2
2022,North Melbourne,Real Estate Services,1
2022,North Melbourne,Wholesale Trade,3
2022,Parkville,Business Services,1
2022,Parkville,"Transport, Postal and Storage",2
2022,Port Melbourne,Admin and Support Services,16
2022,Port Melbourne,Education and Training,2
2022,Port Melbourne,Information Media,7
2022,Port Melbourne,Rental and Hiring Services,9
2022,South Yarra,Other Services,7
2022,Southbank,Food and Beverage Services,61
2022,Southbank,Arts and Recreation Services,16
2022,Southbank,Construction,11
2022,Southbank,Construction,1
2022,Southbank,"Electricity, Gas, Water",1
2022,Southbank,Finance and Insurance,17
2022,Southbank,Health Care and Social Assistance,20
2022,Southbank,Manufacturing,6
2022,Southbank,Public Administration and Safety,1
2022,West Melbourne (Industrial),Food and Beverage Services,3
2022,West Melbourne (Industrial),Admin and Support Services,2
2022,West Melbourne (Industrial),Arts and Recreation Services,7
2022,West Melbourne (Industrial),Arts and Recreation Services,1
2022,West Melbourne (Industrial),"Transport, Postal and Storage",15
2022,West Melbourne (Industrial),Wholesale Trade,24
2022,West Melbourne (Residential),Food Catering Services,3
2022,West Melbourne (Residential),"Electricity, Gas, Water",8
2022,West Melbourne (Residential),Finance and Insurance,2
2022,West Melbourne (Residential),Other Services,5
2022,West Melbourne (Residential),Public Administration and Safety,1
2021,Carlton,Admin and Support Services,1
2021,Carlton,Health Care and Social Assistance,16
2021,Docklands,Education and Training,14
2021,Docklands,Other Services,42
2021,East Melbourne,"Electricity, Gas, Water",7
2021,North Melbourne,Other Services,12
2021,North Melbourne,Wholesale Trade,37
2021,Parkville,Finance and Insurance,7
2021,Parkville,Health Care and Social Assistance,61
2021,Port Melbourne,Education and Training,6
2021,Port Melbourne,Information Media,7
2021,Port Melbourne,Public Administration and Safety,2
2021,South Yarra,Food and Beverage Services,7
2021,South Yarra,Health Care and Social Assistance,1
2021,Southbank,Admin and Support Services,10
2021,Southbank,Construction,1
2021,Southbank,Rental and Hiring Services,1
2021,West Melbourne (Industrial),Arts and Recreation Services,1
2021,West Melbourne (Residential),Food and Beverage Services,2
2021,West Melbourne (Residential),"Electricity, Gas, Water",10
2021,West Melbourne (Residential),Other Services,34
2020,Carlton,Admin and Support Services,16
2020,Carlton,Finance and Insurance,20
2020,Docklands,Admin and Support Services,1
2020,Docklands,"Electricity, Gas, Water",3
2020,Docklands,Business Services,14
2020,East Melbourne,Arts and Recreation Services,7
2020,East Melbourne,Construction,2
2020,East Melbourne,"Electricity, Gas, Water",7
2020,East Melbourne,Information Media,4
2020,Kensington,Food Catering Services,1
2020,Kensington,Other Services,35
2020,Melbourne (CBD),Food and Beverage Services,21
2020,Melbourne (CBD),Admin and Support Services,3
2020,Melbourne (CBD),Health Care and Social Assistance,43
2020,Melbourne (CBD),Rental and Hiring Services,1
2020,Melbourne (Remainder),Food and Beverage Services,5
2020,Melbourne (Remainder),Finance and Insurance,2
2020,Melbourne (Remainder),Other Services,1
2020,Melbourne (Remainder),Business Services,5
2020,North Melbourne,Business Services,17
2020,North Melbourne,Wholesale Trade,2
2020,North Melbourne,Wholesale Trade,37
2020,Parkville,Food Catering Services,1
2020,Parkville,Other Services,11
2020,Parkville,"Transport, Postal and Storage",2
2020,Port Melbourne,Food and Beverage Services,5
2020,Port Melbourne,Arts and Recreation Services,5
2020,Port Melbourne,Education and Training,8
2020,Port Melbourne,Health Care and Social Assistance,5
2020,Port Melbourne,Business Services,54
2020,Port Melbourne,"Transport, Postal and Storage",15
2020,Port Melbourne,Wholesale Trade,14
2020,Port Melbourne,Wholesale Trade,43
2020,Southbank,"Electricity, Gas, Water",4
2019,West Melbourne (Residential),Admin and Support Services,10
2019,West Melbourne (Residential),Construction,4
2019,West Melbourne (Residential),"Transport, Postal and Storage",1
2018,Carlton,Construction,2
2018,Carlton,Health Care and Social Assistance,4
2018,Carlton,Manufacturing,20
2018,Carlton,Real Estate Services,23
2018,Docklands,Food and Beverage Services,242
2018,Docklands,Construction,1
2018,Docklands,Construction,16
2018,Docklands,Finance and Insurance,5
2018,Docklands,Wholesale Trade,2
2018,East Melbourne,Food Catering Services,9
2018,East Melbourne,Food and Beverage Services,43
2018,Kensington,Information Media,5
2018,Kensington,Business Services,1
2018,Kensington,"Transport, Postal and Storage",2
2018,Melbourne (CBD),Arts and Recreation Services,125
2018,Melbourne (CBD),Education and Training,229
2018,Melbourne (CBD),Information Media,14
2018,Melbourne (CBD),Public Administration and Safety,73
2018,Melbourne (CBD),Retail Trade,3
2018,Melbourne (Remainder),Education and Training,3
2018,Melbourne (Remainder),Education and Training,6
2018,Melbourne (Remainder),Other Services,13
2018,North Melbourne,Construction,9
2018,North Melbourne,Information Media,2
2018,North Melbourne,Retail Trade,5
2018,Parkville,Admin and Support Services,2
2018,Parkville,"Electricity, Gas, Water",5
2018,Parkville,Business Services,11
2018,Port Melbourne,Agriculture and Mining,1
2018,Port Melbourne,"Electricity, Gas, Water",1
2018,Southbank,Finance and Insurance,16
2018,Southbank,Health Care and Social Assistance,1
2018,Southbank,Agriculture and Mining,2
2018,Southbank,Public Administration and Safety,1
2018,Southbank,Retail Trade,1
2018,West Melbourne (Industrial),Real Estate Services,1
2018,West Melbourne (Industrial),"Transport, Postal and Storage",20
2018,West Melbourne (Residential),Food Catering Services,1
2018,West Melbourne (Residential),Food Catering Services,3
2018,West Melbourne (Residential),Public Administration and Safety,1
2018,West Melbourne (Residential),Public Administration and Safety,1
2017,Carlton,Food and Beverage Services,13
2017,Carlton,Arts and Recreation Services,1
2017,Carlton,Wholesale Trade,1
2017,Docklands,Agriculture and Mining,1
2017,Docklands,Business Services,5
2017,Docklands,"Transport, Postal and Storage",6
2017,Docklands,"Transport, Postal and Storage",3
2017,East Melbourne,Food Catering Services,2
2017,East Melbourne,Food and Beverage Services,1
2017,East Melbourne,Health Care and Social Assistance,6
2017,East Melbourne,Health Care and Social Assistance,204
2017,East Melbourne,Public Administration and Safety,10
2017,East Melbourne,Public Administration and Safety,1
2017,Kensington,Food Catering Services,1
2017,Kensington,Arts and Recreation Services,1
2017,Kensington,Manufacturing,4
2017,Kensington,Other Services,37
2017,Kensington,Public Administration and Safety,2
2017,Kensington,Public Administration and Safety,3
2017,Kensington,Rental and Hiring Services,1
2017,Kensington,Wholesale Trade,2
2017,Melbourne (CBD),Admin and Support Services,7
2017,Melbourne (CBD),Admin and Support Services,85
2017,Melbourne (CBD),Admin and Support Services,3
2017,Melbourne (CBD),Arts and Recreation Services,28
2017,Melbourne (CBD),Construction,91
2017,Melbourne (CBD),Other Services,819
2017,Melbourne (CBD),Business Services,9
2017,Melbourne (CBD),Business Services,1427
2017,Melbourne (CBD),Real Estate Services,198
2017,Melbourne (CBD),Wholesale Trade,7
2017,Melbourne (Remainder),Finance and Insurance,15
2017,Melbourne (Remainder),Information Media,3
2017,Melbourne (Remainder),Wholesale Trade,4
2017,North Melbourne,Food Catering Services,4
2017,North Melbourne,Food and Beverage Services,2
2017,North Melbourne,Arts and Recreation Services,3
2017,North Melbourne,Construction,8
2017,North Melbourne,Health Care and Social Assistance,94
2017,North Melbourne,Information Media,3
2017,North Melbourne,Manufacturing,10
2017,North Melbourne,Manufacturing,4
2017,North Melbourne,Other Services,5
2017,North Melbourne,Other Services,121
2017,North Melbourne,Business Services,111
2017,North Melbourne,Public Administration and Safety,4
2017,North Melbourne,Real Estate Services,2
2017,North Melbourne,Retail Trade,1
2017,Parkville,Food Catering Services,1
2015,Carlton,Business Services,15
2015,Carlton,Retail Trade,8
2015,Docklands,Admin and Support Services,2
2015,Docklands,Admin and Support Services,4
2015,Docklands,Arts and Recreation Services,27
2015,Docklands,Education and Training,9
2015,Docklands,Information Media,6
2015,Docklands,Manufacturing,2
2015,Docklands,Other Services,21
2015,Docklands,"Transport, Postal and Storage",4
2015,East Melbourne,Health Care and Social Assistance,1
2015,East Melbourne,Business Services,16
2015,East Melbourne,"Transport, Postal and Storage",2
2015,Kensington,Food Catering Services,1
2015,Kensington,Manufacturing,3
2015,Kensington,Manufacturing,35
2015,Melbourne (CBD),Arts and Recreation Services,4
2015,Melbourne (CBD),Construction,20
2015,Melbourne (CBD),Construction,65
2015,Melbourne (CBD),Education and Training,107
2015,Melbourne (CBD),Agriculture and Mining,8
2015,Melbourne (CBD),Public Administration and Safety,77
2015,Melbourne (Remainder),Food and Beverage Services,5
2015,Melbourne (Remainder),Admin and Support Services,2
2015,Melbourne (Remainder),Arts and Recreation Services,2
2015,Melbourne (Remainder),Construction,1
2015,Melbourne (Remainder),Health Care and Social Assistance,6
2015,Melbourne (Remainder),Information Media,4
2015,Melbourne (Remainder),Manufacturing,6
2015,Melbourne (Remainder),Other Services,3
2015,North Melbourne,Food and Beverage Services,99
2015,North Melbourne,"Electricity, Gas, Water",1
2015,North Melbourne,Health Care and Social Assistance,1
2015,North Melbourne,Manufacturing,46
2015,North Melbourne,Public Administration and Safety,7
2015,Parkville,Food and Beverage Services,6
2015,Parkville,Food Catering Services,1
2015,Parkville,Education and Training,8
2015,Parkville,Health Care and Social Assistance,1
2015,Parkville,Public Administration and Safety,3
2015,Parkville,Public Administration and Safety,1
2015,Parkville,"Transport, Postal and Storage",2
2015,Parkville,"Transport, Postal and Storage",3
2015,Port Melbourne,Arts and Recreation Services,5
2015,Port Melbourne,Manufacturing,7
2015,Port Melbourne,Public Administration and Safety,1
2015,Port Melbourne,"Transport, Postal and Storage",25
2015,South Yarra,Food Catering Services,4
2015,Southbank,Agriculture and Mining,3
2015,Southbank,Arts and Recreation Services,6
2015,Southbank,Arts and Recreation Services,8
2015,Southbank,Construction,14
2015,Southbank,Construction,21
2015,Southbank,"Electricity, Gas, Water",1
2015,Southbank,"Electricity, Gas, Water",2
2015,Southbank,Finance and Insurance,17
2015,Southbank,Manufacturing,4
2015,Southbank,Other Services,1
2015,Southbank,Business Services,5
2015,West Melbourne (Industrial),Retail Trade,8
2015,West Melbourne (Industrial),Wholesale Trade,1
2015,West Melbourne (Industrial),Wholesale Trade,150
2015,West Melbourne (Residential),Admin and Support Services,9
2015,West Melbourne (Residential),Education and Training,1
2015,West Melbourne (Residential),"Electricity, Gas, Water",8
2015,West Melbourne (Residential),Health Care and Social Assistance,14
2015,West Melbourne (Residential),Information Media,3
2015,West Melbourne (Residential),Business Services,84
2015,West Melbourne (Residential),Public Administration and Safety,3
2015,West Melbourne (Residential),Retail Trade,1
2014,Carlton,Food Catering Services,26
2014,Carlton,Agriculture and Mining,2
2014,Carlton,Construction,1
2014,Carlton,Education and Training,48
2014,Carlton,Health Care and Social Assistance,1
2014,Carlton,Manufacturing,3
2014,Docklands,Finance and Insurance,19
2014,Docklands,Health Care and Social Assistance,17
2014,Docklands,Business Services,6
2014,Docklands,Real Estate Services,44
2014,East Melbourne,Food Catering Services,17
2014,East Melbourne,Health Care and Social Assistance,24
2014,East Melbourne,Manufacturing,2
2014,East Melbourne,Other Services,34
2014,Kensington,Food Catering Services,1
2014,Kensington,Manufacturing,25
2014,Kensington,Business Services,8
2014,Kensington,Public Administration and Safety,3
2014,Kensington,"Transport, Postal and Storage",2
2014,Melbourne (CBD),Food Catering Services,6
2014,Melbourne (CBD),Agriculture and Mining,1
2014,Melbourne (CBD),Information Media,18
2014,Melbourne (CBD),Manufacturing,5
2014,Melbourne (CBD),Real Estate Services,12
2014,Melbourne (CBD),Retail Trade,1487
2014,Melbourne (CBD),"Transport, Postal and Storage",57
2014,Melbourne (Remainder),Other Services,12
2014,North Melbourne,Agriculture and Mining,1
2014,North Melbourne,Health Care and Social Assistance,90
2014,North Melbourne,Manufacturing,12
2014,North Melbourne,Public Administration and Safety,7
2014,North Melbourne,Real Estate Services,2
2014,North Melbourne,"Transport, Postal and Storage",3
2014,Parkville,Arts and Recreation Services,28
2014,Parkville,Information Media,1
2014,Port Melbourne,Food and Beverage Services,4
2014,Port Melbourne,Health Care and Social Assistance,1
2014,Port Melbourne,Information Media,4
2014,Port Melbourne,Public Administration and Safety,5
2014,Port Melbourne,"Transport, Postal and Storage",24
2014,Port Melbourne,Wholesale Trade,1
2014,Port Melbourne,Wholesale Trade,61
2014,South Yarra,Education and Training,3
2014,Southbank,Construction,20
2014,Southbank,Health Care and Social Assistance,6
2014,Southbank,Business Services,7
2014,Southbank,Wholesale Trade,2
2014,West Melbourne (Industrial),Rental and Hiring Services,6
2014,West Melbourne (Residential),Food Catering Services,4
2014,West Melbourne (Residential),Construction,8
2014,West Melbourne (Residential),"Transport, Postal and Storage",1
2013,Carlton,Health Care and Social Assistance,1
2013,Carlton,Business Services,14
2013,Carlton,Wholesale Trade,1
2013,Docklands,Information Media,1
2013,East Melbourne,Food Catering Services,17
2013,East Melbourne,"Electricity, Gas, Water",3
2013,East Melbourne,Health Care and Social Assistance,5
2013,East Melbourne,Health Care and Social Assistance,200
2013,East Melbourne,Information Media,1
2013,East Melbourne,Business Services,22
2013,Kensington,Education and Training,4
2013,Kensington,Health Care and Social Assistance,16
2013,Kensington,Public Administration and Safety,3
2013,Kensington,Real Estate Services,7
2013,Melbourne (CBD),Food Catering Services,5
2013,Melbourne (CBD),Education and Training,173
2013,Melbourne (CBD),"Electricity, Gas, Water",8
2013,Melbourne (CBD),Information Media,19
2013,Melbourne (CBD),Information Media,93
2013,Melbourne (Remainder),Admin and Support Services,19
2013,Melbourne (Remainder),Construction,4
2013,Melbourne (Remainder),Business Services,21
2013,North Melbourne,Food and Beverage Services,90
2013,North Melbourne,Information Media,2
2013,North Melbourne,Wholesale Trade,8
2013,Parkville,"Electricity, Gas, Water",8
2013,Parkville,Other Services,13
2013,Port Melbourne,Information Media,1
2013,Port Melbourne,Manufacturing,2
2013,Port Melbourne,Retail Trade,20
2013,South Yarra,Food and Beverage Services,5
2013,Southbank,Construction,20
2013,Southbank,Real Estate Services,3
2013,West Melbourne (Industrial),Education and Training,1
2013,West Melbourne (Industrial),Manufacturing,5
2013,West Melbourne (Industrial),"Transport, Postal and Storage",26
2013,West Melbourne (Residential),Information Media,3
2013,West Melbourne (Residential),Manufacturing,6
2013,West Melbourne (Residential),"Transport, Postal and Storage",18
2012,Carlton,Food and Beverage Services,17
2012,Carlton,Construction,13
2012,Carlton,Finance and Insurance,29
2012,Carlton,Health Care and Social Assistance,14
2012,Docklands,Arts and Recreation Services,1
2012,Docklands,Arts and Recreation Services,21
2012,Docklands,Construction,10
2012,Docklands,Manufacturing,10
2012,Docklands,Other Services,1
2012,Docklands,Wholesale Trade,2
2012,East Melbourne,Health Care and Social Assistance,3
2012,East Melbourne,Information Media,3
2012,Kensington,Food Catering Services,1
2012,Kensington,Construction,21
2012,Kensington,Information Media,2
2012,Kensington,Business Services,27
2012,Kensington,Retail Trade,1
2012,Melbourne (CBD),Admin and Support Services,93
2012,Melbourne (CBD),Construction,17
2012,Melbourne (CBD),Business Services,1428
2012,Melbourne (CBD),Public Administration and Safety,81
2012,Melbourne (CBD),Retail Trade,1473
2012,Melbourne (CBD),"Transport, Postal and Storage",28
2012,Melbourne (Remainder),Business Services,43
2012,North Melbourne,Education and Training,1
2012,North Melbourne,Real Estate Services,2
2012,North Melbourne,"Transport, Postal and Storage",27
2012,Parkville,Public Administration and Safety,1
2012,Port Melbourne,Rental and Hiring Services,1
2012,Southbank,Arts and Recreation Services,9
2012,Southbank,Education and Training,5
2012,Southbank,Finance and Insurance,17
2012,Southbank,Rental and Hiring Services,5
2012,West Melbourne (Industrial),Manufacturing,6
2012,West Melbourne (Residential),Food Catering Services,1
2012,West Melbourne (Residential),Construction,2
2012,West Melbourne (Residential),Finance and Insurance,1
2012,West Melbourne (Residential),Health Care and Social Assistance,1
2012,West Melbourne (Residential),Manufacturing,13
2012,West Melbourne (Residential),Other Services,5
2012,West Melbourne (Residential),Other Services,48
2012,West Melbourne (Residential),Business Services,1
2011,Carlton,Information Media,6
2011,Carlton,Other Services,21
2011,Carlton,Wholesale Trade,1
2011,Docklands,Finance and Insurance,20
2011,Docklands,Information Media,5
2011,Docklands,Business Services,82
2011,Docklands,Rental and Hiring Services,3
2011,Docklands,Retail Trade,277
2011,East Melbourne,"Electricity, Gas, Water",2
2011,East Melbourne,Manufacturing,1
2011,Kensington,Manufacturing,4
2011,Kensington,Manufacturing,32
2011,Melbourne (CBD),Admin and Support Services,3
2011,Melbourne (CBD),Construction,2
2011,Melbourne (CBD),Education and Training,3
2011,Melbourne (CBD),Health Care and Social Assistance,1
2011,Melbourne (CBD),Information Media,23
2011,Melbourne (CBD),Manufacturing,6
2011,Melbourne (CBD),Real Estate Services,2
2011,Melbourne (CBD),Rental and Hiring Services,21
2011,Melbourne (CBD),Wholesale Trade,103
2011,Melbourne (Remainder),Health Care and Social Assistance,3
2011,Melbourne (Remainder),Rental and Hiring Services,1
2011,Melbourne (Remainder),Real Estate Services,9
2011,Melbourne (Remainder),"Transport, Postal and Storage",1
2011,Melbourne (Remainder),Wholesale Trade,3
2011,North Melbourne,Construction,2
2011,North Melbourne,Education and Training,18
2011,North Melbourne,Health Care and Social Assistance,5
2011,North Melbourne,Rental and Hiring Services,1
2011,Parkville,Food Catering Services,9
2011,Parkville,Real Estate Services,1
2011,Port Melbourne,Agriculture and Mining,2
2011,Port Melbourne,Finance and Insurance,1
2011,Port Melbourne,Business Services,59
2011,Port Melbourne,Real Estate Services,1
2011,Port Melbourne,Wholesale Trade,52
2011,Southbank,Food Catering Services,2
2011,Southbank,"Electricity, Gas, Water",1
2011,West Melbourne (Industrial),Manufacturing,6
2011,West Melbourne (Industrial),Business Services,3
2011,West Melbourne (Residential),Rental and Hiring Services,4
2010,Carlton,Food and Beverage Services,12
2010,Carlton,Education and Training,7
2010,Carlton,Other Services,21
2010,Docklands,Food and Beverage Services,1
2010,East Melbourne,Admin and Support Services,4
2010,East Melbourne,Admin and Support Services,8
2010,East Melbourne,Agriculture and Mining,1
2010,Kensington,Food Catering Services,1
2010,Kensington,Arts and Recreation Services,8
2010,Kensington,Manufacturing,9
2010,Melbourne (CBD),Manufacturing,5
2010,Melbourne (CBD),Agriculture and Mining,40
2010,Melbourne (CBD),Real Estate Services,29
2010,Melbourne (Remainder),Wholesale Trade,3
2010,North Melbourne,Admin and Support Services,35
2010,North Melbourne,Retail Trade,5
2010,North Melbourne,Retail Trade,109
2010,Parkville,Business Services,9
2010,Port Melbourne,Information Media,1
2010,Port Melbourne,Business Services,59
2010,Port Melbourne,Rental and Hiring Services,1
2010,Southbank,Arts and Recreation Services,9
2010,Southbank,Construction,5
2010,Southbank,Health Care and Social Assistance,1
2010,Southbank,Manufacturing,3
2010,Southbank,Business Services,3
2010,Southbank,Public Administration and Safety,1
2010,Southbank,"Transport, Postal and Storage",9
2010,Southbank,Wholesale Trade,3
2010,West Melbourne (Industrial),Food and Beverage Services,7
2010,West Melbourne (Industrial),Arts and Recreation Services,3
2010,West Melbourne (Industrial),Rental and Hiring Services,6
2010,West Melbourne (Residential),Food Catering Services,1
2010,West Melbourne (Residential),Food Catering Services,4
2010,West Melbourne (Residential),Admin and Support Services,12
2010,West Melbourne (Residential),Education and Training,10
2010,West Melbourne (Residential),Real Estate Services,1
2010,West Melbourne (Residential),Rental and Hiring Services,1
2010,West Melbourne (Residential),"Transport, Postal and Storage",1
2009,Carlton,Food and Beverage Services,12
2009,Carlton,Food Catering Services,11
2009,Carlton,Agriculture and Mining,1
2009,Carlton,Arts and Recreation Services,1
2009,Carlton,Arts and Recreation Services,16
2009,Carlton,Arts and Recreation Services,14
2009,Carlton,Education and Training,31
2009,Carlton,"Electricity, Gas, Water",14
2009,Carlton,Finance and Insurance,3
2009,Carlton,Information Media,1
2009,Carlton,Retail Trade,4
2009,Carlton,Wholesale Trade,24
2009,Docklands,"Electricity, Gas, Water",9
2009,Docklands,Business Services,4
2009,Docklands,Real Estate Services,34
2009,Docklands,"Transport, Postal and Storage",21
2009,East Melbourne,Food Catering Services,5
2009,East Melbourne,Admin and Support Services,8
2009,East Melbourne,"Electricity, Gas, Water",2
2009,East Melbourne,"Electricity, Gas, Water",4
2009,Kensington,Food and Beverage Services,1
2009,Kensington,Arts and Recreation Services,20
2009,Kensington,Construction,1
2009,Kensington,Health Care and Social Assistance,2
2009,Kensington,Manufacturing,9
2009,Kensington,Public Administration and Safety,1
2009,Melbourne (CBD),Food Catering Services,4
2009,Melbourne (CBD),Education and Training,204
2009,Melbourne (CBD),"Electricity, Gas, Water",12
2009,Melbourne (CBD),Health Care and Social Assistance,4
2009,Melbourne (CBD),Agriculture and Mining,6
2009,Melbourne (CBD),Business Services,45
2009,Melbourne (Remainder),Food and Beverage Services,6
2009,Melbourne (Remainder),Admin and Support Services,1
2009,Melbourne (Remainder),Construction,7
2009,Melbourne (Remainder),Health Care and Social Assistance,4
2009,Melbourne (Remainder),Health Care and Social Assistance,57
2009,Melbourne (Remainder),Public Administration and Safety,4
2009,Melbourne (Remainder),Retail Trade,17
2009,North Melbourne,Food Catering Services,2
2009,North Melbourne,Arts and Recreation Services,31
2009,North Melbourne,Finance and Insurance,1
2009,North Melbourne,"Transport, Postal and Storage",1
2009,North Melbourne,Wholesale Trade,3
2009,Parkville,Public Administration and Safety,1
2009,Port Melbourne,Agriculture and Mining,1
2009,Port Melbourne,Business Services,10
2009,Port Melbourne,Real Estate Services,1
2009,Port Melbourne,Rental and Hiring Services,2
2009,Port Melbourne,"Transport, Postal and Storage",15
2009,Port Melbourne,"Transport, Postal and Storage",2
2009,South Yarra,Food and Beverage Services,7
2009,Southbank,Food Catering Services,4
2009,Southbank,Arts and Recreation Services,4
2009,Southbank,Arts and Recreation Services,11
2009,Southbank,Health Care and Social Assistance,2
2009,Southbank,Information Media,6
2009,Southbank,Business Services,1
2009,Southbank,Real Estate Services,16
2009,West Melbourne (Industrial),Arts and Recreation Services,3
2009,West Melbourne (Industrial),"Electricity, Gas, Water",2
2009,West Melbourne (Industrial),Other Services,1
2009,West Melbourne (Industrial),Retail Trade,8
2009,West Melbourne (Industrial),"Transport, Postal and Storage",26
2009,West Melbourne (Residential),Food Catering Services,1
2009,West Melbourne (Residential),Education and Training,10
2009,West Melbourne (Residential),Manufacturing,13
2009,West Melbourne (Residential),Public Administration and Safety,2
2009,West Melbourne (Residential),Wholesale Trade,39
2008,Carlton,Food Catering Services,23
2008,Carlton,Construction,3
2008,Carlton,Finance and Insurance,4
2008,Carlton,Finance and Insurance,33
2008,Carlton,Public Administration and Safety,10
2008,Docklands,Arts and Recreation Services,3
2008,Docklands,"Electricity, Gas, Water",8
2008,Docklands,Real Estate Services,3
2008,East Melbourne,Other Services,5
2008,Kensington,"Electricity, Gas, Water",9
2008,Kensington,"Transport, Postal and Storage",8
2008,Melbourne (CBD),Food and Beverage Services,151
2008,Melbourne (CBD),Real Estate Services,30
2008,Melbourne (Remainder),Food Catering Services,1
2008,Melbourne (Remainder),Arts and Recreation Services,10
2008,Melbourne (Remainder),Manufacturing,1
2008,North Melbourne,Food Catering Services,11
2008,North Melbourne,Agriculture and Mining,1
2008,North Melbourne,"Transport, Postal and Storage",36
2008,Parkville,Food Catering Services,1
2008,Parkville,Information Media,1
2008,Parkville,Business Services,1
2008,Parkville,"Transport, Postal and Storage",1
2008,Parkville,"Transport, Postal and Storage",5
2008,Port Melbourne,Construction,23
2008,Port Melbourne,Public Administration and Safety,1
2008,South Yarra,Education and Training,1
2008,South Yarra,"Electricity, Gas, Water",5
2008,South Yarra,Health Care and Social Assistance,3
2008,South Yarra,Retail Trade,9
2008,Southbank,Food Catering Services,4
2008,Southbank,Arts and Recreation Services,4
2008,Southbank,Arts and Recreation Services,9
2008,Southbank,Health Care and Social Assistance,16
2008,Southbank,Information Media,17
2008,Southbank,Manufacturing,3
2008,Southbank,Agriculture and Mining,3
2008,Southbank,"Transport, Postal and Storage",4
2008,West Melbourne (Industrial),Business Services,1
2004,Melbourne (CBD),Retail Trade,1319
2004,Melbourne (Remainder),Food and Beverage Services,1
2004,Melbourne (Remainder),Construction,1
2004,Melbourne (Remainder),Manufacturing,1
2004,Melbourne (Remainder),"Transport, Postal and Storage",1
2004,Melbourne (Remainder),"Transport, Postal and Storage",7
2004,North Melbourne,Admin and Support Services,6
2004,North Melbourne,Health Care and Social Assistance,1
2004,North Melbourne,Information Media,3
2004,North Melbourne,"Transport, Postal and Storage",33
2004,North Melbourne,Wholesale Trade,2
2004,Parkville,Arts and Recreation Services,5
2004,Parkville,Education and Training,1
2004,Parkville,"Electricity, Gas, Water",1
2004,Parkville,Finance and Insurance,5
2004,Parkville,Health Care and Social Assistance,2
2004,Port Melbourne,Admin and Support Services,9
2004,Port Melbourne,Arts and Recreation Services,2
2004,Port Melbourne,Information Media,1
2004,Port Melbourne,"Transport, Postal and Storage",3
2004,Port Melbourne,Wholesale Trade,3
2004,Port Melbourne,Wholesale Trade,27
2004,South Yarra,Food and Beverage Services,3
2004,South Yarra,Arts and Recreation Services,4
2004,Southbank,Construction,4
2004,Southbank,Education and Training,2
2004,Southbank,Business Services,1
2004,Southbank,Retail Trade,90
2004,West Melbourne (Industrial),"Transport, Postal and Storage",2
2004,West Melbourne (Residential),Food and Beverage Services,1
2004,West Melbourne (Residential),Retail Trade,47
2004,West Melbourne (Residential),Wholesale Trade,39
2003,Carlton,Food and Beverage Services,12
2003,Carlton,Arts and Recreation Services,1
2003,Carlton,Construction,7
2003,Carlton,Finance and Insurance,8
2003,Carlton,Health Care and Social Assistance,3
2003,Carlton,Business Services,17
2003,Carlton,Public Administration and Safety,8
2003,Carlton,Public Administration and Safety,9
2003,Carlton,Real Estate Services,1
2003,Carlton,Real Estate Services,17
2003,Docklands,Education and Training,2
2003,Docklands,Finance and Insurance,1
2003,East Melbourne,Food Catering Services,2
2003,East Melbourne,Admin and Support Services,4
2003,East Melbourne,"Electricity, Gas, Water",4
2003,East Melbourne,Manufacturing,5
2003,East Melbourne,"Transport, Postal and Storage",1
2003,Kensington,Food Catering Services,1
2003,Kensington,Food and Beverage Services,10
2003,Kensington,Finance and Insurance,2
2003,Melbourne (CBD),Food Catering Services,50
2003,Melbourne (CBD),Health Care and Social Assistance,312
2003,Melbourne (CBD),Manufacturing,12
2003,Melbourne (CBD),Real Estate Services,2
2003,Melbourne (CBD),"Transport, Postal and Storage",85
2003,Melbourne (CBD),Wholesale Trade,10
2003,Melbourne (Remainder),Food and Beverage Services,1
2003,Melbourne (Remainder),Food and Beverage Services,5
2003,Melbourne (Remainder),Arts and Recreation Services,9
2003,Melbourne (Remainder),Finance and Insurance,4
2003,Melbourne (Remainder),Finance and Insurance,10
2003,Melbourne (Remainder),Agriculture and Mining,1
2003,Melbourne (Remainder),Agriculture and Mining,2
2003,Melbourne (Remainder),"Transport, Postal and Storage",1
2003,North Melbourne,Food Catering Services,2
2003,North Melbourne,Arts and Recreation Services,7
2003,North Melbourne,Education and Training,9
2003,North Melbourne,Information Media,1
2003,North Melbourne,Other Services,11
2003,North Melbourne,Retail Trade,2
2003,Parkville,Admin and Support Services,3
2003,Parkville,Arts and Recreation Services,13
2003,Parkville,Arts and Recreation Services,5
2003,Parkville,Finance and Insurance,1
2003,Parkville,Other Services,3
2003,Parkville,Business Services,3
2003,Parkville,Real Estate Services,1
2003,Port Melbourne,Food and Beverage Services,2
2003,Port Melbourne,"Electricity, Gas, Water",5
2003,Port Melbourne,Finance and Insurance,2
2003,Port Melbourne,Information Media,1
2003,Port Melbourne,Business Services,8
2003,Port Melbourne,Public Administration and Safety,1
2003,South Yarra,Food Catering Services,1
2003,South Yarra,Admin and Support Services,1
2003,South Yarra,Education and Training,1
2003,Southbank,Food Catering Services,1
2003,Southbank,Education and Training,3
2003,Southbank,Information Media,1
2003,Southbank,Manufacturing,4
2003,Southbank,Agriculture and Mining,2
2003,Southbank,Other Services,2
2003,Southbank,Business Services,2
2003,Southbank,Real Estate Services,1
2003,Southbank,Wholesale Trade,2
2003,West Melbourne (Industrial),Finance and Insurance,1
2003,West Melbourne (Industrial),Other Services,6
2003,West Melbourne (Industrial),Rental and Hiring Services,1
2003,West Melbourne (Industrial),Wholesale Trade,31
2003,West Melbourne (Residential),Arts and Recreation Services,3
2003,West Melbourne (Residential),Other Services,6
2003,West Melbourne (Residential),Wholesale Trade,6
2002,Carlton,Food Catering Services,7
2002,Carlton,Arts and Recreation Services,3
2002,Carlton,Arts and Recreation Services,11
2002,Carlton,Construction,4
2002,Carlton,Information Media,1
2002,Carlton,Business Services,129
2002,Carlton,Real Estate Services,1
2002,Carlton,Retail Trade,1
2002,Carlton,Retail Trade,7
2002,Carlton,"Transport, Postal and Storage",2
2002,Carlton,Wholesale Trade,21
2002,Docklands,Food Catering Services,2
2002,Docklands,Education and Training,1
2002,Docklands,Manufacturing,1
2002,Docklands,Retail Trade,10
2002,East Melbourne,Food and Beverage Services,1
2002,East Melbourne,Admin and Support Services,18
2002,East Melbourne,Education and Training,7
2002,East Melbourne,"Electricity, Gas, Water",1
2002,East Melbourne,Other Services,31
2002,Kensington,Arts and Recreation Services,7
2002,Kensington,Manufacturing,7
2002,Kensington,Public Administration and Safety,2
2002,Melbourne (CBD),Food and Beverage Services,8
2002,Melbourne (CBD),Admin and Support Services,3
2002,Melbourne (CBD),Finance and Insurance,428
2002,Melbourne (CBD),Health Care and Social Assistance,20
2002,Melbourne (CBD),Other Services,44
2002,Melbourne (CBD),Rental and Hiring Services,18
2002,Melbourne (Remainder),Agriculture and Mining,1
2002,Melbourne (Remainder),Arts and Recreation Services,4
2002,Melbourne (Remainder),Other Services,6
2002,Melbourne (Remainder),Retail Trade,15
2002,North Melbourne,Admin and Support Services,7
2002,North Melbourne,Health Care and Social Assistance,29
2002,North Melbourne,Manufacturing,1
2002,North Melbourne,Business Services,14
2002,Parkville,Food and Beverage Services,4
2002,Parkville,Education and Training,3
2002,Parkville,"Electricity, Gas, Water",6
2002,Parkville,Finance and Insurance,1
2002,Parkville,Health Care and Social Assistance,1
2002,Port Melbourne,"Electricity, Gas, Water",5
2002,Southbank,Finance and Insurance,15
2002,Southbank,Business Services,2
2002,West Melbourne (Industrial),Food and Beverage Services,10
2002,West Melbourne (Industrial),"Electricity, Gas, Water",7
2002,West Melbourne (Industrial),Retail Trade,8
2002,West Melbourne (Industrial),Wholesale Trade,17
2023,City of Melbourne (total),Food Catering Services,158
2023,City of Melbourne (total),Food Catering Services,91
2023,City of Melbourne (total),"Electricity, Gas, Water",12
2023,City of Melbourne (total),Manufacturing,338
2023,City of Melbourne (total),Other Services,159
2023,City of Melbourne (total),Wholesale Trade,253
2022,City of Melbourne (total),Admin and Support Services,272
2022,City of Melbourne (total),Construction,9
2022,City of Melbourne (total),Education and Training,215
2022,City of Melbourne (total),Agriculture and Mining,17
2022,City of Melbourne (total),Other Services,110
2022,City of Melbourne (total),"Transport, Postal and Storage",119
2021,City of Melbourne (total),Other Services,112
2021,City of Melbourne (total),Retail Trade,20
2021,City of Melbourne (total),"Transport, Postal and Storage",137
2020,City of Melbourne (total),Agriculture and Mining,12
2020,City of Melbourne (total),Arts and Recreation Services,20
2020,City of Melbourne (total),Health Care and Social Assistance,845
2020,City of Melbourne (total),Retail Trade,1737
2019,City of Melbourne (total),Agriculture and Mining,13
2019,City of Melbourne (total),Construction,274
2019,City of Melbourne (total),Finance and Insurance,2
2019,City of Melbourne (total),Health Care and Social Assistance,15
2019,City of Melbourne (total),Information Media,77
2019,City of Melbourne (total),Agriculture and Mining,27
2019,City of Melbourne (total),Public Administration and Safety,51
2019,City of Melbourne (total),"Transport, Postal and Storage",184
2018,City of Melbourne (total),Admin and Support Services,453
2018,City of Melbourne (total),Admin and Support Services,145
2018,City of Melbourne (total),Admin and Support Services,11
2018,City of Melbourne (total),Agriculture and Mining,9
2018,City of Melbourne (total),Business Services,2141
2018,City of Melbourne (total),Retail Trade,133
2017,City of Melbourne (total),Construction,14
2017,City of Melbourne (total),"Electricity, Gas, Water",147
2017,City of Melbourne (total),Health Care and Social Assistance,22
2017,City of Melbourne (total),Information Media,80
2017,City of Melbourne (total),Rental and Hiring Services,1
2017,City of Melbourne (total),"Transport, Postal and Storage",203
2016,City of Melbourne (total),Agriculture and Mining,9
2016,City of Melbourne (total),Education and Training,235
2016,City of Melbourne (total),Health Care and Social Assistance,10
2016,City of Melbourne (total),Health Care and Social Assistance,970
2016,City of Melbourne (total),Information Media,22
2016,City of Melbourne (total),Agriculture and Mining,8
2016,City of Melbourne (total),Other Services,1280
2016,City of Melbourne (total),Business Services,2128
2016,City of Melbourne (total),Public Administration and Safety,4
2016,City of Melbourne (total),Real Estate Services,52
2016,City of Melbourne (total),Real Estate Services,2
2015,City of Melbourne (total),Admin and Support Services,17
2015,City of Melbourne (total),Admin and Support Services,500
2015,City of Melbourne (total),Arts and Recreation Services,18
2015,City of Melbourne (total),Business Services,554
2014,City of Melbourne (total),Food and Beverage Services,6
2014,City of Melbourne (total),Education and Training,171
2014,City of Melbourne (total),"Electricity, Gas, Water",11
2014,City of Melbourne (total),Real Estate Services,42
2013,City of Melbourne (total),Arts and Recreation Services,211
2013,City of Melbourne (total),Construction,72
2013,City of Melbourne (total),Education and Training,175
2012,City of Melbourne (total),Other Services,1186
2012,City of Melbourne (total),Public Administration and Safety,5
2012,City of Melbourne (total),Retail Trade,6
2011,City of Melbourne (total),"Electricity, Gas, Water",145
2011,City of Melbourne (total),Business Services,2098
2010,City of Melbourne (total),Construction,204
2010,City of Melbourne (total),Construction,54
2010,City of Melbourne (total),Finance and Insurance,673
2010,City of Melbourne (total),Health Care and Social Assistance,9
2010,City of Melbourne (total),Business Services,72
2010,City of Melbourne (total),Rental and Hiring Services,1
2009,City of Melbourne (total),"Electricity, Gas, Water",19
2009,City of Melbourne (total),Business Services,2167
2009,City of Melbourne (total),Wholesale Trade,6
2008,City of Melbourne (total),Arts and Recreation Services,192
2008,City of Melbourne (total),Education and Training,152
2008,City of Melbourne (total),"Electricity, Gas, Water",14
2008,City of Melbourne (total),Manufacturing,14
2008,City of Melbourne (total),Other Services,1099
2008,City of Melbourne (total),Rental and Hiring Services,68
2007,City of Melbourne (total),Admin and Support Services,7
2007,City of Melbourne (total),"Electricity, Gas, Water",155
2007,City of Melbourne (total),Manufacturing,485
2007,City of Melbourne (total),Other Services,115
2007,City of Melbourne (total),Business Services,2006
2007,City of Melbourne (total),Real Estate Services,201
2007,City of Melbourne (total),Retail Trade,2204
2006,City of Melbourne (total),Agriculture and Mining,6
2006,City of Melbourne (total),"Electricity, Gas, Water",13
2006,City of Melbourne (total),Information Media,261
2006,City of Melbourne (total),Public Administration and Safety,111
2006,City of Melbourne (total),Retail Trade,6
2005,City of Melbourne (total),Admin and Support Services,548
2005,City of Melbourne (total),Arts and Recreation Services,13
2005,City of Melbourne (total),Construction,117
2005,City of Melbourne (total),"Electricity, Gas, Water",14
2005,City of Melbourne (total),Health Care and Social Assistance,62
2005,City of Melbourne (total),Information Media,23
2003,City of Melbourne (total),Manufacturing,7
2003,City of Melbourne (total),Manufacturing,470
2003,City of Melbourne (total),Manufacturing,14
2003,City of Melbourne (total),Business Services,1643
2003,City of Melbourne (total),Real Estate Services,2
2003,City of Melbourne (total),Rental and Hiring Services,6
2003,City of Melbourne (total),"Transport, Postal and Storage",214
2002,City of Melbourne (total),Food Catering Services,32
2002,City of Melbourne (total),Finance and Insurance,6
2002,City of Melbourne (total),Information Media,233
2002,City of Melbourne (total),Retail Trade,23
2008,West Melbourne (Residential),Food Catering Services,5
2008,West Melbourne (Residential),Arts and Recreation Services,3
2008,West Melbourne (Residential),Rental and Hiring Services,3
2008,West Melbourne (Residential),"Transport, Postal and Storage",20
2007,Carlton,Health Care and Social Assistance,2
2007,Docklands,Food Catering Services,1
2007,Docklands,Education and Training,4
2007,Docklands,Agriculture and Mining,1
2007,Docklands,Public Administration and Safety,1
2007,Docklands,Public Administration and Safety,2
2007,Melbourne (CBD),Manufacturing,273
2007,Melbourne (CBD),Agriculture and Mining,2
2007,Melbourne (CBD),Retail Trade,63
2007,North Melbourne,Other Services,12
2007,North Melbourne,Other Services,128
2007,North Melbourne,Business Services,11
2007,Port Melbourne,Business Services,41
2007,Port Melbourne,Wholesale Trade,3
2007,South Yarra,Food Catering Services,7
2007,South Yarra,Other Services,1
2007,Southbank,Food and Beverage Services,41
2007,Southbank,Admin and Support Services,12
2007,Southbank,Finance and Insurance,7
2007,Southbank,Health Care and Social Assistance,15
2007,Southbank,Manufacturing,7
2007,Southbank,Other Services,12
2007,Southbank,Rental and Hiring Services,1
2007,West Melbourne (Industrial),Agriculture and Mining,1
2007,West Melbourne (Industrial),Arts and Recreation Services,3
2006,Carlton,Food and Beverage Services,171
2006,Carlton,Arts and Recreation Services,15
2006,Carlton,Construction,1
2006,Carlton,Construction,6
2006,Carlton,Health Care and Social Assistance,3
2006,Carlton,Business Services,3
2006,Docklands,Arts and Recreation Services,1
2006,Docklands,Construction,1
2006,Docklands,"Electricity, Gas, Water",6
2006,Docklands,Finance and Insurance,1
2006,Docklands,Other Services,13
2006,Docklands,Real Estate Services,2
2006,Docklands,Rental and Hiring Services,1
2006,Docklands,Retail Trade,106
2006,Docklands,"Transport, Postal and Storage",24
2006,East Melbourne,Arts and Recreation Services,17
2006,East Melbourne,Finance and Insurance,5
2006,East Melbourne,Manufacturing,1
2006,East Melbourne,Real Estate Services,6
2006,Kensington,"Electricity, Gas, Water",5
2006,Kensington,Health Care and Social Assistance,9
2006,Kensington,Manufacturing,14
2006,Kensington,Other Services,1
2006,Kensington,Other Services,12
2006,Kensington,Public Administration and Safety,1
2006,Melbourne (CBD),Arts and Recreation Services,21
2006,Melbourne (CBD),Public Administration and Safety,64
2006,Melbourne (CBD),"Transport, Postal and Storage",67
2006,Melbourne (Remainder),Finance and Insurance,10
2006,Melbourne (Remainder),Health Care and Social Assistance,57
2006,Melbourne (Remainder),Retail Trade,20
2006,Melbourne (Remainder),"Transport, Postal and Storage",5
2006,North Melbourne,Finance and Insurance,19
2006,North Melbourne,Health Care and Social Assistance,41
2006,North Melbourne,Manufacturing,65
2006,North Melbourne,Other Services,118
2006,North Melbourne,Business Services,1
2006,North Melbourne,Retail Trade,94
2006,North Melbourne,"Transport, Postal and Storage",31
2006,Parkville,Food and Beverage Services,26
2006,Parkville,Manufacturing,1
2006,Parkville,Other Services,2
2006,Parkville,Retail Trade,1
2006,Parkville,Wholesale Trade,1
2006,Port Melbourne,Food and Beverage Services,2
2006,Port Melbourne,Admin and Support Services,9
2006,Port Melbourne,Finance and Insurance,1
2006,Port Melbourne,Manufacturing,7
2006,Port Melbourne,Public Administration and Safety,1
2006,Port Melbourne,Public Administration and Safety,3
2006,Port Melbourne,Retail Trade,3
2006,South Yarra,Food Catering Services,2
2006,South Yarra,Food Catering Services,7
2006,Southbank,Agriculture and Mining,3
2006,Southbank,Construction,4
2006,Southbank,"Electricity, Gas, Water",22
2006,Southbank,Finance and Insurance,7
2006,Southbank,Other Services,12
2006,Southbank,Public Administration and Safety,2
2006,Southbank,Real Estate Services,5
2006,Southbank,Wholesale Trade,1
2006,West Melbourne (Residential),Finance and Insurance,2
2005,Carlton,Education and Training,37
2005,Carlton,Health Care and Social Assistance,3
2005,Carlton,Retail Trade,8
2005,Carlton,Retail Trade,155
2005,Carlton,"Transport, Postal and Storage",7
2005,Docklands,Food and Beverage Services,12
2005,Docklands,Arts and Recreation Services,1
2005,Docklands,Construction,1
2005,Docklands,Education and Training,2
2005,Docklands,Health Care and Social Assistance,7
2005,Docklands,"Transport, Postal and Storage",8
2005,Docklands,Wholesale Trade,1
2005,East Melbourne,Food and Beverage Services,1
2005,East Melbourne,Arts and Recreation Services,21
2005,East Melbourne,Construction,3
2005,East Melbourne,"Electricity, Gas, Water",1
2005,East Melbourne,Manufacturing,4
2005,East Melbourne,Business Services,11
2005,East Melbourne,Real Estate Services,6
2005,East Melbourne,"Transport, Postal and Storage",1
2005,Kensington,Other Services,1
2005,Kensington,Other Services,11
2005,Kensington,"Transport, Postal and Storage",1
2005,Melbourne (CBD),Education and Training,7
2005,Melbourne (CBD),Finance and Insurance,44
2005,Melbourne (CBD),Information Media,152
2005,Melbourne (CBD),Manufacturing,9
2005,Melbourne (CBD),Agriculture and Mining,2
2005,Melbourne (CBD),Real Estate Services,7
2005,Melbourne (CBD),Retail Trade,71
2005,Melbourne (CBD),"Transport, Postal and Storage",14
2005,Melbourne (Remainder),Food Catering Services,1
2005,Melbourne (Remainder),Food and Beverage Services,5
2005,Melbourne (Remainder),Agriculture and Mining,1
2005,Melbourne (Remainder),Arts and Recreation Services,1
2005,Melbourne (Remainder),Arts and Recreation Services,13
2005,Melbourne (Remainder),Information Media,6
2005,North Melbourne,Food Catering Services,3
2005,North Melbourne,Construction,1
2005,North Melbourne,Health Care and Social Assistance,41
2005,North Melbourne,Manufacturing,6
2005,North Melbourne,Manufacturing,65
2005,North Melbourne,Business Services,12
2005,North Melbourne,Real Estate Services,10
2005,Parkville,Arts and Recreation Services,1
2005,Parkville,"Electricity, Gas, Water",9
2005,Parkville,Information Media,1
2005,Parkville,"Transport, Postal and Storage",3
2005,Port Melbourne,Real Estate Services,1
2005,Port Melbourne,"Transport, Postal and Storage",2
2005,Port Melbourne,"Transport, Postal and Storage",4
2005,South Yarra,Information Media,1
2005,South Yarra,Public Administration and Safety,1
2005,Southbank,Arts and Recreation Services,5
2005,Southbank,Education and Training,5
2005,Southbank,Information Media,19
2005,Southbank,Business Services,29
2005,Southbank,Rental and Hiring Services,1
2005,Southbank,Wholesale Trade,3
2005,West Melbourne (Industrial),"Electricity, Gas, Water",2
2005,West Melbourne (Industrial),Other Services,5
2005,West Melbourne (Residential),Arts and Recreation Services,9
2005,West Melbourne (Residential),Arts and Recreation Services,11
2005,West Melbourne (Residential),Construction,2
2005,West Melbourne (Residential),Health Care and Social Assistance,4
2005,West Melbourne (Residential),Other Services,63
2005,West Melbourne (Residential),"Transport, Postal and Storage",21
2004,Carlton,Food and Beverage Services,1
2004,Carlton,Food Catering Services,18
2004,Carlton,Education and Training,6
2004,Carlton,Manufacturing,1
2004,Carlton,Business Services,135
2004,Docklands,Food and Beverage Services,7
2004,Docklands,Health Care and Social Assistance,6
2004,Docklands,"Transport, Postal and Storage",2
2004,East Melbourne,Food Catering Services,2
2004,East Melbourne,Food and Beverage Services,1
2004,East Melbourne,Agriculture and Mining,1
2004,East Melbourne,Construction,4
2004,East Melbourne,"Electricity, Gas, Water",1
2004,Kensington,Food Catering Services,1
2004,Kensington,Arts and Recreation Services,1
2004,Kensington,Arts and Recreation Services,11
2004,Kensington,Finance and Insurance,2
2004,Kensington,Public Administration and Safety,2
2023,Carlton,Food and Beverage Services,3
2023,Carlton,Arts and Recreation Services,1
2023,Carlton,Business Services,1
2023,Carlton,Rental and Hiring Services,3
2023,Carlton,Retail Trade,5
2023,Docklands,Food and Beverage Services,23
2023,Docklands,Admin and Support Services,3
2023,Docklands,Manufacturing,14
2023,Docklands,Public Administration and Safety,6
2023,Docklands,Public Administration and Safety,7
2023,Docklands,Rental and Hiring Services,7
2023,Docklands,"Transport, Postal and Storage",7
2023,Docklands,Wholesale Trade,3
2023,East Melbourne,Food Catering Services,6
2023,East Melbourne,Admin and Support Services,1
2023,East Melbourne,Arts and Recreation Services,21
2023,East Melbourne,Finance and Insurance,3
2023,East Melbourne,Health Care and Social Assistance,30
2023,East Melbourne,Health Care and Social Assistance,3
2023,East Melbourne,Information Media,2
2023,East Melbourne,Business Services,27
2023,East Melbourne,Retail Trade,13
2023,East Melbourne,"Transport, Postal and Storage",2
2023,Kensington,Public Administration and Safety,1
2023,Kensington,Rental and Hiring Services,1
2023,Melbourne (CBD),Food and Beverage Services,1234
2023,Melbourne (CBD),Food Catering Services,67
2023,Melbourne (CBD),Admin and Support Services,8
2023,Melbourne (CBD),Admin and Support Services,68
2023,Melbourne (CBD),Information Media,8
2023,Melbourne (CBD),Manufacturing,12
2023,Melbourne (CBD),Manufacturing,182
2023,Melbourne (CBD),Public Administration and Safety,43
2023,Melbourne (CBD),Real Estate Services,2
2023,Melbourne (CBD),Wholesale Trade,86
2023,Melbourne (Remainder),Admin and Support Services,1
2023,Melbourne (Remainder),Arts and Recreation Services,3
2023,Melbourne (Remainder),Construction,6
2023,Melbourne (Remainder),Education and Training,1
2023,Melbourne (Remainder),"Electricity, Gas, Water",2
2023,Melbourne (Remainder),Real Estate Services,2
2023,Melbourne (Remainder),Retail Trade,1
2023,Melbourne (Remainder),Retail Trade,14
2023,North Melbourne,Food and Beverage Services,4
2023,North Melbourne,Health Care and Social Assistance,80
2023,North Melbourne,Public Administration and Safety,4
2023,Parkville,Arts and Recreation Services,5
2023,Parkville,Business Services,1
2023,Port Melbourne,Education and Training,1
2023,Port Melbourne,Business Services,14
2023,Port Melbourne,Rental and Hiring Services,9
2023,Port Melbourne,Retail Trade,6
2023,Port Melbourne,Retail Trade,1
2023,Port Melbourne,Wholesale Trade,41
2023,South Yarra,Education and Training,1
2023,Southbank,Admin and Support Services,1
2023,Southbank,Agriculture and Mining,1
2023,Southbank,Construction,1
2023,Southbank,Finance and Insurance,13
2023,Southbank,Business Services,50
2023,West Melbourne (Industrial),Food and Beverage Services,4
2023,West Melbourne (Industrial),Business Services,2
2023,West Melbourne (Industrial),"Transport, Postal and Storage",10
2023,West Melbourne (Residential),Food Catering Services,1
2023,West Melbourne (Residential),Food Catering Services,3
2023,West Melbourne (Residential),Education and Training,4
2023,West Melbourne (Residential),Finance and Insurance,4
2023,West Melbourne (Residential),Other Services,41
2022,Carlton,Other Services,19
2022,Carlton,Business Services,75
2022,Carlton,Public Administration and Safety,2
2022,Carlton,Real Estate Services,1
2022,Carlton,Retail Trade,92
2022,Carlton,"Transport, Postal and Storage",2
2022,Docklands,Food Catering Services,7
2022,Docklands,Arts and Recreation Services,3
2022,Docklands,Construction,1
2022,Docklands,Education and Training,8
2022,Docklands,Other Services,4
2022,Docklands,Public Administration and Safety,5
2022,Docklands,Retail Trade,2
2022,Docklands,"Transport, Postal and Storage",6
2022,East Melbourne,Food Catering Services,13
2022,East Melbourne,Arts and Recreation Services,2
2022,East Melbourne,Other Services,10
2022,East Melbourne,Public Administration and Safety,6
2022,Kensington,Arts and Recreation Services,12
2022,Kensington,"Electricity, Gas, Water",8
2022,Kensington,Business Services,1
2022,Melbourne (CBD),Food Catering Services,4
2022,Melbourne (CBD),Admin and Support Services,8
2022,Melbourne (CBD),Other Services,52
2022,Melbourne (CBD),Other Services,682
2022,Melbourne (CBD),Public Administration and Safety,51
2022,Melbourne (CBD),"Transport, Postal and Storage",3
2022,Melbourne (Remainder),Construction,2
2022,Melbourne (Remainder),Information Media,1
2022,Melbourne (Remainder),Other Services,12
2022,Melbourne (Remainder),Public Administration and Safety,2
2022,Melbourne (Remainder),Wholesale Trade,2
2022,North Melbourne,"Electricity, Gas, Water",24
2022,North Melbourne,Information Media,1
2022,North Melbourne,Other Services,6
2022,North Melbourne,Public Administration and Safety,4
2022,North Melbourne,Rental and Hiring Services,5
2022,North Melbourne,"Transport, Postal and Storage",2
2022,Parkville,Food Catering Services,8
2022,Parkville,Admin and Support Services,2
2022,Parkville,Arts and Recreation Services,3
2022,Parkville,Education and Training,11
2022,Parkville,Finance and Insurance,5
2022,Parkville,Business Services,6
2022,Port Melbourne,Construction,1
2022,Port Melbourne,Information Media,13
2022,Port Melbourne,Business Services,12
2022,Port Melbourne,Business Services,2
2022,Port Melbourne,Public Administration and Safety,6
2022,Port Melbourne,"Transport, Postal and Storage",14
2022,South Yarra,Food and Beverage Services,2
2022,South Yarra,Food and Beverage Services,7
2022,South Yarra,Arts and Recreation Services,4
2022,South Yarra,Education and Training,6
2022,Southbank,Food Catering Services,3
2022,Southbank,Arts and Recreation Services,15
2022,Southbank,Construction,1
2022,Southbank,"Electricity, Gas, Water",5
2022,Southbank,Information Media,3
2022,Southbank,Manufacturing,3
2022,Southbank,Other Services,17
2022,Southbank,Business Services,58
2022,Southbank,Real Estate Services,5
2022,West Melbourne (Industrial),Arts and Recreation Services,1
2022,West Melbourne (Industrial),"Transport, Postal and Storage",5
2022,West Melbourne (Residential),Arts and Recreation Services,10
2022,West Melbourne (Residential),Other Services,27
2021,Carlton,Public Administration and Safety,6
2021,Docklands,"Transport, Postal and Storage",6
2021,East Melbourne,Construction,1
2021,East Melbourne,Education and Training,3
2021,East Melbourne,Education and Training,7
2021,East Melbourne,Information Media,1
2021,East Melbourne,Other Services,9
2021,East Melbourne,Other Services,30
2021,Kensington,Food and Beverage Services,47
2021,Kensington,Health Care and Social Assistance,6
2021,Kensington,Public Administration and Safety,2
2021,Melbourne (CBD),Food and Beverage Services,184
2021,Melbourne (CBD),Admin and Support Services,216
2021,Melbourne (CBD),Finance and Insurance,4
2021,Melbourne (CBD),Finance and Insurance,434
2021,Melbourne (CBD),Agriculture and Mining,2
2021,Melbourne (CBD),Agriculture and Mining,5
2021,Melbourne (CBD),Other Services,756
2021,Melbourne (CBD),"Transport, Postal and Storage",11
2021,Melbourne (Remainder),"Electricity, Gas, Water",1
2021,Melbourne (Remainder),Business Services,6
2021,Melbourne (Remainder),Public Administration and Safety,2
2021,North Melbourne,Food Catering Services,6
2021,North Melbourne,Arts and Recreation Services,1
2021,North Melbourne,Education and Training,1
2021,North Melbourne,Manufacturing,26
2021,North Melbourne,Other Services,6
2021,North Melbourne,Public Administration and Safety,3
2021,North Melbourne,Rental and Hiring Services,5
2021,North Melbourne,Real Estate Services,12
2021,Parkville,Arts and Recreation Services,10
2021,Parkville,Education and Training,14
2021,Parkville,Retail Trade,20
2021,Port Melbourne,Food and Beverage Services,13
2021,Port Melbourne,Construction,17
2021,Port Melbourne,Construction,1
2021,Port Melbourne,"Electricity, Gas, Water",1
2021,Port Melbourne,Health Care and Social Assistance,2
2021,Port Melbourne,Information Media,1
2021,Port Melbourne,"Transport, Postal and Storage",2
2021,South Yarra,Education and Training,3
2021,South Yarra,Manufacturing,1
2021,South Yarra,Other Services,7
2021,South Yarra,Retail Trade,4
2021,Southbank,Food and Beverage Services,133
2021,Southbank,Arts and Recreation Services,15
2021,Southbank,Other Services,16
2021,Southbank,Retail Trade,1
2018,Docklands,Business Services,9
2018,Docklands,Rental and Hiring Services,7
2018,East Melbourne,Food Catering Services,2
2018,East Melbourne,Food Catering Services,14
2018,East Melbourne,Education and Training,3
2018,East Melbourne,Agriculture and Mining,1
2018,East Melbourne,Business Services,15
2018,Kensington,Manufacturing,39
2018,Melbourne (CBD),Food and Beverage Services,222
2018,Melbourne (CBD),Construction,97
2018,Melbourne (Remainder),Education and Training,4
2018,Melbourne (Remainder),Manufacturing,1
2018,Melbourne (Remainder),"Transport, Postal and Storage",1
2018,North Melbourne,Wholesale Trade,1
2018,Parkville,Manufacturing,1
2018,Port Melbourne,Food Catering Services,2
2018,Port Melbourne,Arts and Recreation Services,5
2018,Port Melbourne,Health Care and Social Assistance,1
2018,Port Melbourne,Health Care and Social Assistance,2
2018,Port Melbourne,Public Administration and Safety,2
2018,Port Melbourne,"Transport, Postal and Storage",28
2018,South Yarra,Admin and Support Services,1
2018,Southbank,Agriculture and Mining,1
2018,Southbank,Construction,25
2018,Southbank,Business Services,6
2018,West Melbourne (Industrial),Food and Beverage Services,6
2018,West Melbourne (Industrial),Other Services,4
2018,West Melbourne (Residential),Arts and Recreation Services,9
2018,West Melbourne (Residential),Retail Trade,1
2017,Carlton,Arts and Recreation Services,21
2017,Carlton,Education and Training,53
2017,Carlton,Finance and Insurance,25
2017,Carlton,Health Care and Social Assistance,18
2017,Carlton,Information Media,1
2017,Docklands,Construction,18
2017,Docklands,Business Services,20
2017,Docklands,Rental and Hiring Services,6
2017,East Melbourne,Food and Beverage Services,1
2017,East Melbourne,Arts and Recreation Services,7
2017,East Melbourne,Finance and Insurance,2
2017,Kensington,Admin and Support Services,1
2017,Kensington,Construction,1
2017,Kensington,Information Media,1
2017,Melbourne (CBD),Food and Beverage Services,218
2017,Melbourne (CBD),Construction,3
2017,Melbourne (CBD),Health Care and Social Assistance,3
2017,Melbourne (CBD),Information Media,73
2017,Melbourne (CBD),Manufacturing,5
2017,Melbourne (CBD),Public Administration and Safety,62
2017,Melbourne (CBD),"Transport, Postal and Storage",5
2017,North Melbourne,Education and Training,7
2017,North Melbourne,Business Services,2
2017,North Melbourne,Wholesale Trade,56
2017,Parkville,Food and Beverage Services,67
2017,Parkville,Arts and Recreation Services,1
2017,Port Melbourne,Food and Beverage Services,16
2017,Port Melbourne,Other Services,5
2017,Southbank,Food Catering Services,5
2017,Southbank,Finance and Insurance,16
2017,Southbank,Other Services,18
2017,Southbank,Retail Trade,10
2017,West Melbourne (Industrial),"Electricity, Gas, Water",3
2017,West Melbourne (Residential),Education and Training,13
2017,West Melbourne (Residential),Business Services,80
2017,West Melbourne (Residential),Retail Trade,1
2016,Carlton,Information Media,12
2016,Carlton,Real Estate Services,1
2016,Docklands,Admin and Support Services,2
2016,Docklands,Construction,18
2016,Docklands,Retail Trade,4
2016,North Melbourne,Business Services,18
2016,Parkville,Food Catering Services,7
2016,Parkville,Manufacturing,2
2016,Port Melbourne,Information Media,1
2016,Port Melbourne,Public Administration and Safety,1
2016,Port Melbourne,"Transport, Postal and Storage",25
2016,South Yarra,Food and Beverage Services,3
2016,South Yarra,Food and Beverage Services,5
2016,South Yarra,Health Care and Social Assistance,1
2016,South Yarra,Public Administration and Safety,1
2016,Southbank,Arts and Recreation Services,16
2016,Southbank,Retail Trade,3
2016,West Melbourne (Industrial),Arts and Recreation Services,1
2016,West Melbourne (Industrial),Arts and Recreation Services,8
2016,West Melbourne (Industrial),Construction,2
2011,Melbourne (CBD),"Electricity, Gas, Water",37
2011,Melbourne (CBD),Health Care and Social Assistance,38
2011,Melbourne (CBD),Other Services,1
2011,Melbourne (Remainder),Education and Training,3
2011,Melbourne (Remainder),"Electricity, Gas, Water",3
2011,Melbourne (Remainder),Health Care and Social Assistance,5
2011,Melbourne (Remainder),Manufacturing,1
2011,Melbourne (Remainder),Retail Trade,1
2011,North Melbourne,Wholesale Trade,6
2011,Parkville,Admin and Support Services,3
2011,Parkville,Other Services,2
2011,Port Melbourne,Construction,36
2011,Port Melbourne,"Transport, Postal and Storage",20
2011,South Yarra,Education and Training,4
2011,South Yarra,Retail Trade,1
2011,Southbank,Education and Training,2
2011,Southbank,Health Care and Social Assistance,4
2011,Southbank,Real Estate Services,20
2011,Southbank,"Transport, Postal and Storage",1
2011,West Melbourne (Industrial),Finance and Insurance,1
2011,West Melbourne (Residential),Food Catering Services,4
2011,West Melbourne (Residential),Construction,10
2011,West Melbourne (Residential),Health Care and Social Assistance,4
2011,West Melbourne (Residential),"Transport, Postal and Storage",1
2010,Carlton,Education and Training,3
2010,Docklands,Health Care and Social Assistance,2
2010,Docklands,Public Administration and Safety,6
2010,Kensington,Rental and Hiring Services,3
2010,Melbourne (CBD),Food Catering Services,46
2010,Melbourne (CBD),Agriculture and Mining,1
2010,Melbourne (CBD),"Electricity, Gas, Water",7
2010,Melbourne (CBD),Finance and Insurance,6
2010,Melbourne (CBD),Agriculture and Mining,6
2010,Melbourne (CBD),Retail Trade,5
2010,Melbourne (Remainder),Education and Training,2
2010,Melbourne (Remainder),Other Services,15
2010,Melbourne (Remainder),Business Services,43
2010,Melbourne (Remainder),Wholesale Trade,3
2010,North Melbourne,Arts and Recreation Services,5
2010,North Melbourne,Health Care and Social Assistance,2
2010,North Melbourne,Other Services,6
2010,North Melbourne,Other Services,128
2010,Parkville,Food Catering Services,5
2010,Parkville,Admin and Support Services,3
2010,Parkville,Arts and Recreation Services,5
2010,Parkville,Public Administration and Safety,2
2010,Parkville,Real Estate Services,1
2010,Port Melbourne,Finance and Insurance,1
2010,Port Melbourne,Manufacturing,48
2010,Port Melbourne,Business Services,1
2010,Port Melbourne,Retail Trade,18
2010,South Yarra,Education and Training,1
2010,Southbank,Retail Trade,97
2010,West Melbourne (Residential),Business Services,1
2009,Carlton,Manufacturing,32
2009,Carlton,Business Services,3
2009,Docklands,Public Administration and Safety,6
2009,Docklands,Rental and Hiring Services,3
2009,East Melbourne,Real Estate Services,1
2009,East Melbourne,Retail Trade,1
2009,East Melbourne,Wholesale Trade,4
2009,Kensington,Other Services,7
2009,Melbourne (CBD),Admin and Support Services,455
2009,Melbourne (CBD),Health Care and Social Assistance,1
2009,Melbourne (CBD),Retail Trade,69
2009,Melbourne (CBD),Retail Trade,10
2009,Melbourne (CBD),Wholesale Trade,1
2009,Melbourne (Remainder),Manufacturing,8
2009,Melbourne (Remainder),"Transport, Postal and Storage",4
2009,North Melbourne,Admin and Support Services,35
2009,North Melbourne,Education and Training,1
2009,North Melbourne,Business Services,15
2009,North Melbourne,Real Estate Services,8
2009,Parkville,Food and Beverage Services,30
2009,Parkville,Agriculture and Mining,1
2009,Parkville,Manufacturing,2
2009,Parkville,Real Estate Services,1
2009,Parkville,Retail Trade,23
2009,Port Melbourne,"Electricity, Gas, Water",6
2009,Port Melbourne,Retail Trade,15
2009,Port Melbourne,Wholesale Trade,16
2009,Southbank,Food Catering Services,4
2009,Southbank,Admin and Support Services,3
2009,Southbank,"Electricity, Gas, Water",1
2009,Southbank,Health Care and Social Assistance,1
2009,Southbank,Business Services,72
2009,Southbank,Public Administration and Safety,1
2009,Southbank,Rental and Hiring Services,1
2009,West Melbourne (Industrial),Food and Beverage Services,7
2009,West Melbourne (Industrial),Information Media,2
2009,West Melbourne (Industrial),Public Administration and Safety,1
2009,West Melbourne (Industrial),"Transport, Postal and Storage",4
2009,West Melbourne (Residential),Finance and Insurance,13
2009,West Melbourne (Residential),Wholesale Trade,3
2008,Carlton,Education and Training,4
2008,Carlton,"Transport, Postal and Storage",1
2008,Docklands,Food Catering Services,3
2008,East Melbourne,Admin and Support Services,9
2008,East Melbourne,Business Services,15
2008,East Melbourne,Public Administration and Safety,5
2008,East Melbourne,Retail Trade,1
2008,Kensington,Arts and Recreation Services,20
2008,Kensington,Manufacturing,27
2008,Melbourne (CBD),Health Care and Social Assistance,2
2008,Melbourne (CBD),Business Services,1485
2008,Melbourne (CBD),Real Estate Services,136
2008,Melbourne (CBD),Retail Trade,64
2008,Melbourne (CBD),Wholesale Trade,109
2008,Melbourne (Remainder),Arts and Recreation Services,7
2008,Melbourne (Remainder),Finance and Insurance,17
2008,North Melbourne,Admin and Support Services,5
2008,North Melbourne,Manufacturing,8
2008,North Melbourne,Other Services,12
2008,North Melbourne,Retail Trade,107
2008,North Melbourne,Wholesale Trade,73
2008,Parkville,Arts and Recreation Services,4
2008,Port Melbourne,Food and Beverage Services,2
2008,Port Melbourne,Public Administration and Safety,3
2008,Southbank,Construction,5
2008,West Melbourne (Industrial),Food and Beverage Services,7
2008,West Melbourne (Industrial),Arts and Recreation Services,3
2008,West Melbourne (Industrial),"Transport, Postal and Storage",19
2004,Melbourne (CBD),Food Catering Services,45
2004,Melbourne (CBD),Construction,1
2004,Melbourne (CBD),Information Media,41
2004,Melbourne (CBD),Public Administration and Safety,74
2004,Melbourne (CBD),Public Administration and Safety,2
2004,Melbourne (Remainder),Arts and Recreation Services,2
2004,Melbourne (Remainder),Construction,5
2004,North Melbourne,Arts and Recreation Services,9
2004,North Melbourne,Arts and Recreation Services,15
2004,North Melbourne,Finance and Insurance,20
2004,North Melbourne,Health Care and Social Assistance,32
2004,North Melbourne,Rental and Hiring Services,2
2004,Parkville,Food Catering Services,9
2004,Parkville,Arts and Recreation Services,1
2004,Parkville,Finance and Insurance,1
2004,Parkville,Real Estate Services,1
2004,Parkville,Wholesale Trade,2
2004,Port Melbourne,Manufacturing,15
2003,Melbourne (CBD),Manufacturing,2
2003,Melbourne (CBD),Retail Trade,60
2003,Melbourne (Remainder),Information Media,5
2003,North Melbourne,Real Estate Services,8
2003,Parkville,Wholesale Trade,2
2003,Port Melbourne,Agriculture and Mining,1
2003,South Yarra,Food Catering Services,1
2003,South Yarra,Information Media,1
2003,Southbank,Arts and Recreation Services,6
2003,Southbank,"Electricity, Gas, Water",3
2003,Southbank,Public Administration and Safety,7
2003,West Melbourne (Industrial),"Electricity, Gas, Water",2
2003,West Melbourne (Industrial),"Transport, Postal and Storage",36
2003,West Melbourne (Industrial),"Transport, Postal and Storage",25
2003,West Melbourne (Residential),Arts and Recreation Services,7
2003,West Melbourne (Residential),Arts and Recreation Services,10
2003,West Melbourne (Residential),Manufacturing,8
2003,West Melbourne (Residential),Rental and Hiring Services,1
2003,West Melbourne (Residential),Retail Trade,4
2002,Docklands,Finance and Insurance,1
2002,East Melbourne,Food Catering Services,15
2002,East Melbourne,Arts and Recreation Services,20
2002,East Melbourne,Business Services,51
2002,Kensington,Health Care and Social Assistance,1
2002,Kensington,Information Media,1
2002,Melbourne (CBD),Education and Training,4
2002,Melbourne (CBD),Wholesale Trade,115
2002,Melbourne (Remainder),Food and Beverage Services,1
2002,Melbourne (Remainder),"Electricity, Gas, Water",3
2002,Melbourne (Remainder),Health Care and Social Assistance,49
2002,Melbourne (Remainder),Other Services,19
2002,Melbourne (Remainder),Retail Trade,1
2002,North Melbourne,Construction,1
2002,North Melbourne,Education and Training,1
2002,North Melbourne,"Transport, Postal and Storage",2
2002,Parkville,Manufacturing,1
2002,Parkville,Retail Trade,2
2002,Parkville,Retail Trade,16
2002,Port Melbourne,Manufacturing,6
2002,Port Melbourne,Agriculture and Mining,1
2002,South Yarra,Food and Beverage Services,4
2002,Southbank,Agriculture and Mining,2
2002,Southbank,Wholesale Trade,19
2002,West Melbourne (Industrial),Manufacturing,1
2002,West Melbourne (Industrial),Other Services,8
2002,West Melbourne (Industrial),"Transport, Postal and Storage",3
2002,West Melbourne (Residential),Other Services,6
2023,City of Melbourne (total),Food Catering Services,10
2023,City of Melbourne (total),Education and Training,216
2023,City of Melbourne (total),Information Media,75
2023,City of Melbourne (total),Business Services,637
2023,City of Melbourne (total),Real Estate Services,7
2023,City of Melbourne (total),"Transport, Postal and Storage",59
2022,City of Melbourne (total),Education and Training,23
2022,City of Melbourne (total),Real Estate Services,260
2021,City of Melbourne (total),Food and Beverage Services,302
2021,City of Melbourne (total),Manufacturing,337
2021,City of Melbourne (total),Manufacturing,12
2021,City of Melbourne (total),"Transport, Postal and Storage",45
2020,City of Melbourne (total),Food Catering Services,86
2020,City of Melbourne (total),Food Catering Services,93
2020,City of Melbourne (total),Admin and Support Services,8
2020,City of Melbourne (total),Public Administration and Safety,12
2020,City of Melbourne (total),Wholesale Trade,283
2019,City of Melbourne (total),"Electricity, Gas, Water",19
2019,City of Melbourne (total),Agriculture and Mining,5
2019,City of Melbourne (total),Real Estate Services,75
2019,City of Melbourne (total),"Transport, Postal and Storage",43
2019,City of Melbourne (total),"Transport, Postal and Storage",21
2018,City of Melbourne (total),Food Catering Services,10
2018,City of Melbourne (total),Agriculture and Mining,6
2018,City of Melbourne (total),Construction,287
2018,City of Melbourne (total),"Electricity, Gas, Water",144
2018,City of Melbourne (total),Finance and Insurance,210
2018,City of Melbourne (total),Information Media,141
2018,City of Melbourne (total),Manufacturing,9
2018,City of Melbourne (total),Manufacturing,15
2018,City of Melbourne (total),Other Services,119
2018,City of Melbourne (total),Public Administration and Safety,44
2018,City of Melbourne (total),"Transport, Postal and Storage",44
2017,City of Melbourne (total),Arts and Recreation Services,285
2017,City of Melbourne (total),Education and Training,225
2017,City of Melbourne (total),Other Services,3
2017,City of Melbourne (total),Business Services,62
2017,City of Melbourne (total),Retail Trade,126
2016,City of Melbourne (total),Food and Beverage Services,7
2016,City of Melbourne (total),Education and Training,28
2015,City of Melbourne (total),"Electricity, Gas, Water",15
2015,City of Melbourne (total),Finance and Insurance,4
2015,City of Melbourne (total),Business Services,10
2014,City of Melbourne (total),Food Catering Services,82
2014,City of Melbourne (total),Information Media,160
2014,City of Melbourne (total),Business Services,65
2013,City of Melbourne (total),Food and Beverage Services,6
2013,City of Melbourne (total),Health Care and Social Assistance,921
2013,City of Melbourne (total),Agriculture and Mining,4
2012,City of Melbourne (total),Education and Training,300
2012,City of Melbourne (total),Finance and Insurance,51
2012,City of Melbourne (total),Rental and Hiring Services,3
2011,City of Melbourne (total),Food and Beverage Services,249
2011,City of Melbourne (total),Agriculture and Mining,7
2011,City of Melbourne (total),"Transport, Postal and Storage",18
2010,City of Melbourne (total),Food Catering Services,8
2010,City of Melbourne (total),Education and Training,9
2010,City of Melbourne (total),Health Care and Social Assistance,905
2009,City of Melbourne (total),Food Catering Services,8
2009,City of Melbourne (total),Education and Training,23
2009,City of Melbourne (total),Finance and Insurance,706
2009,City of Melbourne (total),Business Services,454
2009,City of Melbourne (total),Rental and Hiring Services,7
2022,West Melbourne (Residential),Construction,6
2022,West Melbourne (Residential),Health Care and Social Assistance,3
2021,Carlton,Manufacturing,2
2021,Carlton,Retail Trade,101
2021,Carlton,Wholesale Trade,1
2021,Docklands,Finance and Insurance,6
2021,Docklands,Finance and Insurance,25
2021,Docklands,Information Media,8
2021,Docklands,Other Services,1
2021,Docklands,"Transport, Postal and Storage",4
2021,Melbourne (CBD),Health Care and Social Assistance,2
2021,Southbank,"Transport, Postal and Storage",2
2021,West Melbourne (Industrial),Construction,5
2021,West Melbourne (Industrial),Manufacturing,1
2021,West Melbourne (Industrial),Other Services,1
2021,West Melbourne (Industrial),Retail Trade,3
2021,West Melbourne (Residential),Admin and Support Services,3
2021,West Melbourne (Residential),Admin and Support Services,6
2021,West Melbourne (Residential),Construction,6
2021,West Melbourne (Residential),Education and Training,1
2021,West Melbourne (Residential),Finance and Insurance,2
2021,West Melbourne (Residential),Information Media,5
2021,West Melbourne (Residential),Manufacturing,7
2021,West Melbourne (Residential),Business Services,71
2021,West Melbourne (Residential),Retail Trade,31
2021,West Melbourne (Residential),Wholesale Trade,20
2020,Carlton,Food and Beverage Services,207
2020,Carlton,Education and Training,13
2020,Carlton,Wholesale Trade,10
2020,Docklands,Food and Beverage Services,1
2020,Docklands,Food and Beverage Services,3
2020,Docklands,Construction,1
2020,Docklands,Manufacturing,15
2020,Docklands,Agriculture and Mining,2
2020,Docklands,"Transport, Postal and Storage",6
2020,Docklands,Wholesale Trade,1
2020,East Melbourne,Food and Beverage Services,1
2020,East Melbourne,Food Catering Services,13
2020,East Melbourne,Education and Training,3
2020,East Melbourne,Finance and Insurance,8
2020,East Melbourne,Manufacturing,2
2020,East Melbourne,Retail Trade,12
2020,Kensington,Food Catering Services,1
2020,Kensington,Arts and Recreation Services,14
2020,Kensington,Construction,2
2020,Kensington,Education and Training,5
2020,Kensington,Manufacturing,5
2020,Kensington,Manufacturing,2
2020,Kensington,Public Administration and Safety,3
2020,Kensington,Rental and Hiring Services,1
2020,Melbourne (CBD),Admin and Support Services,84
2020,Melbourne (CBD),Construction,1
2020,Melbourne (CBD),Construction,87
2020,Melbourne (CBD),Health Care and Social Assistance,2
2020,Melbourne (CBD),Health Care and Social Assistance,2
2020,Melbourne (CBD),Manufacturing,1
2020,Melbourne (CBD),Other Services,76
2020,Melbourne (CBD),Real Estate Services,8
2020,Melbourne (Remainder),Food Catering Services,1
2020,Melbourne (Remainder),Health Care and Social Assistance,9
2020,Melbourne (Remainder),"Transport, Postal and Storage",2
2020,North Melbourne,Food and Beverage Services,104
2020,North Melbourne,Admin and Support Services,27
2020,North Melbourne,Construction,7
2020,North Melbourne,Education and Training,1
2020,North Melbourne,Health Care and Social Assistance,13
2020,North Melbourne,Real Estate Services,1
2020,North Melbourne,"Transport, Postal and Storage",3
2020,Parkville,Food and Beverage Services,55
2020,Parkville,Admin and Support Services,2
2020,Parkville,Arts and Recreation Services,1
2020,Parkville,Arts and Recreation Services,2
2020,Parkville,Education and Training,50
2020,Parkville,Education and Training,14
2020,Parkville,Manufacturing,1
2020,Parkville,Real Estate Services,1
2020,Port Melbourne,Information Media,1
2020,Port Melbourne,Other Services,5
2020,Port Melbourne,Real Estate Services,7
2020,South Yarra,Food Catering Services,2
2020,South Yarra,Admin and Support Services,1
2020,South Yarra,Public Administration and Safety,1
2020,Southbank,Education and Training,7
2020,Southbank,Public Administration and Safety,2
2020,Southbank,Wholesale Trade,5
2020,West Melbourne (Industrial),Food and Beverage Services,4
2020,West Melbourne (Industrial),Wholesale Trade,5
2020,West Melbourne (Industrial),Wholesale Trade,23
2020,West Melbourne (Residential),Food Catering Services,4
2020,West Melbourne (Residential),Construction,6
2020,West Melbourne (Residential),Manufacturing,2
2020,West Melbourne (Residential),Other Services,5
2020,West Melbourne (Residential),Public Administration and Safety,3
2020,West Melbourne (Residential),Retail Trade,2
2019,Carlton,Food Catering Services,40
2019,Carlton,Admin and Support Services,3
2019,Carlton,Construction,2
2019,Carlton,Education and Training,32
2019,Carlton,Finance and Insurance,5
2019,Carlton,Finance and Insurance,26
2019,Carlton,Other Services,21
2019,Carlton,"Transport, Postal and Storage",4
2019,Docklands,Food and Beverage Services,1
2019,Docklands,Admin and Support Services,2
2019,Docklands,Construction,6
2019,Docklands,Manufacturing,2
2019,Docklands,Agriculture and Mining,1
2019,Docklands,Business Services,9
2019,Docklands,Real Estate Services,5
2019,Docklands,"Transport, Postal and Storage",6
2019,East Melbourne,Food Catering Services,9
2019,East Melbourne,Food and Beverage Services,43
2019,East Melbourne,Finance and Insurance,10
2019,East Melbourne,Manufacturing,2
2019,East Melbourne,Retail Trade,1
2019,East Melbourne,Wholesale Trade,3
2019,Kensington,Admin and Support Services,7
2019,Kensington,Agriculture and Mining,2
2019,Kensington,Finance and Insurance,2
2019,Kensington,Wholesale Trade,3
2019,Melbourne (CBD),Information Media,13
2019,Melbourne (CBD),Manufacturing,1
2019,Melbourne (CBD),Agriculture and Mining,2
2019,Melbourne (CBD),Agriculture and Mining,5
2019,Melbourne (CBD),Other Services,2
2019,Melbourne (Remainder),Admin and Support Services,1
2019,Melbourne (Remainder),Information Media,1
2019,Melbourne (Remainder),Business Services,11
2019,North Melbourne,Food Catering Services,13
2019,North Melbourne,Arts and Recreation Services,12
2019,North Melbourne,Finance and Insurance,2
2019,North Melbourne,Health Care and Social Assistance,1
2019,North Melbourne,Information Media,2
2019,North Melbourne,Business Services,133
2019,Parkville,Arts and Recreation Services,2
2019,Parkville,Arts and Recreation Services,30
2019,Parkville,Education and Training,12
2019,Parkville,Health Care and Social Assistance,8
2019,Parkville,Other Services,14
2019,Parkville,Business Services,8
2019,Parkville,Public Administration and Safety,2
2019,Port Melbourne,Construction,19
2019,Port Melbourne,Other Services,5
2019,Port Melbourne,"Transport, Postal and Storage",17
2019,South Yarra,Food and Beverage Services,6
2019,South Yarra,Arts and Recreation Services,4
2019,South Yarra,Retail Trade,4
2019,Southbank,Food and Beverage Services,4
2019,Southbank,Arts and Recreation Services,6
2019,Southbank,Education and Training,8
2019,Southbank,Manufacturing,4
2019,Southbank,Other Services,17
2019,Southbank,Business Services,7
2019,Southbank,Public Administration and Safety,2
2019,Southbank,"Transport, Postal and Storage",4
2019,West Melbourne (Industrial),Arts and Recreation Services,8
2019,West Melbourne (Industrial),"Electricity, Gas, Water",6
2019,West Melbourne (Industrial),"Transport, Postal and Storage",23
2019,West Melbourne (Residential),Food Catering Services,1
2019,West Melbourne (Residential),Business Services,2
2018,Carlton,Food Catering Services,16
2018,Carlton,Construction,13
2018,Carlton,Education and Training,32
2018,Carlton,Education and Training,14
2018,Carlton,Education and Training,41
2018,Carlton,Health Care and Social Assistance,3
2018,Carlton,Other Services,13
2018,Docklands,Food Catering Services,6
2018,Docklands,Arts and Recreation Services,3
2018,Docklands,Information Media,10
2018,Docklands,Information Media,2
2018,Docklands,Agriculture and Mining,1
2018,Docklands,Other Services,4
2018,Docklands,Public Administration and Safety,9
2018,Docklands,Wholesale Trade,21
2018,East Melbourne,Food and Beverage Services,1
2018,Kensington,Arts and Recreation Services,14
2018,Kensington,Arts and Recreation Services,56
2018,Kensington,Manufacturing,4
2018,Melbourne (CBD),Admin and Support Services,1
2018,Melbourne (CBD),Agriculture and Mining,4
2018,Melbourne (CBD),Construction,29
2018,Melbourne (CBD),"Electricity, Gas, Water",34
2018,Melbourne (CBD),"Electricity, Gas, Water",9
2018,Melbourne (CBD),Manufacturing,1
2018,Melbourne (Remainder),Arts and Recreation Services,3
2018,Melbourne (Remainder),Health Care and Social Assistance,2
2018,Melbourne (Remainder),Business Services,4
2018,Melbourne (Remainder),Public Administration and Safety,2
2018,Melbourne (Remainder),Wholesale Trade,4
2018,North Melbourne,Arts and Recreation Services,1
2018,North Melbourne,Real Estate Services,1
2018,Parkville,Food and Beverage Services,8
2018,Parkville,Admin and Support Services,5
2018,Parkville,Arts and Recreation Services,30
2018,Parkville,Education and Training,12
2018,Parkville,"Transport, Postal and Storage",2
2018,Port Melbourne,Other Services,5
2018,Port Melbourne,Business Services,61
2018,Port Melbourne,Public Administration and Safety,5
2018,Port Melbourne,"Transport, Postal and Storage",1
2018,Southbank,Food and Beverage Services,123
2018,Southbank,Arts and Recreation Services,16
2018,Southbank,Health Care and Social Assistance,25
2018,Southbank,Public Administration and Safety,4
2018,West Melbourne (Industrial),Arts and Recreation Services,1
2018,West Melbourne (Industrial),Arts and Recreation Services,3
2018,West Melbourne (Industrial),Other Services,1
2018,West Melbourne (Industrial),Wholesale Trade,4
2018,West Melbourne (Residential),Public Administration and Safety,2
2017,Carlton,Health Care and Social Assistance,1
2017,Carlton,Real Estate Services,18
2017,Docklands,Arts and Recreation Services,2
2017,Docklands,"Electricity, Gas, Water",1
2017,Docklands,Finance and Insurance,9
2017,Docklands,Other Services,54
2017,Docklands,Public Administration and Safety,4
2017,Docklands,"Transport, Postal and Storage",32
2017,Kensington,Admin and Support Services,9
2017,Kensington,Health Care and Social Assistance,17
2017,Kensington,Other Services,4
2017,Melbourne (CBD),Food and Beverage Services,1413
2017,Melbourne (CBD),Finance and Insurance,541
2017,Melbourne (CBD),Real Estate Services,43
2017,Melbourne (CBD),Retail Trade,4
2017,Melbourne (CBD),"Transport, Postal and Storage",58
2017,Melbourne (Remainder),Food and Beverage Services,39
2017,Melbourne (Remainder),Education and Training,4
2017,Melbourne (Remainder),Health Care and Social Assistance,3
2017,Melbourne (Remainder),Health Care and Social Assistance,6
2017,Melbourne (Remainder),Real Estate Services,2
2017,North Melbourne,"Electricity, Gas, Water",21
2017,North Melbourne,Information Media,3
2017,Parkville,Food Catering Services,2
2017,Parkville,"Transport, Postal and Storage",2
2017,Port Melbourne,Health Care and Social Assistance,2
2017,Port Melbourne,Information Media,2
2017,Port Melbourne,"Transport, Postal and Storage",5
2017,Port Melbourne,Wholesale Trade,1
2017,Southbank,Finance and Insurance,1
2017,Southbank,Information Media,12
2017,Southbank,Information Media,7
2017,Southbank,Business Services,53
2017,Southbank,Real Estate Services,6
2017,Southbank,Wholesale Trade,4
2017,West Melbourne (Residential),Manufacturing,10
2017,West Melbourne (Residential),Other Services,5
2017,West Melbourne (Residential),Wholesale Trade,2
2016,Docklands,Arts and Recreation Services,4
2016,Docklands,"Electricity, Gas, Water",2
2016,Docklands,Manufacturing,1
2016,East Melbourne,Food Catering Services,2
2016,East Melbourne,Food Catering Services,17
2016,East Melbourne,Education and Training,4
2016,East Melbourne,Finance and Insurance,2
2016,East Melbourne,Information Media,2
2016,East Melbourne,Manufacturing,2
2016,East Melbourne,Other Services,10
2016,East Melbourne,Public Administration and Safety,4
2016,Kensington,Admin and Support Services,9
2016,Kensington,Agriculture and Mining,2
2016,Kensington,"Electricity, Gas, Water",10
2016,Kensington,Retail Trade,2
2016,Melbourne (CBD),Food and Beverage Services,207
2016,Melbourne (CBD),Arts and Recreation Services,20
2016,Melbourne (CBD),Arts and Recreation Services,120
2016,Melbourne (CBD),Health Care and Social Assistance,374
2016,Melbourne (CBD),Other Services,87
2016,Melbourne (Remainder),Education and Training,2
2016,Melbourne (Remainder),Education and Training,4
2016,Melbourne (Remainder),"Electricity, Gas, Water",2
2016,Melbourne (Remainder),Retail Trade,1
2016,Melbourne (Remainder),"Transport, Postal and Storage",5
2016,Melbourne (Remainder),Wholesale Trade,4
2016,North Melbourne,Food and Beverage Services,5
2016,North Melbourne,Arts and Recreation Services,36
2016,North Melbourne,Construction,8
2016,North Melbourne,Health Care and Social Assistance,2
2016,North Melbourne,Information Media,3
2016,North Melbourne,Public Administration and Safety,4
2016,Parkville,Food and Beverage Services,5
2016,Parkville,Arts and Recreation Services,28
2016,Parkville,Manufacturing,1
2016,Port Melbourne,Construction,38
2016,Port Melbourne,Business Services,11
2016,Port Melbourne,Wholesale Trade,1
2016,South Yarra,Arts and Recreation Services,4
2016,South Yarra,Retail Trade,5
2016,Southbank,Admin and Support Services,9
2016,Southbank,Agriculture and Mining,3
2016,Southbank,Arts and Recreation Services,8
2016,Southbank,Information Media,11
2016,Southbank,Agriculture and Mining,2
2016,Southbank,"Transport, Postal and Storage",7
2016,West Melbourne (Industrial),Construction,1
2016,West Melbourne (Industrial),Other Services,1
2016,West Melbourne (Industrial),Wholesale Trade,4
2016,West Melbourne (Industrial),Wholesale Trade,28
2016,West Melbourne (Residential),Admin and Support Services,14
2016,West Melbourne (Residential),Arts and Recreation Services,5
2016,West Melbourne (Residential),Construction,10
2016,West Melbourne (Residential),Rental and Hiring Services,3
2016,West Melbourne (Residential),Real Estate Services,8
2015,Carlton,Food Catering Services,7
2015,Carlton,Admin and Support Services,19
2015,Carlton,Health Care and Social Assistance,12
2015,Carlton,Other Services,21
2015,Carlton,Other Services,17
2015,Docklands,Construction,1
2015,Docklands,Finance and Insurance,8
2015,Docklands,Manufacturing,2
2015,Docklands,Manufacturing,15
2015,Docklands,Public Administration and Safety,3
2015,Docklands,Retail Trade,2
2015,East Melbourne,Food Catering Services,17
2015,East Melbourne,Arts and Recreation Services,1
2015,East Melbourne,Arts and Recreation Services,18
2015,East Melbourne,"Electricity, Gas, Water",6
2015,East Melbourne,Finance and Insurance,9
2015,East Melbourne,Health Care and Social Assistance,205
2015,East Melbourne,Other Services,8
2015,East Melbourne,Business Services,2
2015,East Melbourne,Public Administration and Safety,6
2015,East Melbourne,Wholesale Trade,2
2015,Kensington,Agriculture and Mining,2
2015,Kensington,Health Care and Social Assistance,5
2015,Kensington,Manufacturing,10
2015,Kensington,Real Estate Services,1
2015,Kensington,Retail Trade,3
2015,Melbourne (CBD),Food Catering Services,4
2015,Melbourne (CBD),Food Catering Services,50
2015,Melbourne (CBD),Food Catering Services,56
2015,Melbourne (CBD),Arts and Recreation Services,26
2015,Melbourne (CBD),Education and Training,176
2015,Melbourne (CBD),Finance and Insurance,30
2015,Melbourne (CBD),Health Care and Social Assistance,4
2015,Melbourne (CBD),Information Media,39
2015,Melbourne (CBD),Other Services,759
2015,Melbourne (CBD),Real Estate Services,155
2015,Melbourne (CBD),"Transport, Postal and Storage",23
2015,Melbourne (Remainder),Admin and Support Services,2
2015,Melbourne (Remainder),Manufacturing,1
2015,Melbourne (Remainder),Business Services,6
2015,Melbourne (Remainder),Business Services,19
2015,Melbourne (Remainder),Real Estate Services,8
2015,North Melbourne,Finance and Insurance,17
2015,North Melbourne,Information Media,19
2015,North Melbourne,Manufacturing,12
2015,North Melbourne,Public Administration and Safety,8
2015,North Melbourne,Real Estate Services,2
2015,North Melbourne,Wholesale Trade,7
2015,Parkville,Arts and Recreation Services,1
2015,Parkville,Construction,1
2015,Parkville,Manufacturing,1
2015,Parkville,Business Services,13
2015,Port Melbourne,Food and Beverage Services,15
2015,Port Melbourne,Health Care and Social Assistance,2
2015,Port Melbourne,Public Administration and Safety,1
2015,Port Melbourne,"Transport, Postal and Storage",8
2015,South Yarra,Food and Beverage Services,3
2015,Southbank,Admin and Support Services,1
2015,Southbank,Manufacturing,4
2015,Southbank,"Transport, Postal and Storage",7
2015,West Melbourne (Industrial),Food and Beverage Services,7
2015,West Melbourne (Industrial),Arts and Recreation Services,8
2015,West Melbourne (Industrial),Finance and Insurance,1
2015,West Melbourne (Industrial),Manufacturing,6
2015,West Melbourne (Industrial),Other Services,7
2015,West Melbourne (Industrial),Public Administration and Safety,1
2015,West Melbourne (Residential),Admin and Support Services,3
2015,West Melbourne (Residential),Business Services,3
2015,West Melbourne (Residential),Real Estate Services,5
2014,Carlton,Finance and Insurance,35
2014,Carlton,Manufacturing,25
2014,Docklands,Food Catering Services,4
2014,Docklands,Food Catering Services,7
2014,Docklands,Admin and Support Services,6
2014,Docklands,Arts and Recreation Services,2
2014,Docklands,Arts and Recreation Services,27
2014,Docklands,Construction,1
2014,Docklands,Business Services,103
2014,Docklands,"Transport, Postal and Storage",4
2014,Docklands,"Transport, Postal and Storage",25
2014,East Melbourne,Food and Beverage Services,1
2014,East Melbourne,Education and Training,5
2014,East Melbourne,Manufacturing,2
2014,East Melbourne,Real Estate Services,9
2014,East Melbourne,"Transport, Postal and Storage",2
2014,Kensington,Arts and Recreation Services,55
2014,Kensington,Construction,2
2014,Kensington,Health Care and Social Assistance,16
2014,Kensington,Manufacturing,4
2014,Kensington,Real Estate Services,1
2014,Kensington,Real Estate Services,7
2014,Melbourne (CBD),Admin and Support Services,378
2014,Melbourne (CBD),"Electricity, Gas, Water",5
2014,Melbourne (CBD),Other Services,38
2014,Melbourne (CBD),Other Services,749
2014,Melbourne (CBD),Business Services,5
2014,Melbourne (CBD),Public Administration and Safety,74
2014,Melbourne (CBD),"Transport, Postal and Storage",6
2014,Melbourne (CBD),Wholesale Trade,5
2014,Melbourne (CBD),Wholesale Trade,106
2014,Melbourne (Remainder),Admin and Support Services,1
2014,Melbourne (Remainder),"Electricity, Gas, Water",2
2014,Melbourne (Remainder),Manufacturing,1
2014,Melbourne (Remainder),Other Services,20
2014,Melbourne (Remainder),"Transport, Postal and Storage",1
2014,North Melbourne,Food and Beverage Services,1
2014,North Melbourne,Arts and Recreation Services,3
2014,North Melbourne,Education and Training,1
2014,North Melbourne,"Electricity, Gas, Water",1
2014,North Melbourne,Retail Trade,4
2014,Parkville,Finance and Insurance,8
2014,Port Melbourne,Agriculture and Mining,2
2014,Port Melbourne,Finance and Insurance,1
2014,Port Melbourne,Manufacturing,58
2014,Port Melbourne,Real Estate Services,4
2014,South Yarra,Food Catering Services,6
2014,South Yarra,Admin and Support Services,1
2014,South Yarra,Admin and Support Services,1
2014,South Yarra,Health Care and Social Assistance,2
2014,Southbank,Food Catering Services,1
2014,Southbank,Admin and Support Services,1
2014,Southbank,Arts and Recreation Services,8
2014,Southbank,"Electricity, Gas, Water",17
2014,Southbank,Finance and Insurance,12
2014,Southbank,Agriculture and Mining,2
2014,Southbank,Public Administration and Safety,3
2014,Southbank,"Transport, Postal and Storage",1
2014,West Melbourne (Industrial),Agriculture and Mining,1
2014,West Melbourne (Industrial),Arts and Recreation Services,1
2014,West Melbourne (Industrial),Arts and Recreation Services,3
2014,West Melbourne (Industrial),"Electricity, Gas, Water",3
2014,West Melbourne (Industrial),Information Media,4
2014,West Melbourne (Industrial),Rental and Hiring Services,4
2014,West Melbourne (Industrial),"Transport, Postal and Storage",10
2014,West Melbourne (Industrial),Wholesale Trade,50
2014,West Melbourne (Residential),Arts and Recreation Services,8
2014,West Melbourne (Residential),Public Administration and Safety,1
2013,Carlton,Food Catering Services,5
2013,Carlton,Agriculture and Mining,1
2013,Carlton,Agriculture and Mining,1
2013,Carlton,Arts and Recreation Services,19
2013,Carlton,Construction,4
2013,Carlton,Information Media,7
2013,Carlton,Wholesale Trade,1
2013,Docklands,Food Catering Services,5
2013,Docklands,Food and Beverage Services,145
2013,Docklands,Admin and Support Services,1
2013,Docklands,Manufacturing,1
2013,Docklands,Other Services,42
2013,Docklands,Business Services,92
2013,East Melbourne,Food Catering Services,6
2013,East Melbourne,"Electricity, Gas, Water",6
2013,East Melbourne,Finance and Insurance,8
2013,East Melbourne,Manufacturing,1
2013,East Melbourne,Public Administration and Safety,1
2013,East Melbourne,"Transport, Postal and Storage",2
2013,East Melbourne,Wholesale Trade,5
2013,Kensington,Construction,19
2013,Kensington,Retail Trade,40
2013,Kensington,Wholesale Trade,26
2013,Melbourne (CBD),Food and Beverage Services,9
2013,Melbourne (CBD),Food Catering Services,7
2013,Melbourne (CBD),Construction,16
2013,Melbourne (CBD),Construction,77
2013,Melbourne (CBD),"Electricity, Gas, Water",38
2013,Melbourne (CBD),Manufacturing,256
2013,Melbourne (CBD),Agriculture and Mining,35
2013,Melbourne (CBD),Business Services,7
2013,Melbourne (CBD),Real Estate Services,141
2013,Melbourne (Remainder),Food Catering Services,1
2013,Melbourne (Remainder),Arts and Recreation Services,5
2013,Melbourne (Remainder),Construction,4
2013,Melbourne (Remainder),Education and Training,7
2013,Melbourne (Remainder),Health Care and Social Assistance,58
2013,Melbourne (Remainder),Real Estate Services,2
2013,North Melbourne,Food Catering Services,3
2013,North Melbourne,Admin and Support Services,7
2013,North Melbourne,Arts and Recreation Services,35
2013,North Melbourne,Education and Training,21
2013,North Melbourne,Finance and Insurance,1
2013,North Melbourne,Information Media,28
2013,North Melbourne,Public Administration and Safety,6
2013,North Melbourne,Rental and Hiring Services,1
2013,North Melbourne,Real Estate Services,12
2013,North Melbourne,"Transport, Postal and Storage",3
2013,North Melbourne,Wholesale Trade,3
2013,Parkville,Health Care and Social Assistance,1
2013,Parkville,Business Services,1
2013,Port Melbourne,Admin and Support Services,2
2013,Port Melbourne,Arts and Recreation Services,6
2013,Port Melbourne,Finance and Insurance,11
2013,Port Melbourne,Rental and Hiring Services,2
2013,Port Melbourne,Real Estate Services,4
2013,South Yarra,Admin and Support Services,1
2013,South Yarra,Admin and Support Services,1
2013,South Yarra,Education and Training,1
2013,South Yarra,Education and Training,4
2013,Southbank,Food and Beverage Services,129
2013,Southbank,Admin and Support Services,16
2013,Southbank,"Electricity, Gas, Water",3
2013,Southbank,Public Administration and Safety,1
2013,Southbank,"Transport, Postal and Storage",1
2013,Southbank,Wholesale Trade,1
2013,West Melbourne (Industrial),Agriculture and Mining,1
2013,West Melbourne (Industrial),Information Media,1
2013,West Melbourne (Industrial),Other Services,5
2013,West Melbourne (Residential),Finance and Insurance,1
2012,Carlton,Admin and Support Services,22
2012,Carlton,Education and Training,1
2012,Carlton,Health Care and Social Assistance,1
2012,Carlton,Information Media,1
2012,Carlton,Information Media,8
2012,Carlton,Other Services,22
2012,Carlton,Real Estate Services,19
2012,Carlton,Retail Trade,4
2012,Carlton,Retail Trade,143
2012,Carlton,Wholesale Trade,1
2012,Carlton,Wholesale Trade,22
2012,Docklands,Food Catering Services,5
2012,Docklands,Food and Beverage Services,145
2012,Docklands,Construction,13
2012,Docklands,"Electricity, Gas, Water",10
2012,Docklands,Finance and Insurance,16
2012,Docklands,Information Media,1
2012,Docklands,Other Services,1
2012,Docklands,Other Services,18
2012,Docklands,Business Services,10
2012,East Melbourne,Arts and Recreation Services,8
2012,East Melbourne,Other Services,2
2012,East Melbourne,Public Administration and Safety,6
2012,East Melbourne,Rental and Hiring Services,1
2012,East Melbourne,Retail Trade,16
2012,East Melbourne,Wholesale Trade,5
2012,Kensington,Arts and Recreation Services,57
2012,Kensington,Health Care and Social Assistance,7
2012,Kensington,Real Estate Services,5
2012,Kensington,"Transport, Postal and Storage",2
2012,Kensington,Wholesale Trade,4
2012,Melbourne (CBD),Food Catering Services,5
2012,Melbourne (CBD),Health Care and Social Assistance,342
2012,Melbourne (CBD),Information Media,5
2012,Melbourne (CBD),Manufacturing,6
2012,Melbourne (CBD),Manufacturing,3
2012,Melbourne (CBD),Other Services,699
2012,Melbourne (CBD),Wholesale Trade,101
2012,Melbourne (Remainder),Food and Beverage Services,3
2012,Melbourne (Remainder),Food and Beverage Services,7
2012,Melbourne (Remainder),Construction,5
2012,Melbourne (Remainder),Education and Training,2
2012,Melbourne (Remainder),Health Care and Social Assistance,3
2012,Melbourne (Remainder),Information Media,6
2012,Melbourne (Remainder),Other Services,10
2012,Melbourne (Remainder),Retail Trade,17
2012,North Melbourne,Food and Beverage Services,5
2012,North Melbourne,Education and Training,21
2012,North Melbourne,Health Care and Social Assistance,9
2012,North Melbourne,Health Care and Social Assistance,2
2012,North Melbourne,Information Media,28
2012,North Melbourne,Manufacturing,10
2012,North Melbourne,Manufacturing,2
2012,North Melbourne,Public Administration and Safety,6
2012,North Melbourne,"Transport, Postal and Storage",4
2012,Parkville,Arts and Recreation Services,1
2012,Parkville,Arts and Recreation Services,1
2012,Parkville,"Electricity, Gas, Water",8
2012,Parkville,Finance and Insurance,7
2012,Parkville,Health Care and Social Assistance,1
2012,Parkville,Health Care and Social Assistance,67
2012,Parkville,Manufacturing,1
2012,Parkville,Business Services,11
2012,Parkville,"Transport, Postal and Storage",1
2012,Port Melbourne,Arts and Recreation Services,6
2012,Port Melbourne,Information Media,10
2012,Port Melbourne,Rental and Hiring Services,7
2012,South Yarra,Admin and Support Services,1
2012,South Yarra,Education and Training,5
2012,South Yarra,Health Care and Social Assistance,1
2012,South Yarra,Other Services,10
2012,South Yarra,Retail Trade,8
2012,Southbank,Food Catering Services,2
2012,Southbank,Information Media,7
2012,Southbank,Manufacturing,4
2012,Southbank,Agriculture and Mining,2
2012,Southbank,Rental and Hiring Services,1
2012,Southbank,"Transport, Postal and Storage",4
2012,Southbank,Wholesale Trade,15
2012,West Melbourne (Industrial),Construction,1
2012,West Melbourne (Industrial),Business Services,2
2012,West Melbourne (Industrial),Rental and Hiring Services,4
2012,West Melbourne (Industrial),Real Estate Services,1
2012,West Melbourne (Industrial),Retail Trade,9
2012,West Melbourne (Industrial),"Transport, Postal and Storage",4
2012,West Melbourne (Industrial),"Transport, Postal and Storage",13
2012,West Melbourne (Residential),"Electricity, Gas, Water",8
2012,West Melbourne (Residential),Business Services,91
2011,Carlton,Food and Beverage Services,12
2011,Carlton,Agriculture and Mining,1
2011,Carlton,Information Media,14
2011,Docklands,Food and Beverage Services,11
2011,Docklands,Admin and Support Services,7
2011,Docklands,Admin and Support Services,21
2011,Docklands,Construction,2
2011,Docklands,Manufacturing,3
2011,Docklands,Other Services,38
2011,Docklands,Public Administration and Safety,6
2011,East Melbourne,Admin and Support Services,4
2011,East Melbourne,Education and Training,7
2011,East Melbourne,Education and Training,8
2011,East Melbourne,Finance and Insurance,2
2011,East Melbourne,Health Care and Social Assistance,5
2011,East Melbourne,"Transport, Postal and Storage",2
2011,Kensington,Admin and Support Services,1
2011,Kensington,Admin and Support Services,6
2011,Kensington,Arts and Recreation Services,18
2011,Kensington,Construction,4
2011,Kensington,Public Administration and Safety,2
2011,Melbourne (CBD),Arts and Recreation Services,134
2011,Melbourne (CBD),Finance and Insurance,34
2011,Melbourne (CBD),Manufacturing,273
2011,Melbourne (CBD),Real Estate Services,6
2011,Melbourne (CBD),Wholesale Trade,2
2011,Melbourne (CBD),Wholesale Trade,11
2011,Melbourne (Remainder),Education and Training,2
2011,Melbourne (Remainder),Finance and Insurance,3
2011,Melbourne (Remainder),Public Administration and Safety,3
2011,North Melbourne,Finance and Insurance,1
2011,Parkville,Education and Training,4
2011,Parkville,Business Services,5
2011,Port Melbourne,Arts and Recreation Services,5
2011,Port Melbourne,Manufacturing,1
2011,South Yarra,Arts and Recreation Services,5
2011,South Yarra,Health Care and Social Assistance,1
2011,Southbank,Food Catering Services,2
2011,Southbank,Education and Training,5
2011,Southbank,Rental and Hiring Services,5
2011,Southbank,"Transport, Postal and Storage",4
2011,West Melbourne (Industrial),Public Administration and Safety,1
2011,West Melbourne (Industrial),Wholesale Trade,48
2011,West Melbourne (Residential),Food Catering Services,1
2011,West Melbourne (Residential),Food and Beverage Services,52
2011,West Melbourne (Residential),Arts and Recreation Services,3
2011,West Melbourne (Residential),Finance and Insurance,2
2011,West Melbourne (Residential),Other Services,5
2011,West Melbourne (Residential),Business Services,1
2011,West Melbourne (Residential),Business Services,89
2011,West Melbourne (Residential),Real Estate Services,1
2010,Carlton,Food Catering Services,4
2010,Carlton,Food and Beverage Services,197
2010,Docklands,Construction,5
2010,Docklands,Public Administration and Safety,3
2010,Docklands,Public Administration and Safety,2
2010,East Melbourne,Food Catering Services,2
2010,East Melbourne,Admin and Support Services,5
2010,East Melbourne,Construction,1
2010,East Melbourne,Education and Training,1
2010,East Melbourne,Education and Training,7
2010,East Melbourne,Health Care and Social Assistance,197
2010,East Melbourne,Other Services,35
2010,East Melbourne,Public Administration and Safety,7
2010,East Melbourne,Wholesale Trade,4
2010,Kensington,Arts and Recreation Services,52
2010,Kensington,Business Services,6
2010,Kensington,Wholesale Trade,1
2010,Melbourne (CBD),Admin and Support Services,88
2010,Melbourne (CBD),Education and Training,95
2010,Melbourne (CBD),"Electricity, Gas, Water",37
2010,Melbourne (CBD),Information Media,137
2010,Melbourne (Remainder),Agriculture and Mining,1
2010,Melbourne (Remainder),Finance and Insurance,29
2010,Melbourne (Remainder),"Transport, Postal and Storage",5
2010,Port Melbourne,Manufacturing,7
2010,Port Melbourne,Public Administration and Safety,3
2010,Southbank,Retail Trade,2
2010,West Melbourne (Residential),Construction,10
2009,Carlton,Education and Training,46
2009,Carlton,Real Estate Services,1
2009,Docklands,Manufacturing,12
2009,Docklands,Public Administration and Safety,2
2009,East Melbourne,Construction,5
2009,East Melbourne,Retail Trade,18
2009,Kensington,Finance and Insurance,4
2009,Melbourne (CBD),Food Catering Services,4
2009,Melbourne (CBD),Finance and Insurance,156
2009,Melbourne (CBD),Agriculture and Mining,3
2009,Melbourne (CBD),Public Administration and Safety,29
2009,Melbourne (Remainder),Health Care and Social Assistance,2
2009,Melbourne (Remainder),Information Media,3
2009,Melbourne (Remainder),Other Services,8
2009,Melbourne (Remainder),Rental and Hiring Services,1
2009,North Melbourne,Arts and Recreation Services,14
2009,North Melbourne,Information Media,3
2009,North Melbourne,Retail Trade,5
2009,Parkville,Education and Training,8
2009,Parkville,Other Services,1
2009,Parkville,"Transport, Postal and Storage",1
2009,Port Melbourne,Arts and Recreation Services,1
2009,Port Melbourne,Real Estate Services,1
2009,South Yarra,Education and Training,2
2009,Southbank,Construction,5
2009,Southbank,Agriculture and Mining,1
2009,Southbank,Public Administration and Safety,2
2009,Southbank,Retail Trade,97
2009,West Melbourne (Industrial),"Electricity, Gas, Water",8
2009,West Melbourne (Industrial),Public Administration and Safety,3
2009,West Melbourne (Residential),Admin and Support Services,4
2009,West Melbourne (Residential),Manufacturing,1
2008,Carlton,Food and Beverage Services,2
2008,Carlton,Food and Beverage Services,184
2008,Carlton,Health Care and Social Assistance,17
2008,Carlton,Wholesale Trade,23
2008,Docklands,Food and Beverage Services,1
2008,Docklands,Manufacturing,1
2008,Docklands,"Transport, Postal and Storage",5
2008,East Melbourne,Construction,4
2008,East Melbourne,"Electricity, Gas, Water",1
2008,Melbourne (Remainder),Food and Beverage Services,6
2008,Melbourne (Remainder),Admin and Support Services,19
2008,Melbourne (Remainder),Education and Training,4
2008,Melbourne (Remainder),"Transport, Postal and Storage",1
2008,North Melbourne,Food and Beverage Services,2
2008,North Melbourne,"Electricity, Gas, Water",1
2008,North Melbourne,Manufacturing,1
2008,North Melbourne,Retail Trade,6
2008,Parkville,Arts and Recreation Services,1
2008,Port Melbourne,Agriculture and Mining,1
2008,Port Melbourne,Manufacturing,34
2008,South Yarra,Food Catering Services,1
2008,Southbank,Agriculture and Mining,2
2008,Southbank,Other Services,12
2008,Southbank,Other Services,41
2008,West Melbourne (Industrial),Business Services,4
2004,Kensington,Wholesale Trade,1
2004,Melbourne (CBD),Arts and Recreation Services,22
2004,Melbourne (CBD),Information Media,16
2004,Melbourne (CBD),Business Services,221
2004,Melbourne (CBD),Public Administration and Safety,26
2004,Melbourne (CBD),Real Estate Services,20
2004,Melbourne (Remainder),Finance and Insurance,18
2004,Melbourne (Remainder),Health Care and Social Assistance,2
2004,North Melbourne,Education and Training,5
2004,North Melbourne,Other Services,11
2004,Parkville,Food and Beverage Services,4
2004,Parkville,Admin and Support Services,3
2004,Parkville,Arts and Recreation Services,1
2004,Port Melbourne,"Transport, Postal and Storage",4
2004,South Yarra,Education and Training,5
2004,South Yarra,Health Care and Social Assistance,4
2004,Southbank,Food Catering Services,1
2004,Southbank,Agriculture and Mining,2
2004,Southbank,Agriculture and Mining,1
2004,Southbank,Arts and Recreation Services,5
2004,Southbank,"Electricity, Gas, Water",2
2004,Southbank,Health Care and Social Assistance,2
2004,Southbank,Manufacturing,4
2004,Southbank,Public Administration and Safety,2
2004,Southbank,Public Administration and Safety,6
2004,Southbank,Retail Trade,8
2004,Southbank,"Transport, Postal and Storage",5
2004,Southbank,Wholesale Trade,19
2004,West Melbourne (Industrial),Food and Beverage Services,10
2004,West Melbourne (Industrial),Construction,4
2004,West Melbourne (Industrial),"Electricity, Gas, Water",7
2004,West Melbourne (Industrial),Other Services,1
2004,West Melbourne (Industrial),"Transport, Postal and Storage",24
2004,West Melbourne (Residential),Arts and Recreation Services,7
2004,West Melbourne (Residential),Finance and Insurance,14
2004,West Melbourne (Residential),Manufacturing,1
2004,West Melbourne (Residential),Other Services,6
2004,West Melbourne (Residential),Public Administration and Safety,3
2004,West Melbourne (Residential),Retail Trade,4
2004,West Melbourne (Residential),Wholesale Trade,6
2003,Carlton,Food and Beverage Services,162
2003,Carlton,Arts and Recreation Services,17
2003,Carlton,Education and Training,15
2003,Carlton,Other Services,1
2003,Carlton,Business Services,1
2003,Docklands,Admin and Support Services,1
2003,Docklands,Agriculture and Mining,1
2003,Docklands,Arts and Recreation Services,1
2003,Docklands,Information Media,1
2003,Docklands,Manufacturing,1
2003,Docklands,Real Estate Services,2
2003,East Melbourne,Arts and Recreation Services,21
2003,East Melbourne,Information Media,1
2003,East Melbourne,Other Services,4
2003,East Melbourne,Retail Trade,1
2003,Kensington,Food and Beverage Services,1
2003,Kensington,Construction,1
2003,Kensington,Information Media,1
2003,Kensington,Manufacturing,7
2003,Kensington,"Transport, Postal and Storage",3
2003,Melbourne (CBD),Food Catering Services,4
2003,Melbourne (CBD),Admin and Support Services,3
2003,Melbourne (CBD),Admin and Support Services,4
2003,Melbourne (CBD),Construction,10
2003,Melbourne (CBD),Education and Training,36
2003,Melbourne (CBD),Health Care and Social Assistance,20
2003,Melbourne (CBD),Information Media,143
2003,Melbourne (CBD),Business Services,228
2003,Melbourne (CBD),Public Administration and Safety,65
2003,Melbourne (Remainder),Arts and Recreation Services,4
2003,Melbourne (Remainder),Construction,2
2003,Melbourne (Remainder),Other Services,19
2003,Melbourne (Remainder),Retail Trade,15
2003,North Melbourne,Finance and Insurance,20
2003,North Melbourne,Wholesale Trade,2
2003,Parkville,Information Media,1
2003,Parkville,Manufacturing,1
2003,Parkville,Other Services,2
2003,Port Melbourne,Admin and Support Services,1
2003,Port Melbourne,Construction,7
2003,Port Melbourne,Education and Training,1
2003,Port Melbourne,Retail Trade,5
2003,Southbank,Agriculture and Mining,2
2003,Southbank,Construction,4
2003,Southbank,Finance and Insurance,7
2003,Southbank,Rental and Hiring Services,1
2003,Southbank,"Transport, Postal and Storage",4
2003,West Melbourne (Industrial),Arts and Recreation Services,1
2003,West Melbourne (Industrial),Business Services,3
2003,West Melbourne (Industrial),Retail Trade,1
2003,West Melbourne (Industrial),Retail Trade,6
2003,West Melbourne (Residential),Rental and Hiring Services,2
2002,Carlton,Manufacturing,1
2002,Docklands,Health Care and Social Assistance,3
2002,East Melbourne,Finance and Insurance,6
2002,Kensington,Health Care and Social Assistance,1
2002,Melbourne (CBD),Food and Beverage Services,802
2002,Melbourne (Remainder),Food Catering Services,1
2002,Melbourne (Remainder),Food Catering Services,1
2002,Melbourne (Remainder),Agriculture and Mining,1
2002,Melbourne (Remainder),Public Administration and Safety,2
2002,North Melbourne,Food Catering Services,3
2002,Parkville,Education and Training,1
2002,Parkville,Health Care and Social Assistance,38
2002,Southbank,Finance and Insurance,7
2002,Southbank,Wholesale Trade,2
2002,West Melbourne (Industrial),Agriculture and Mining,1
2002,West Melbourne (Industrial),Arts and Recreation Services,5
2002,West Melbourne (Industrial),Manufacturing,12
2002,West Melbourne (Industrial),Retail Trade,1
2002,West Melbourne (Residential),Business Services,62
2023,City of Melbourne (total),Food and Beverage Services,36
2023,City of Melbourne (total),Agriculture and Mining,7
2023,City of Melbourne (total),Construction,13
2023,City of Melbourne (total),"Electricity, Gas, Water",24
2023,City of Melbourne (total),Finance and Insurance,213
2023,City of Melbourne (total),Information Media,18
2023,City of Melbourne (total),Real Estate Services,268
2023,City of Melbourne (total),Retail Trade,1662
2023,City of Melbourne (total),Wholesale Trade,6
2022,City of Melbourne (total),Food Catering Services,72
2022,City of Melbourne (total),Food Catering Services,9
2022,City of Melbourne (total),Agriculture and Mining,9
2022,City of Melbourne (total),Business Services,623
2022,City of Melbourne (total),Retail Trade,138
2021,City of Melbourne (total),Arts and Recreation Services,20
2020,City of Melbourne (total),Food Catering Services,153
2020,City of Melbourne (total),Food and Beverage Services,2403
2020,City of Melbourne (total),Arts and Recreation Services,250
2019,City of Melbourne (total),Manufacturing,8
2019,City of Melbourne (total),Other Services,171
2018,City of Melbourne (total),Information Media,28
2018,City of Melbourne (total),Other Services,4
2018,City of Melbourne (total),Real Estate Services,345
2017,City of Melbourne (total),Agriculture and Mining,8
2017,City of Melbourne (total),Construction,284
2017,City of Melbourne (total),Finance and Insurance,687
2017,City of Melbourne (total),Business Services,2118
2016,City of Melbourne (total),Admin and Support Services,14
2016,City of Melbourne (total),Arts and Recreation Services,97
2016,City of Melbourne (total),"Electricity, Gas, Water",12
2016,City of Melbourne (total),Health Care and Social Assistance,20
2016,City of Melbourne (total),"Transport, Postal and Storage",57
2016,City of Melbourne (total),Wholesale Trade,354
2016,City of Melbourne (total),Wholesale Trade,7
2015,City of Melbourne (total),Food Catering Services,40
2015,City of Melbourne (total),Admin and Support Services,121
2015,City of Melbourne (total),Construction,71
2015,City of Melbourne (total),Information Media,148
2015,City of Melbourne (total),Information Media,76
2015,City of Melbourne (total),Public Administration and Safety,124
2015,City of Melbourne (total),"Transport, Postal and Storage",195
2014,City of Melbourne (total),Agriculture and Mining,1
2014,City of Melbourne (total),Arts and Recreation Services,18
2014,City of Melbourne (total),Education and Training,17
2014,City of Melbourne (total),Business Services,12
2014,City of Melbourne (total),Real Estate Services,14
2014,City of Melbourne (total),"Transport, Postal and Storage",73
2013,City of Melbourne (total),Admin and Support Services,118
2013,City of Melbourne (total),Education and Training,24
2013,City of Melbourne (total),Information Media,76
2013,City of Melbourne (total),Real Estate Services,260
2013,City of Melbourne (total),Real Estate Services,42
2013,City of Melbourne (total),Wholesale Trade,105
2012,City of Melbourne (total),Information Media,78
2012,City of Melbourne (total),Rental and Hiring Services,1
2011,City of Melbourne (total),Food and Beverage Services,30
2011,City of Melbourne (total),Admin and Support Services,573
2011,City of Melbourne (total),Finance and Insurance,190
2011,City of Melbourne (total),Real Estate Services,243
2011,City of Melbourne (total),Rental and Hiring Services,8
2011,City of Melbourne (total),Retail Trade,100
2011,City of Melbourne (total),Wholesale Trade,14
2011,City of Melbourne (total),Wholesale Trade,511
2010,City of Melbourne (total),Admin and Support Services,11
2010,City of Melbourne (total),Admin and Support Services,9
2010,City of Melbourne (total),Arts and Recreation Services,76
2010,City of Melbourne (total),Real Estate Services,3
2010,City of Melbourne (total),Retail Trade,90
2009,City of Melbourne (total),Admin and Support Services,128
2009,City of Melbourne (total),Other Services,1154
2009,City of Melbourne (total),Public Administration and Safety,5
2008,City of Melbourne (total),Food Catering Services,17
2008,City of Melbourne (total),Health Care and Social Assistance,8
2008,City of Melbourne (total),Information Media,264
2008,City of Melbourne (total),Real Estate Services,2
2008,City of Melbourne (total),Real Estate Services,45
2007,City of Melbourne (total),Admin and Support Services,3
2007,City of Melbourne (total),Education and Training,20
2007,City of Melbourne (total),Finance and Insurance,643
2007,City of Melbourne (total),Public Administration and Safety,119
2007,City of Melbourne (total),Real Estate Services,41
2007,City of Melbourne (total),Retail Trade,87
2006,City of Melbourne (total),Admin and Support Services,4
2006,City of Melbourne (total),Arts and Recreation Services,176
2006,City of Melbourne (total),Arts and Recreation Services,16
2006,City of Melbourne (total),"Electricity, Gas, Water",13
2006,City of Melbourne (total),"Electricity, Gas, Water",5
2006,City of Melbourne (total),Finance and Insurance,620
2006,City of Melbourne (total),Health Care and Social Assistance,57
2006,City of Melbourne (total),Information Media,101
2006,City of Melbourne (total),Other Services,120
2006,City of Melbourne (total),Other Services,5
2006,City of Melbourne (total),Real Estate Services,6
2006,City of Melbourne (total),Wholesale Trade,3
2005,City of Melbourne (total),Admin and Support Services,7
2005,City of Melbourne (total),Construction,1
2005,City of Melbourne (total),Health Care and Social Assistance,7
2005,City of Melbourne (total),Public Administration and Safety,7
2005,City of Melbourne (total),Rental and Hiring Services,1
2005,City of Melbourne (total),Retail Trade,2048
2005,City of Melbourne (total),Retail Trade,5
2005,City of Melbourne (total),Wholesale Trade,520
2004,City of Melbourne (total),Agriculture and Mining,14
2004,City of Melbourne (total),Arts and Recreation Services,13
2004,City of Melbourne (total),Health Care and Social Assistance,5
2004,City of Melbourne (total),Agriculture and Mining,5
2004,City of Melbourne (total),Business Services,1685
2004,City of Melbourne (total),Rental and Hiring Services,6
2004,City of Melbourne (total),Wholesale Trade,73
2003,City of Melbourne (total),Food Catering Services,7
2003,City of Melbourne (total),Finance and Insurance,556
2003,City of Melbourne (total),Rental and Hiring Services,57
2003,City of Melbourne (total),"Transport, Postal and Storage",63
2002,City of Melbourne (total),Construction,6
2002,City of Melbourne (total),Education and Training,8
2002,City of Melbourne (total),Information Media,9
2002,City of Melbourne (total),Information Media,93
2002,City of Melbourne (total),Public Administration and Safety,40
2002,City of Melbourne (total),Real Estate Services,27
2008,West Melbourne (Residential),Education and Training,5
2008,West Melbourne (Residential),"Electricity, Gas, Water",1
2008,West Melbourne (Residential),Finance and Insurance,12
2008,West Melbourne (Residential),Other Services,6
2007,Carlton,Arts and Recreation Services,1
2007,Carlton,Arts and Recreation Services,5
2007,Carlton,Finance and Insurance,4
2007,Carlton,Information Media,15
2007,Carlton,Public Administration and Safety,11
2007,Carlton,Retail Trade,158
2007,Docklands,Manufacturing,8
2007,Docklands,Other Services,12
2007,Docklands,Business Services,44
2007,Docklands,Public Administration and Safety,5
2007,East Melbourne,Food and Beverage Services,1
2007,East Melbourne,Arts and Recreation Services,9
2007,East Melbourne,Retail Trade,18
2007,Melbourne (CBD),Food and Beverage Services,1038
2007,Melbourne (CBD),"Electricity, Gas, Water",5
2007,Melbourne (CBD),Information Media,18
2007,Melbourne (CBD),Manufacturing,9
2007,Melbourne (CBD),Other Services,40
2007,Melbourne (CBD),Business Services,15
2007,Melbourne (CBD),Business Services,1376
2007,Melbourne (CBD),Real Estate Services,122
2007,Melbourne (Remainder),Food and Beverage Services,5
2007,Melbourne (Remainder),Agriculture and Mining,1
2007,Melbourne (Remainder),Arts and Recreation Services,23
2007,Melbourne (Remainder),Construction,5
2007,Melbourne (Remainder),Other Services,3
2007,Melbourne (Remainder),Real Estate Services,4
2007,Melbourne (Remainder),Retail Trade,1
2007,Melbourne (Remainder),Retail Trade,20
2007,Melbourne (Remainder),"Transport, Postal and Storage",5
2007,North Melbourne,Food Catering Services,1
2007,North Melbourne,Manufacturing,1
2007,North Melbourne,Wholesale Trade,8
2007,Parkville,Food Catering Services,5
2007,Parkville,Food and Beverage Services,30
2007,Parkville,Admin and Support Services,2
2007,Parkville,Construction,1
2007,Parkville,Health Care and Social Assistance,4
2007,Parkville,Health Care and Social Assistance,57
2007,Parkville,Business Services,7
2007,Parkville,Public Administration and Safety,2
2007,Parkville,"Transport, Postal and Storage",1
2007,Port Melbourne,Food and Beverage Services,2
2007,Port Melbourne,Education and Training,2
2007,Port Melbourne,Finance and Insurance,7
2007,Port Melbourne,Information Media,16
2007,Port Melbourne,Retail Trade,3
2007,Port Melbourne,Wholesale Trade,35
2007,South Yarra,Food and Beverage Services,4
2007,Southbank,Food and Beverage Services,1
2007,Southbank,"Electricity, Gas, Water",1
2007,Southbank,Finance and Insurance,18
2007,Southbank,Manufacturing,10
2007,Southbank,Other Services,4
2007,Southbank,Other Services,45
2007,West Melbourne (Industrial),Business Services,1
2007,West Melbourne (Industrial),"Transport, Postal and Storage",25
2007,West Melbourne (Residential),Admin and Support Services,2
2007,West Melbourne (Residential),Construction,10
2007,West Melbourne (Residential),Education and Training,9
2007,West Melbourne (Residential),Health Care and Social Assistance,3
2007,West Melbourne (Residential),Information Media,4
2006,Carlton,Arts and Recreation Services,1
2006,Carlton,Finance and Insurance,7
2006,Carlton,Information Media,1
2006,Carlton,Other Services,16
2006,Carlton,Other Services,12
2006,Carlton,Other Services,123
2006,Carlton,Retail Trade,3
2006,Carlton,"Transport, Postal and Storage",3
2006,Docklands,Health Care and Social Assistance,7
2006,Docklands,Manufacturing,1
2006,Docklands,Public Administration and Safety,2
2006,Docklands,Retail Trade,1
2006,East Melbourne,Food Catering Services,3
2006,East Melbourne,Finance and Insurance,5
2006,East Melbourne,Business Services,1
2006,East Melbourne,Wholesale Trade,5
2006,Kensington,Food and Beverage Services,1
2006,Kensington,Business Services,1
2006,Melbourne (CBD),Food Catering Services,42
2006,Melbourne (CBD),Admin and Support Services,429
2006,Melbourne (CBD),Arts and Recreation Services,78
2006,Melbourne (CBD),Education and Training,3
2006,Melbourne (CBD),"Electricity, Gas, Water",3
2006,Melbourne (CBD),Finance and Insurance,41
2006,Melbourne (CBD),Finance and Insurance,8
2006,Melbourne (CBD),Health Care and Social Assistance,331
2006,Melbourne (CBD),Agriculture and Mining,2
2006,Melbourne (CBD),Public Administration and Safety,2
2006,Melbourne (CBD),Wholesale Trade,1
2006,Melbourne (Remainder),Health Care and Social Assistance,2
2006,Melbourne (Remainder),Public Administration and Safety,5
2006,Melbourne (Remainder),Real Estate Services,4
2006,North Melbourne,Food and Beverage Services,2
2006,North Melbourne,Information Media,4
2006,North Melbourne,Business Services,122
2006,North Melbourne,"Transport, Postal and Storage",2
2006,North Melbourne,Wholesale Trade,6
2006,Parkville,Food Catering Services,1
2006,Parkville,Health Care and Social Assistance,5
2006,Parkville,Manufacturing,1
2006,Port Melbourne,Finance and Insurance,7
2006,Port Melbourne,Health Care and Social Assistance,2
2006,Port Melbourne,Manufacturing,38
2006,Port Melbourne,"Transport, Postal and Storage",5
2006,Port Melbourne,Wholesale Trade,16
2006,Southbank,Food and Beverage Services,1
2006,Southbank,Admin and Support Services,3
2006,Southbank,Arts and Recreation Services,18
2006,Southbank,Education and Training,3
2006,Southbank,Health Care and Social Assistance,1
2006,Southbank,Manufacturing,7
2006,Southbank,Manufacturing,10
2006,Southbank,Retail Trade,95
2006,Southbank,"Transport, Postal and Storage",1
2006,West Melbourne (Industrial),"Transport, Postal and Storage",24
2006,West Melbourne (Residential),"Electricity, Gas, Water",1
2006,West Melbourne (Residential),Finance and Insurance,2
2006,West Melbourne (Residential),Information Media,5
2006,West Melbourne (Residential),Public Administration and Safety,7
2005,Carlton,Food Catering Services,5
2005,Carlton,Food and Beverage Services,171
2005,Carlton,Arts and Recreation Services,1
2005,Carlton,Construction,5
2005,Carlton,Education and Training,6
2005,Carlton,Finance and Insurance,35
2005,Carlton,Health Care and Social Assistance,12
2005,Carlton,Manufacturing,1
2005,Carlton,Manufacturing,31
2005,Carlton,Other Services,123
2005,Carlton,Business Services,139
2005,Docklands,Food and Beverage Services,77
2005,Docklands,Arts and Recreation Services,3
2005,Docklands,Public Administration and Safety,2
2005,Docklands,Retail Trade,1
2005,Docklands,"Transport, Postal and Storage",4
2005,East Melbourne,"Electricity, Gas, Water",5
2005,East Melbourne,Public Administration and Safety,2
2005,Kensington,Arts and Recreation Services,1
2005,Kensington,Health Care and Social Assistance,9
2005,Kensington,Manufacturing,1
2005,Kensington,Manufacturing,15
2005,Kensington,Rental and Hiring Services,1
2005,Melbourne (CBD),Food and Beverage Services,937
2005,Melbourne (CBD),Admin and Support Services,407
2005,Melbourne (CBD),Construction,1
2005,Melbourne (CBD),Finance and Insurance,449
2005,Melbourne (CBD),Manufacturing,2
2005,Melbourne (CBD),Public Administration and Safety,77
2005,Melbourne (CBD),Real Estate Services,106
2005,Melbourne (CBD),"Transport, Postal and Storage",76
2005,Melbourne (Remainder),Information Media,5
2005,Melbourne (Remainder),Other Services,4
2005,Melbourne (Remainder),"Transport, Postal and Storage",1
2005,Melbourne (Remainder),Wholesale Trade,4
2005,North Melbourne,Education and Training,1
2005,North Melbourne,Education and Training,13
2005,North Melbourne,Finance and Insurance,19
2005,North Melbourne,Information Media,4
2005,North Melbourne,Information Media,35
2005,North Melbourne,Rental and Hiring Services,11
2005,North Melbourne,"Transport, Postal and Storage",5
2005,North Melbourne,"Transport, Postal and Storage",2
2005,North Melbourne,Wholesale Trade,6
2005,Parkville,Agriculture and Mining,1
2005,Parkville,Agriculture and Mining,1
2005,Parkville,Education and Training,2
2005,Parkville,Education and Training,6
2005,Parkville,Finance and Insurance,5
2005,Parkville,Business Services,7
2005,Port Melbourne,Arts and Recreation Services,1
2005,Port Melbourne,Construction,4
2005,Port Melbourne,Construction,9
2005,Port Melbourne,Education and Training,1
2005,Port Melbourne,Public Administration and Safety,2
2005,South Yarra,Education and Training,5
2005,South Yarra,Other Services,9
2005,West Melbourne (Industrial),Admin and Support Services,3
2005,West Melbourne (Industrial),Arts and Recreation Services,3
2005,West Melbourne (Industrial),Information Media,3
2005,West Melbourne (Industrial),Retail Trade,7
2005,West Melbourne (Industrial),"Transport, Postal and Storage",4
2005,West Melbourne (Residential),Information Media,1
2005,West Melbourne (Residential),Business Services,11
2004,Carlton,Admin and Support Services,1
2004,Carlton,Arts and Recreation Services,17
2004,Carlton,Construction,7
2004,Carlton,Education and Training,43
2004,Carlton,"Electricity, Gas, Water",15
2004,Carlton,Information Media,18
2004,Carlton,Retail Trade,156
2004,Carlton,Wholesale Trade,23
2004,Docklands,Admin and Support Services,3
2004,Docklands,Arts and Recreation Services,2
2004,Docklands,Arts and Recreation Services,3
2004,Docklands,Finance and Insurance,1
2004,Docklands,Other Services,3
2004,Docklands,Real Estate Services,2
2004,Docklands,Retail Trade,14
2004,Docklands,"Transport, Postal and Storage",5
2004,East Melbourne,Arts and Recreation Services,1
2004,East Melbourne,Arts and Recreation Services,5
2004,East Melbourne,Arts and Recreation Services,14
2004,East Melbourne,Education and Training,6
2004,East Melbourne,"Electricity, Gas, Water",4
2004,East Melbourne,Manufacturing,1
2004,East Melbourne,Other Services,4
2004,Kensington,Food and Beverage Services,1
2004,Kensington,Manufacturing,9
2004,Kensington,Retail Trade,7
2023,Docklands,Information Media,14
2023,Docklands,Other Services,7
2023,Docklands,Business Services,121
2023,East Melbourne,Food Catering Services,2
2023,East Melbourne,Public Administration and Safety,1
2023,East Melbourne,Real Estate Services,1
2023,Kensington,Manufacturing,22
2023,Kensington,Public Administration and Safety,1
2023,Kensington,Retail Trade,1
2023,Melbourne (CBD),Business Services,454
2023,Melbourne (Remainder),Food and Beverage Services,2
2023,Melbourne (Remainder),Retail Trade,1
2023,North Melbourne,Admin and Support Services,1
2023,North Melbourne,Education and Training,1
2023,North Melbourne,Real Estate Services,1
2023,Parkville,Food and Beverage Services,1
2023,Southbank,Education and Training,1
2023,Southbank,Information Media,4
2023,West Melbourne (Industrial),Health Care and Social Assistance,1
2023,West Melbourne (Industrial),Wholesale Trade,6
2023,West Melbourne (Residential),Finance and Insurance,4
2023,West Melbourne (Residential),Information Media,6
2023,West Melbourne (Residential),Wholesale Trade,15
2022,Carlton,Food Catering Services,39
2022,Carlton,Food Catering Services,36
2022,Carlton,Finance and Insurance,15
2022,Carlton,Health Care and Social Assistance,3
2022,Carlton,Other Services,9
2022,Carlton,Business Services,1
2022,Docklands,Agriculture and Mining,1
2022,Docklands,Arts and Recreation Services,24
2022,Docklands,Information Media,8
2022,Docklands,Business Services,17
2022,Docklands,Retail Trade,10
2022,East Melbourne,Food Catering Services,2
2022,East Melbourne,Education and Training,5
2022,East Melbourne,Business Services,31
2022,Kensington,Admin and Support Services,1
2022,Kensington,Construction,1
2022,Kensington,Construction,18
2022,Kensington,Rental and Hiring Services,6
2022,Melbourne (CBD),Education and Training,96
2022,Melbourne (Remainder),Public Administration and Safety,2
2022,North Melbourne,Food Catering Services,1
2022,North Melbourne,Arts and Recreation Services,12
2022,North Melbourne,Information Media,9
2022,Port Melbourne,Finance and Insurance,1
2022,Port Melbourne,Health Care and Social Assistance,2
2022,Port Melbourne,Other Services,10
2022,Port Melbourne,Retail Trade,5
2022,Port Melbourne,"Transport, Postal and Storage",12
2022,Port Melbourne,Wholesale Trade,2
2022,Southbank,Food Catering Services,13
2022,Southbank,Admin and Support Services,10
2022,Southbank,Education and Training,9
2022,West Melbourne (Industrial),Information Media,3
2021,Kensington,Manufacturing,26
2020,West Melbourne (Residential),Health Care and Social Assistance,5
2020,West Melbourne (Residential),Public Administration and Safety,1
2020,West Melbourne (Residential),Real Estate Services,6
2019,East Melbourne,"Transport, Postal and Storage",3
2019,Kensington,Food Catering Services,1
2019,Kensington,Construction,1
2019,Kensington,Education and Training,5
2019,Kensington,Education and Training,4
2019,Kensington,Other Services,4
2019,Kensington,Real Estate Services,1
2019,Melbourne (CBD),Construction,104
2019,Melbourne (CBD),Other Services,79
2019,Melbourne (CBD),Public Administration and Safety,2
2019,Melbourne (Remainder),Construction,3
2019,North Melbourne,Health Care and Social Assistance,91
2019,Parkville,Health Care and Social Assistance,70
2019,Port Melbourne,Food Catering Services,2
2019,Port Melbourne,Public Administration and Safety,2
2019,South Yarra,Education and Training,6
2019,South Yarra,Education and Training,2
2019,Southbank,Construction,1
2019,Southbank,Education and Training,7
2019,Southbank,Finance and Insurance,13
2019,West Melbourne (Industrial),"Electricity, Gas, Water",1
2019,West Melbourne (Industrial),Other Services,4
2019,West Melbourne (Residential),"Electricity, Gas, Water",10
2019,West Melbourne (Residential),Finance and Insurance,2
2019,West Melbourne (Residential),Information Media,4
2019,West Melbourne (Residential),Business Services,11
2019,West Melbourne (Residential),Public Administration and Safety,1
2018,Carlton,Food Catering Services,5
2018,Carlton,Finance and Insurance,5
2018,Carlton,Business Services,125
2018,Carlton,Retail Trade,115
2018,Docklands,Education and Training,13
2018,Docklands,Health Care and Social Assistance,29
2018,East Melbourne,Health Care and Social Assistance,4
2018,East Melbourne,Information Media,1
2018,East Melbourne,Manufacturing,1
2018,East Melbourne,Business Services,60
2018,East Melbourne,Real Estate Services,6
2018,Kensington,Food Catering Services,1
2018,Kensington,Agriculture and Mining,2
2018,Kensington,Education and Training,4
2018,Kensington,Business Services,6
2018,Kensington,Wholesale Trade,22
2018,Melbourne (CBD),Education and Training,3
2018,Melbourne (CBD),Health Care and Social Assistance,46
2018,Melbourne (CBD),Health Care and Social Assistance,360
2018,Melbourne (CBD),Information Media,36
2018,Melbourne (CBD),Information Media,66
2018,Melbourne (Remainder),Food and Beverage Services,5
2018,Melbourne (Remainder),"Electricity, Gas, Water",1
2018,North Melbourne,Health Care and Social Assistance,91
2018,North Melbourne,Public Administration and Safety,6
2018,Parkville,Business Services,1
2018,Port Melbourne,Education and Training,5
2018,Port Melbourne,Information Media,14
2018,Port Melbourne,Other Services,12
2018,Port Melbourne,Wholesale Trade,1
2018,South Yarra,Public Administration and Safety,1
2018,South Yarra,Retail Trade,4
2018,Southbank,Food Catering Services,12
2018,Southbank,Construction,1
2018,Southbank,Information Media,12
2018,West Melbourne (Residential),Construction,4
2017,Carlton,Retail Trade,122
2017,Docklands,Admin and Support Services,2
2017,Docklands,Finance and Insurance,4
2017,Docklands,Finance and Insurance,35
2017,Docklands,Agriculture and Mining,1
2017,Docklands,Retail Trade,2
2017,Docklands,"Transport, Postal and Storage",6
2017,East Melbourne,Finance and Insurance,3
2017,East Melbourne,Health Care and Social Assistance,29
2017,East Melbourne,Other Services,10
2017,East Melbourne,Wholesale Trade,2
2017,Kensington,Agriculture and Mining,2
2017,Kensington,Arts and Recreation Services,56
2017,Kensington,Arts and Recreation Services,20
2017,Kensington,Manufacturing,39
2017,Kensington,Retail Trade,1
2017,Melbourne (CBD),Food Catering Services,59
2017,Melbourne (CBD),Admin and Support Services,315
2017,Melbourne (CBD),Education and Training,6
2017,Melbourne (CBD),Information Media,15
2017,Melbourne (CBD),"Transport, Postal and Storage",6
2017,Melbourne (Remainder),Construction,3
2017,Melbourne (Remainder),"Electricity, Gas, Water",2
2017,Melbourne (Remainder),Finance and Insurance,8
2017,Melbourne (Remainder),Manufacturing,6
2017,Melbourne (Remainder),Business Services,33
2017,Port Melbourne,Information Media,1
2017,Port Melbourne,Public Administration and Safety,2
2017,Southbank,Admin and Support Services,16
2017,Southbank,Health Care and Social Assistance,25
2017,Southbank,Agriculture and Mining,2
2017,Southbank,Other Services,19
2017,Southbank,Business Services,61
2017,Southbank,Real Estate Services,1
2017,West Melbourne (Residential),Arts and Recreation Services,8
2017,West Melbourne (Residential),Education and Training,7
2017,West Melbourne (Residential),Health Care and Social Assistance,4
2016,Carlton,Health Care and Social Assistance,1
2016,Carlton,Real Estate Services,18
2016,Carlton,Wholesale Trade,1
2016,Docklands,Agriculture and Mining,1
2016,Docklands,Construction,2
2016,Docklands,"Electricity, Gas, Water",1
2016,Docklands,Information Media,3
2016,Docklands,Retail Trade,206
2016,East Melbourne,Health Care and Social Assistance,6
2016,East Melbourne,Health Care and Social Assistance,204
2016,East Melbourne,Public Administration and Safety,6
2016,East Melbourne,Public Administration and Safety,10
2016,Kensington,Retail Trade,3
2016,Kensington,Retail Trade,36
2016,Melbourne (CBD),Food Catering Services,8
2016,Melbourne (CBD),Arts and Recreation Services,27
2016,Melbourne (CBD),Construction,2
2016,Melbourne (CBD),"Electricity, Gas, Water",8
2016,Melbourne (CBD),Information Media,41
2016,Melbourne (Remainder),Finance and Insurance,6
2016,Melbourne (Remainder),Finance and Insurance,27
2016,Melbourne (Remainder),"Transport, Postal and Storage",1
2016,North Melbourne,Admin and Support Services,2
2016,Port Melbourne,Food Catering Services,2
2016,Port Melbourne,Admin and Support Services,18
2016,Port Melbourne,Other Services,4
2016,South Yarra,Other Services,1
2016,Southbank,"Electricity, Gas, Water",1
2016,Southbank,Real Estate Services,5
2016,Southbank,Rental and Hiring Services,5
2016,Southbank,"Transport, Postal and Storage",7
2016,Southbank,Wholesale Trade,13
2016,West Melbourne (Industrial),Other Services,1
2015,Carlton,Food and Beverage Services,3
2015,Carlton,Construction,2
2015,Carlton,Information Media,4
2015,Carlton,Information Media,1
2015,Carlton,Manufacturing,3
2015,Carlton,Public Administration and Safety,1
2015,Carlton,Rental and Hiring Services,1
2015,Docklands,Construction,5
2015,Docklands,Education and Training,3
2015,Docklands,Finance and Insurance,19
2015,Docklands,Information Media,2
2015,Docklands,Other Services,53
2015,Docklands,"Transport, Postal and Storage",5
2015,East Melbourne,Information Media,1
2015,East Melbourne,Manufacturing,1
2015,Kensington,Information Media,4
2015,Kensington,Business Services,7
2015,Kensington,Rental and Hiring Services,6
2015,Kensington,Retail Trade,36
2015,Kensington,"Transport, Postal and Storage",6
2015,Melbourne (CBD),Arts and Recreation Services,17
2015,Melbourne (CBD),Health Care and Social Assistance,40
2015,Melbourne (CBD),Information Media,6
2015,Melbourne (CBD),Business Services,44
2015,Melbourne (CBD),Business Services,6
2015,Melbourne (CBD),Public Administration and Safety,50
2015,Melbourne (CBD),Retail Trade,74
2015,Melbourne (Remainder),Food and Beverage Services,2
2015,Melbourne (Remainder),Admin and Support Services,1
2015,North Melbourne,Finance and Insurance,3
2015,North Melbourne,Information Media,2
2015,North Melbourne,Other Services,13
2015,Port Melbourne,Education and Training,4
2015,South Yarra,Education and Training,1
2015,Southbank,Other Services,23
2015,Southbank,Real Estate Services,5
2015,Southbank,"Transport, Postal and Storage",7
2015,West Melbourne (Industrial),Manufacturing,4
2014,Carlton,Admin and Support Services,7
2014,Docklands,Construction,12
2014,Docklands,"Electricity, Gas, Water",9
2014,Docklands,Agriculture and Mining,1
2014,Docklands,Real Estate Services,2
2014,Docklands,Retail Trade,4
2014,East Melbourne,Admin and Support Services,3
2014,East Melbourne,Arts and Recreation Services,18
2014,East Melbourne,Health Care and Social Assistance,6
2014,Kensington,Construction,3
2014,Kensington,Rental and Hiring Services,6
2014,Melbourne (CBD),"Electricity, Gas, Water",10
2014,Melbourne (Remainder),Food and Beverage Services,5
2014,Melbourne (Remainder),Arts and Recreation Services,7
2014,Melbourne (Remainder),Manufacturing,11
2014,Melbourne (Remainder),Agriculture and Mining,1
2014,Melbourne (Remainder),Business Services,5
2014,Melbourne (Remainder),Public Administration and Safety,4
2014,Melbourne (Remainder),Real Estate Services,2
2014,Melbourne (Remainder),Real Estate Services,8
2014,North Melbourne,Food Catering Services,2
2014,North Melbourne,Admin and Support Services,34
2014,North Melbourne,Construction,33
2014,North Melbourne,"Electricity, Gas, Water",22
2014,North Melbourne,Health Care and Social Assistance,1
2014,North Melbourne,Health Care and Social Assistance,8
2014,North Melbourne,Information Media,2
2014,North Melbourne,Manufacturing,46
2014,Parkville,Food and Beverage Services,6
2014,Parkville,Admin and Support Services,4
2014,Parkville,Health Care and Social Assistance,1
2014,Parkville,Other Services,3
2014,Parkville,Business Services,7
2014,Parkville,Public Administration and Safety,1
2014,Port Melbourne,Food and Beverage Services,15
2014,Port Melbourne,Education and Training,2
2014,Port Melbourne,"Electricity, Gas, Water",6
2014,Port Melbourne,Information Media,1
2014,Port Melbourne,Other Services,9
2014,Southbank,Admin and Support Services,7
2014,Southbank,Arts and Recreation Services,19
2014,Southbank,Construction,14
2014,Southbank,Health Care and Social Assistance,17
2014,Southbank,Business Services,59
2014,Southbank,Real Estate Services,1
2014,Southbank,Wholesale Trade,5
2014,Southbank,Wholesale Trade,16
2014,West Melbourne (Industrial),Food and Beverage Services,2
2014,West Melbourne (Industrial),Food and Beverage Services,7
2014,West Melbourne (Industrial),Finance and Insurance,1
2014,West Melbourne (Residential),Construction,1
2014,West Melbourne (Residential),Information Media,10
2014,West Melbourne (Residential),Manufacturing,1
2014,West Melbourne (Residential),Public Administration and Safety,3
2014,West Melbourne (Residential),Retail Trade,39
2014,West Melbourne (Residential),Wholesale Trade,2
2013,Carlton,Food Catering Services,26
2013,Carlton,Other Services,22
2013,Carlton,Public Administration and Safety,2
2013,Docklands,Food Catering Services,4
2013,Docklands,Arts and Recreation Services,10
2013,Docklands,Manufacturing,4
2013,Docklands,Agriculture and Mining,1
2013,Docklands,"Transport, Postal and Storage",4
2013,Docklands,"Transport, Postal and Storage",3
2013,Docklands,"Transport, Postal and Storage",22
2013,Docklands,Wholesale Trade,2
2013,East Melbourne,Admin and Support Services,9
2013,East Melbourne,Education and Training,7
2013,East Melbourne,Finance and Insurance,2
2013,Melbourne (CBD),Health Care and Social Assistance,4
2013,Melbourne (CBD),Agriculture and Mining,9
2013,Melbourne (CBD),Business Services,1444
2013,Melbourne (CBD),Retail Trade,67
2013,Melbourne (Remainder),Construction,1
2013,Melbourne (Remainder),Other Services,12
2013,Melbourne (Remainder),Rental and Hiring Services,1
2013,Melbourne (Remainder),"Transport, Postal and Storage",5
2013,North Melbourne,Construction,1
2013,North Melbourne,Business Services,132
2013,Parkville,Education and Training,8
2013,Parkville,Manufacturing,1
2013,Port Melbourne,Health Care and Social Assistance,1
2013,Port Melbourne,Other Services,9
2013,Southbank,Food Catering Services,4
2013,Southbank,Agriculture and Mining,3
2013,Southbank,Arts and Recreation Services,20
2013,Southbank,Other Services,25
2013,Southbank,Business Services,69
2013,West Melbourne (Residential),Other Services,3
2012,Carlton,Education and Training,34
2012,Carlton,Education and Training,46
2012,Carlton,Other Services,16
2012,Docklands,Food Catering Services,4
2012,Docklands,Agriculture and Mining,2
2012,Docklands,Other Services,42
2012,Docklands,Real Estate Services,2
2012,East Melbourne,Public Administration and Safety,3
2012,Kensington,Arts and Recreation Services,18
2012,Kensington,Manufacturing,4
2012,Melbourne (CBD),Admin and Support Services,406
2012,Melbourne (CBD),Arts and Recreation Services,26
2012,Melbourne (CBD),Arts and Recreation Services,110
2012,Melbourne (CBD),Construction,2
2012,Melbourne (CBD),Health Care and Social Assistance,1
2012,Melbourne (CBD),Manufacturing,1
2012,Melbourne (CBD),Retail Trade,70
2012,Parkville,Other Services,5
2012,Parkville,Public Administration and Safety,3
2012,Port Melbourne,Admin and Support Services,2
2012,Port Melbourne,Arts and Recreation Services,5
2012,Port Melbourne,Health Care and Social Assistance,1
2012,Port Melbourne,Wholesale Trade,1
2012,South Yarra,Food and Beverage Services,8
2012,Southbank,"Electricity, Gas, Water",1
2012,Southbank,Business Services,56
2012,Southbank,Business Services,1
2012,Southbank,Public Administration and Safety,1
2012,Southbank,Retail Trade,2
2012,West Melbourne (Industrial),Food and Beverage Services,6
2012,West Melbourne (Residential),Food and Beverage Services,2
2012,West Melbourne (Residential),Arts and Recreation Services,4
2012,West Melbourne (Residential),Construction,1
2012,West Melbourne (Residential),Finance and Insurance,1
2012,West Melbourne (Residential),Information Media,3
2012,West Melbourne (Residential),Wholesale Trade,4
2011,Carlton,Construction,17
2011,Carlton,Education and Training,31
2011,Carlton,Other Services,16
2011,Docklands,Information Media,4
2011,East Melbourne,"Electricity, Gas, Water",4
2011,East Melbourne,Business Services,62
2011,Kensington,Other Services,8
2011,Kensington,Wholesale Trade,25
2011,Melbourne (CBD),Agriculture and Mining,3
2011,Melbourne (CBD),Arts and Recreation Services,1
2011,Melbourne (CBD),Education and Training,8
2011,Melbourne (CBD),Agriculture and Mining,2
2011,Melbourne (CBD),Public Administration and Safety,33
2011,Melbourne (CBD),"Transport, Postal and Storage",6
2011,Melbourne (Remainder),Health Care and Social Assistance,59
2011,Melbourne (Remainder),Other Services,15
2011,North Melbourne,Food and Beverage Services,3
2011,North Melbourne,Admin and Support Services,35
2011,North Melbourne,Arts and Recreation Services,14
2011,North Melbourne,Construction,7
2011,North Melbourne,Education and Training,1
2011,North Melbourne,Business Services,15
2011,Parkville,Arts and Recreation Services,5
2011,Parkville,"Electricity, Gas, Water",7
2011,Port Melbourne,Retail Trade,3
2011,South Yarra,Education and Training,1
2011,Southbank,Agriculture and Mining,3
2011,Southbank,Arts and Recreation Services,3
2011,Southbank,Arts and Recreation Services,15
2011,Southbank,Information Media,2
2011,Southbank,Wholesale Trade,2
2011,West Melbourne (Industrial),Manufacturing,4
2011,West Melbourne (Residential),"Electricity, Gas, Water",1
2011,West Melbourne (Residential),"Transport, Postal and Storage",1
2010,Carlton,Arts and Recreation Services,16
2010,Carlton,Education and Training,31
2010,Carlton,Retail Trade,154
2010,Carlton,"Transport, Postal and Storage",4
2010,Docklands,Real Estate Services,34
2010,East Melbourne,Arts and Recreation Services,8
2010,East Melbourne,Finance and Insurance,2
2010,East Melbourne,Business Services,19
2010,East Melbourne,Retail Trade,1
2010,Kensington,Food and Beverage Services,2
2010,Kensington,Agriculture and Mining,1
2010,Kensington,"Electricity, Gas, Water",2
2010,Kensington,Finance and Insurance,4
2010,Melbourne (CBD),Business Services,295
2010,Melbourne (CBD),Wholesale Trade,2
2010,Melbourne (Remainder),Arts and Recreation Services,25
2010,Melbourne (Remainder),Finance and Insurance,8
2010,Melbourne (Remainder),Manufacturing,1
2010,North Melbourne,Education and Training,18
2010,North Melbourne,Other Services,11
2010,North Melbourne,Real Estate Services,1
2010,North Melbourne,Rental and Hiring Services,13
2010,Parkville,Health Care and Social Assistance,5
2010,Parkville,Health Care and Social Assistance,2
2010,Parkville,"Transport, Postal and Storage",1
2010,Port Melbourne,Education and Training,5
2010,Port Melbourne,Wholesale Trade,3
2010,Southbank,Arts and Recreation Services,11
2010,Southbank,Health Care and Social Assistance,2
2010,Southbank,Manufacturing,9
2010,Southbank,"Transport, Postal and Storage",4
2010,West Melbourne (Residential),Arts and Recreation Services,8
2010,West Melbourne (Residential),Finance and Insurance,2
2010,West Melbourne (Residential),Manufacturing,8
2010,West Melbourne (Residential),Public Administration and Safety,1
2009,Carlton,Admin and Support Services,19
2009,Carlton,Finance and Insurance,35
2009,Carlton,Business Services,131
2009,Docklands,Construction,2
2009,East Melbourne,Arts and Recreation Services,15
2009,East Melbourne,Finance and Insurance,2
2009,Kensington,Food Catering Services,1
2009,Kensington,Arts and Recreation Services,52
2009,Kensington,Retail Trade,2
2009,Kensington,"Transport, Postal and Storage",3
2009,Melbourne (CBD),Admin and Support Services,3
2009,Melbourne (CBD),Arts and Recreation Services,25
2009,Melbourne (CBD),Construction,61
2009,Melbourne (CBD),"Electricity, Gas, Water",38
2009,Melbourne (CBD),Information Media,26
2009,Melbourne (CBD),Real Estate Services,31
2009,Melbourne (CBD),Retail Trade,1505
2009,Melbourne (Remainder),Food and Beverage Services,2
2009,Melbourne (Remainder),Arts and Recreation Services,10
2009,Melbourne (Remainder),Business Services,25
2009,Melbourne (Remainder),"Transport, Postal and Storage",1
2009,Melbourne (Remainder),Wholesale Trade,2
2009,North Melbourne,Food Catering Services,8
2009,North Melbourne,Education and Training,6
2009,North Melbourne,Other Services,6
2009,Parkville,Food Catering Services,10
2009,Parkville,Arts and Recreation Services,1
2009,Parkville,Arts and Recreation Services,1
2009,Port Melbourne,Admin and Support Services,1
2009,Port Melbourne,Construction,8
2009,Port Melbourne,Other Services,1
2009,South Yarra,Food Catering Services,1
2009,South Yarra,Education and Training,1
2009,Southbank,Food and Beverage Services,45
2009,Southbank,Food and Beverage Services,76
2009,Southbank,Finance and Insurance,19
2009,Southbank,Information Media,17
2009,Southbank,Manufacturing,3
2009,Southbank,"Transport, Postal and Storage",9
2009,West Melbourne (Residential),"Electricity, Gas, Water",9
2008,Carlton,Food Catering Services,8
2008,Docklands,Finance and Insurance,1
2008,Docklands,Retail Trade,1
2008,East Melbourne,Manufacturing,1
2008,East Melbourne,"Transport, Postal and Storage",2
2008,Kensington,Information Media,2
2008,Kensington,Retail Trade,25
2004,Kensington,"Transport, Postal and Storage",3
2004,Melbourne (CBD),Food and Beverage Services,108
2004,Melbourne (CBD),Food and Beverage Services,8
2004,Melbourne (CBD),Arts and Recreation Services,8
2004,Melbourne (CBD),Health Care and Social Assistance,2
2004,North Melbourne,Food and Beverage Services,2
2004,North Melbourne,Manufacturing,8
2004,Parkville,Food Catering Services,2
2004,Parkville,Information Media,1
2004,Port Melbourne,Construction,9
2004,Port Melbourne,Manufacturing,15
2004,Port Melbourne,Public Administration and Safety,2
2004,Port Melbourne,"Transport, Postal and Storage",13
2004,Port Melbourne,Wholesale Trade,13
2004,Southbank,Health Care and Social Assistance,1
2004,Southbank,Rental and Hiring Services,1
2004,West Melbourne (Residential),Construction,6
2004,West Melbourne (Residential),Business Services,7
2003,Carlton,Admin and Support Services,1
2003,Carlton,Retail Trade,156
2003,Carlton,Wholesale Trade,4
2003,Docklands,Arts and Recreation Services,3
2003,Docklands,Finance and Insurance,1
2003,Docklands,Information Media,2
2003,Docklands,Public Administration and Safety,4
2003,East Melbourne,Food Catering Services,4
2003,East Melbourne,"Electricity, Gas, Water",2
2003,East Melbourne,Finance and Insurance,6
2003,East Melbourne,Other Services,4
2003,East Melbourne,Public Administration and Safety,6
2003,Kensington,Arts and Recreation Services,39
2003,Kensington,Construction,1
2003,Kensington,Health Care and Social Assistance,7
2003,Kensington,Manufacturing,14
2003,Kensington,Other Services,8
2003,Melbourne (CBD),Arts and Recreation Services,69
2003,Melbourne (CBD),Education and Training,4
2003,Melbourne (CBD),Finance and Insurance,147
2003,Melbourne (CBD),Finance and Insurance,6
2003,Melbourne (CBD),Information Media,19
2003,Melbourne (CBD),Other Services,57
2003,Melbourne (CBD),Business Services,38
2003,Melbourne (CBD),Rental and Hiring Services,1
2003,Melbourne (CBD),Real Estate Services,21
2003,Melbourne (CBD),Rental and Hiring Services,18
2003,Melbourne (Remainder),Food Catering Services,1
2003,Melbourne (Remainder),Food Catering Services,1
2003,Melbourne (Remainder),Manufacturing,1
2003,Melbourne (Remainder),Business Services,1
2003,Melbourne (Remainder),"Transport, Postal and Storage",6
2003,North Melbourne,Manufacturing,2
2003,North Melbourne,"Transport, Postal and Storage",5
2003,Parkville,Food and Beverage Services,28
2003,Parkville,Agriculture and Mining,1
2003,Parkville,Health Care and Social Assistance,1
2003,Port Melbourne,Admin and Support Services,5
2003,Port Melbourne,Public Administration and Safety,1
2003,Port Melbourne,Real Estate Services,1
2003,South Yarra,Food and Beverage Services,2
2003,South Yarra,Education and Training,3
2003,Southbank,Other Services,38
2003,West Melbourne (Industrial),"Transport, Postal and Storage",24
2003,West Melbourne (Residential),Food and Beverage Services,40
2003,West Melbourne (Residential),Admin and Support Services,1
2003,West Melbourne (Residential),Education and Training,3
2003,West Melbourne (Residential),Public Administration and Safety,4
2002,Carlton,Information Media,21
2002,Carlton,Retail Trade,4
2002,Carlton,"Transport, Postal and Storage",8
2002,Docklands,Food and Beverage Services,2
2002,East Melbourne,Manufacturing,1
2002,East Melbourne,Public Administration and Safety,5
2002,Kensington,Arts and Recreation Services,1
2002,Kensington,Construction,1
2002,Kensington,Education and Training,1
2002,Melbourne (CBD),Food Catering Services,4
2002,Melbourne (CBD),Construction,57
2002,Melbourne (CBD),Education and Training,5
2002,Melbourne (CBD),Other Services,3
2002,Melbourne (CBD),Wholesale Trade,1
2002,Melbourne (Remainder),Construction,3
2002,Melbourne (Remainder),Finance and Insurance,4
2002,Melbourne (Remainder),Finance and Insurance,25
2002,North Melbourne,Finance and Insurance,1
2002,North Melbourne,Wholesale Trade,72
2002,Parkville,Business Services,1
2002,Parkville,Real Estate Services,1
2002,Port Melbourne,"Transport, Postal and Storage",4
2002,Southbank,Food Catering Services,1
2002,Southbank,Arts and Recreation Services,4
2002,Southbank,Real Estate Services,1
2002,West Melbourne (Industrial),Construction,2
2002,West Melbourne (Industrial),Information Media,1
2002,West Melbourne (Residential),Real Estate Services,2
2002,West Melbourne (Residential),"Transport, Postal and Storage",1
2002,West Melbourne (Residential),Wholesale Trade,5
2023,City of Melbourne (total),Food and Beverage Services,2132
2023,City of Melbourne (total),Admin and Support Services,10
2023,City of Melbourne (total),Arts and Recreation Services,255
2023,City of Melbourne (total),Health Care and Social Assistance,11
2023,City of Melbourne (total),Agriculture and Mining,16
2023,City of Melbourne (total),Agriculture and Mining,9
2023,City of Melbourne (total),Other Services,1069
2022,City of Melbourne (total),Arts and Recreation Services,255
2022,City of Melbourne (total),Construction,90
2022,City of Melbourne (total),Business Services,16
2022,City of Melbourne (total),Real Estate Services,7
2021,City of Melbourne (total),Food Catering Services,89
2021,City of Melbourne (total),Construction,10
2021,City of Melbourne (total),Health Care and Social Assistance,23
2021,City of Melbourne (total),Manufacturing,56
2021,City of Melbourne (total),Agriculture and Mining,5
2020,City of Melbourne (total),Food and Beverage Services,32
2020,City of Melbourne (total),Arts and Recreation Services,99
2020,City of Melbourne (total),Construction,93
2020,City of Melbourne (total),Construction,4
2020,City of Melbourne (total),Retail Trade,23
2020,City of Melbourne (total),"Transport, Postal and Storage",18
2019,City of Melbourne (total),Food and Beverage Services,7
2019,City of Melbourne (total),Finance and Insurance,218
2019,City of Melbourne (total),Health Care and Social Assistance,961
2019,City of Melbourne (total),Other Services,1310
2019,City of Melbourne (total),Retail Trade,2089
2019,City of Melbourne (total),"Transport, Postal and Storage",66
2019,City of Melbourne (total),Wholesale Trade,7
2018,City of Melbourne (total),Food Catering Services,100
2018,City of Melbourne (total),Education and Training,31
2018,City of Melbourne (total),"Electricity, Gas, Water",13
2018,City of Melbourne (total),Finance and Insurance,3
2018,City of Melbourne (total),Retail Trade,2124
2018,City of Melbourne (total),"Transport, Postal and Storage",71
2017,City of Melbourne (total),Food Catering Services,97
2017,City of Melbourne (total),Admin and Support Services,11
2017,City of Melbourne (total),Health Care and Social Assistance,144
2017,City of Melbourne (total),Real Estate Services,342
2017,City of Melbourne (total),"Transport, Postal and Storage",42
2017,City of Melbourne (total),Wholesale Trade,7
2017,City of Melbourne (total),Wholesale Trade,6
2016,City of Melbourne (total),Food and Beverage Services,20
2016,City of Melbourne (total),Food and Beverage Services,329
2016,City of Melbourne (total),Construction,3
2016,City of Melbourne (total),Business Services,11
2016,City of Melbourne (total),Public Administration and Safety,95
2016,City of Melbourne (total),Rental and Hiring Services,7
2016,City of Melbourne (total),"Transport, Postal and Storage",199
2015,City of Melbourne (total),Education and Training,191
2015,City of Melbourne (total),"Electricity, Gas, Water",10
2015,City of Melbourne (total),Agriculture and Mining,4
2015,City of Melbourne (total),Rental and Hiring Services,56
2014,City of Melbourne (total),Admin and Support Services,529
2014,City of Melbourne (total),Construction,14
2014,City of Melbourne (total),Information Media,73
2014,City of Melbourne (total),Wholesale Trade,98
2014,City of Melbourne (total),Wholesale Trade,8
2013,City of Melbourne (total),Agriculture and Mining,11
2013,City of Melbourne (total),Arts and Recreation Services,16
2013,City of Melbourne (total),"Electricity, Gas, Water",11
2013,City of Melbourne (total),Business Services,2167
2013,City of Melbourne (total),"Transport, Postal and Storage",208
2013,City of Melbourne (total),"Transport, Postal and Storage",20
2012,City of Melbourne (total),Food and Beverage Services,32
2012,City of Melbourne (total),Finance and Insurance,4
2012,City of Melbourne (total),Wholesale Trade,106
2011,City of Melbourne (total),Food Catering Services,141
2011,City of Melbourne (total),Agriculture and Mining,6
2011,City of Melbourne (total),Arts and Recreation Services,84
2011,City of Melbourne (total),Finance and Insurance,47
2011,City of Melbourne (total),Manufacturing,8
2011,City of Melbourne (total),Manufacturing,15
2011,City of Melbourne (total),Public Administration and Safety,107
2011,City of Melbourne (total),Public Administration and Safety,47
2011,City of Melbourne (total),Wholesale Trade,97
2010,City of Melbourne (total),Health Care and Social Assistance,88
2010,City of Melbourne (total),Health Care and Social Assistance,17
2010,City of Melbourne (total),Information Media,81
2009,City of Melbourne (total),Agriculture and Mining,50
2009,City of Melbourne (total),Agriculture and Mining,4
2009,City of Melbourne (total),Other Services,3
2009,City of Melbourne (total),Wholesale Trade,508
2008,City of Melbourne (total),Agriculture and Mining,46
2008,City of Melbourne (total),Business Services,2135
2008,City of Melbourne (total),Business Services,439
2007,City of Melbourne (total),Finance and Insurance,177
2007,City of Melbourne (total),Manufacturing,59
2007,City of Melbourne (total),Rental and Hiring Services,5
2007,City of Melbourne (total),Rental and Hiring Services,1
2006,City of Melbourne (total),Food and Beverage Services,1556
2006,City of Melbourne (total),Admin and Support Services,6
2006,City of Melbourne (total),Arts and Recreation Services,208
2006,City of Melbourne (total),Finance and Insurance,177
2006,City of Melbourne (total),Business Services,45
2005,City of Melbourne (total),"Electricity, Gas, Water",12
2005,City of Melbourne (total),Agriculture and Mining,6
2005,City of Melbourne (total),Wholesale Trade,78
2004,City of Melbourne (total),Construction,1
2004,City of Melbourne (total),Education and Training,17
2004,City of Melbourne (total),Finance and Insurance,53
2004,City of Melbourne (total),Information Media,246
2004,City of Melbourne (total),Manufacturing,8
2004,City of Melbourne (total),Rental and Hiring Services,58
2003,City of Melbourne (total),Arts and Recreation Services,186
2003,Melbourne (CBD),Retail Trade,1237
2003,Melbourne (Remainder),Information Media,6
2003,North Melbourne,Food and Beverage Services,72
2003,North Melbourne,Arts and Recreation Services,15
2003,North Melbourne,Other Services,4
2003,Parkville,"Transport, Postal and Storage",3
2003,Port Melbourne,Business Services,13
2023,West Melbourne (Industrial),Arts and Recreation Services,7
2023,West Melbourne (Industrial),Construction,7
2023,West Melbourne (Industrial),Rental and Hiring Services,2
2023,West Melbourne (Industrial),"Transport, Postal and Storage",15
2023,West Melbourne (Residential),Information Media,1
2023,West Melbourne (Residential),Business Services,64
2023,West Melbourne (Residential),Wholesale Trade,1
2022,Docklands,Arts and Recreation Services,27
2022,Docklands,Health Care and Social Assistance,7
2022,Melbourne (CBD),"Transport, Postal and Storage",15
2022,Melbourne (Remainder),Food and Beverage Services,5
2022,Melbourne (Remainder),Admin and Support Services,1
2022,Melbourne (Remainder),Admin and Support Services,6
2022,North Melbourne,Food Catering Services,15
2022,North Melbourne,Arts and Recreation Services,3
2022,North Melbourne,Information Media,3
2022,North Melbourne,Public Administration and Safety,2
2022,Parkville,Arts and Recreation Services,10
2022,Parkville,Education and Training,3
2022,Parkville,Education and Training,2
2022,Parkville,Health Care and Social Assistance,63
2022,Parkville,Real Estate Services,1
2022,Port Melbourne,Arts and Recreation Services,6
2022,Port Melbourne,Construction,17
2022,Port Melbourne,Information Media,2
2022,Port Melbourne,Manufacturing,21
2022,Port Melbourne,Rental and Hiring Services,3
2022,Southbank,Real Estate Services,18
2022,West Melbourne (Industrial),Construction,7
2022,West Melbourne (Industrial),Public Administration and Safety,1
2022,West Melbourne (Industrial),Retail Trade,2
2022,West Melbourne (Industrial),Wholesale Trade,6
2022,West Melbourne (Residential),Food and Beverage Services,45
2022,West Melbourne (Residential),Finance and Insurance,4
2022,West Melbourne (Residential),Health Care and Social Assistance,1
2022,West Melbourne (Residential),Health Care and Social Assistance,17
2022,West Melbourne (Residential),Manufacturing,2
2022,West Melbourne (Residential),Agriculture and Mining,1
2022,West Melbourne (Residential),Business Services,12
2022,West Melbourne (Residential),Business Services,61
2022,West Melbourne (Residential),Real Estate Services,5
2021,Carlton,Finance and Insurance,20
2021,Carlton,Health Care and Social Assistance,1
2021,Carlton,Public Administration and Safety,3
2021,Carlton,Public Administration and Safety,3
2021,Carlton,Rental and Hiring Services,3
2021,Docklands,Food and Beverage Services,15
2021,Docklands,Education and Training,8
2021,Docklands,Information Media,6
2021,Docklands,Public Administration and Safety,10
2021,Docklands,Retail Trade,10
2021,Docklands,Wholesale Trade,1
2021,East Melbourne,Food and Beverage Services,1
2021,East Melbourne,Arts and Recreation Services,21
2021,East Melbourne,Education and Training,3
2021,East Melbourne,Manufacturing,1
2021,East Melbourne,Business Services,47
2021,East Melbourne,Public Administration and Safety,6
2021,East Melbourne,Public Administration and Safety,4
2021,East Melbourne,Real Estate Services,1
2021,East Melbourne,"Transport, Postal and Storage",1
2021,East Melbourne,"Transport, Postal and Storage",3
2021,Kensington,Arts and Recreation Services,13
2021,Kensington,"Electricity, Gas, Water",8
2021,Melbourne (CBD),Food Catering Services,4
2021,Melbourne (CBD),Food and Beverage Services,1374
2021,Melbourne (CBD),"Electricity, Gas, Water",6
2021,Melbourne (CBD),Health Care and Social Assistance,304
2021,Melbourne (CBD),Other Services,54
2021,Melbourne (CBD),Other Services,74
2021,Melbourne (CBD),Business Services,7
2021,Melbourne (Remainder),Food Catering Services,1
2021,Melbourne (Remainder),Food and Beverage Services,2
2021,Melbourne (Remainder),Admin and Support Services,1
2021,Melbourne (Remainder),Arts and Recreation Services,10
2021,Melbourne (Remainder),Education and Training,3
2021,Melbourne (Remainder),Finance and Insurance,13
2021,Melbourne (Remainder),Health Care and Social Assistance,2
2021,Melbourne (Remainder),"Transport, Postal and Storage",2
2021,Melbourne (Remainder),Wholesale Trade,1
2021,Melbourne (Remainder),Wholesale Trade,2
2021,Melbourne (Remainder),Wholesale Trade,2
2021,North Melbourne,Finance and Insurance,2
2021,North Melbourne,Health Care and Social Assistance,2
2021,Port Melbourne,"Electricity, Gas, Water",3
2021,Port Melbourne,Manufacturing,5
2021,Port Melbourne,Manufacturing,21
2021,Port Melbourne,Public Administration and Safety,1
2021,Port Melbourne,Retail Trade,19
2021,Southbank,Construction,11
2021,Southbank,Education and Training,9
2021,Southbank,Health Care and Social Assistance,8
2021,Southbank,Business Services,58
2021,Southbank,Public Administration and Safety,2
2021,Southbank,Retail Trade,196
2021,West Melbourne (Industrial),Information Media,3
2021,West Melbourne (Industrial),Manufacturing,4
2021,West Melbourne (Industrial),Real Estate Services,1
2021,West Melbourne (Residential),Food and Beverage Services,51
2021,West Melbourne (Residential),Health Care and Social Assistance,1
2021,West Melbourne (Residential),Health Care and Social Assistance,5
2020,Docklands,Food Catering Services,4
2020,Docklands,Admin and Support Services,7
2020,Docklands,Arts and Recreation Services,3
2020,Docklands,Education and Training,1
2020,Docklands,Information Media,6
2020,Docklands,Public Administration and Safety,11
2020,Docklands,Wholesale Trade,1
2020,East Melbourne,Admin and Support Services,1
2020,East Melbourne,Arts and Recreation Services,9
2020,East Melbourne,Education and Training,7
2020,East Melbourne,Finance and Insurance,1
2020,East Melbourne,Health Care and Social Assistance,178
2020,East Melbourne,Manufacturing,1
2020,East Melbourne,Other Services,9
2020,East Melbourne,Public Administration and Safety,6
2020,East Melbourne,Real Estate Services,1
2020,East Melbourne,"Transport, Postal and Storage",1
2020,Kensington,Business Services,1
2020,Kensington,"Transport, Postal and Storage",11
2020,Melbourne (CBD),Agriculture and Mining,1
2020,Melbourne (CBD),Arts and Recreation Services,97
2020,Melbourne (CBD),"Electricity, Gas, Water",7
2020,Melbourne (CBD),Finance and Insurance,4
2020,Melbourne (CBD),Information Media,12
2020,Melbourne (CBD),Manufacturing,8
2020,Melbourne (Remainder),Education and Training,1
2020,Melbourne (Remainder),Education and Training,4
2020,Melbourne (Remainder),Finance and Insurance,6
2020,Melbourne (Remainder),Health Care and Social Assistance,3
2020,Melbourne (Remainder),Information Media,1
2020,Melbourne (Remainder),Business Services,14
2020,Melbourne (Remainder),Wholesale Trade,1
2020,North Melbourne,Information Media,2
2020,North Melbourne,Manufacturing,5
2020,North Melbourne,Public Administration and Safety,2
2020,Parkville,Food Catering Services,4
2020,Parkville,Business Services,8
2020,Parkville,Business Services,9
2020,Port Melbourne,Agriculture and Mining,1
2020,Port Melbourne,"Electricity, Gas, Water",6
2020,Port Melbourne,Information Media,2
2020,Port Melbourne,Other Services,13
2020,Port Melbourne,Public Administration and Safety,10
2020,Port Melbourne,Retail Trade,5
2020,South Yarra,Education and Training,1
2020,Southbank,Food and Beverage Services,4
2020,Southbank,Admin and Support Services,14
2020,Southbank,Agriculture and Mining,2
2020,Southbank,Arts and Recreation Services,19
2020,Southbank,Other Services,16
2020,Southbank,Other Services,18
2020,Southbank,Public Administration and Safety,2
2020,Southbank,Rental and Hiring Services,2
2020,Southbank,Retail Trade,1
2020,West Melbourne (Industrial),Construction,1
2020,West Melbourne (Industrial),Construction,5
2020,West Melbourne (Industrial),"Electricity, Gas, Water",2
2020,West Melbourne (Industrial),Information Media,3
2020,West Melbourne (Residential),Arts and Recreation Services,4
2020,West Melbourne (Residential),Arts and Recreation Services,9
2020,West Melbourne (Residential),Arts and Recreation Services,7
2020,West Melbourne (Residential),Finance and Insurance,6
2020,West Melbourne (Residential),Other Services,34
2019,Carlton,Arts and Recreation Services,21
2019,Carlton,Education and Training,41
2019,Carlton,Manufacturing,2
2019,Carlton,Manufacturing,20
2019,Carlton,Other Services,13
2019,Carlton,Wholesale Trade,14
2019,Docklands,Food and Beverage Services,242
2019,Docklands,Arts and Recreation Services,18
2019,Docklands,"Electricity, Gas, Water",1
2019,Docklands,Health Care and Social Assistance,29
2019,Docklands,Information Media,2
2019,Docklands,Other Services,21
2019,Docklands,Public Administration and Safety,6
2019,East Melbourne,Admin and Support Services,3
2019,East Melbourne,Construction,2
2019,East Melbourne,Manufacturing,2
2019,East Melbourne,Agriculture and Mining,1
2019,East Melbourne,Other Services,11
2019,East Melbourne,Wholesale Trade,3
2019,Kensington,Construction,1
2019,Kensington,Health Care and Social Assistance,6
2019,Kensington,Information Media,2
2019,Kensington,Manufacturing,35
2019,Kensington,Other Services,35
2019,Kensington,Business Services,1
2019,Kensington,Rental and Hiring Services,6
2019,Kensington,Retail Trade,28
2019,Melbourne (CBD),Food and Beverage Services,227
2019,Melbourne (CBD),Agriculture and Mining,7
2019,Melbourne (CBD),Construction,1
2019,Melbourne (CBD),"Electricity, Gas, Water",9
2019,Melbourne (CBD),Real Estate Services,185
2019,Melbourne (CBD),Retail Trade,11
2019,Melbourne (Remainder),Admin and Support Services,8
2019,Melbourne (Remainder),Construction,5
2019,Melbourne (Remainder),"Electricity, Gas, Water",2
2019,Melbourne (Remainder),Finance and Insurance,2
2019,Melbourne (Remainder),Public Administration and Safety,2
2019,North Melbourne,Construction,34
2019,North Melbourne,Education and Training,10
2019,North Melbourne,Education and Training,27
2019,North Melbourne,Business Services,18
2019,Parkville,Health Care and Social Assistance,16
2019,Parkville,Business Services,11
2019,Port Melbourne,Arts and Recreation Services,6
2019,Port Melbourne,"Electricity, Gas, Water",3
2019,Port Melbourne,Business Services,58
2019,Port Melbourne,Wholesale Trade,43
2019,Southbank,"Electricity, Gas, Water",4
2019,Southbank,"Transport, Postal and Storage",2
2019,West Melbourne (Industrial),Manufacturing,3
2019,West Melbourne (Industrial),Business Services,1
2019,West Melbourne (Industrial),Public Administration and Safety,1
2019,West Melbourne (Industrial),"Transport, Postal and Storage",20
2019,West Melbourne (Industrial),"Transport, Postal and Storage",14
2018,Carlton,Food and Beverage Services,209
2018,Carlton,Manufacturing,2
2018,Carlton,Public Administration and Safety,3
2018,Carlton,Real Estate Services,3
2018,Docklands,Admin and Support Services,2
2018,Docklands,Education and Training,1
2018,Docklands,Education and Training,4
2018,Docklands,Finance and Insurance,12
2018,Docklands,Health Care and Social Assistance,10
2018,Docklands,Information Media,13
2018,Docklands,Other Services,64
2018,Docklands,Real Estate Services,2
2018,East Melbourne,Health Care and Social Assistance,3
2018,Kensington,Food and Beverage Services,48
2018,Kensington,Arts and Recreation Services,1
2018,Kensington,Manufacturing,9
2018,Kensington,Real Estate Services,1
2018,Kensington,Wholesale Trade,2
2018,Melbourne (CBD),Finance and Insurance,29
2018,Melbourne (CBD),Finance and Insurance,549
2018,Melbourne (CBD),Health Care and Social Assistance,1
2018,Melbourne (CBD),Agriculture and Mining,25
2018,Melbourne (CBD),Business Services,6
2018,Melbourne (CBD),Rental and Hiring Services,10
2018,Melbourne (Remainder),Food and Beverage Services,6
2018,Melbourne (Remainder),Arts and Recreation Services,7
2018,North Melbourne,Health Care and Social Assistance,12
2018,Port Melbourne,Construction,4
2018,Port Melbourne,Manufacturing,23
2018,Port Melbourne,Real Estate Services,7
2018,South Yarra,Health Care and Social Assistance,1
2018,Southbank,Admin and Support Services,1
2018,Southbank,Admin and Support Services,16
2018,Southbank,"Electricity, Gas, Water",2
2018,Southbank,Finance and Insurance,1
2018,Southbank,Manufacturing,4
2018,Southbank,Business Services,53
2018,Southbank,Public Administration and Safety,2
2018,Southbank,Real Estate Services,1
2018,Southbank,Real Estate Services,26
2018,Southbank,Wholesale Trade,4
2018,West Melbourne (Industrial),"Electricity, Gas, Water",1
2018,West Melbourne (Industrial),"Electricity, Gas, Water",2
2018,West Melbourne (Industrial),Information Media,2
2018,West Melbourne (Industrial),Business Services,1
2018,West Melbourne (Residential),Admin and Support Services,10
2018,West Melbourne (Residential),Arts and Recreation Services,5
2018,West Melbourne (Residential),Finance and Insurance,2
2017,Carlton,Manufacturing,2
2017,Carlton,Public Administration and Safety,7
2017,Docklands,Admin and Support Services,27
2017,Docklands,"Electricity, Gas, Water",1
2017,Docklands,"Electricity, Gas, Water",9
2017,Docklands,Health Care and Social Assistance,7
2017,Docklands,Real Estate Services,1
2017,Docklands,Real Estate Services,53
2017,East Melbourne,"Electricity, Gas, Water",6
2017,East Melbourne,Finance and Insurance,9
2017,East Melbourne,Public Administration and Safety,4
2017,East Melbourne,Retail Trade,12
2017,Kensington,Business Services,30
2017,Kensington,Real Estate Services,1
2017,Melbourne (CBD),Food Catering Services,4
2017,Melbourne (CBD),Arts and Recreation Services,126
2017,Melbourne (CBD),Health Care and Social Assistance,1
2017,Melbourne (CBD),Public Administration and Safety,27
2017,Melbourne (CBD),Rental and Hiring Services,13
2017,Melbourne (Remainder),Admin and Support Services,1
2017,Melbourne (Remainder),Arts and Recreation Services,12
2017,Melbourne (Remainder),Construction,5
2017,Melbourne (Remainder),Health Care and Social Assistance,2
2017,Melbourne (Remainder),Business Services,4
2017,Melbourne (Remainder),Business Services,20
2017,Melbourne (Remainder),Public Administration and Safety,2
2017,Melbourne (Remainder),Public Administration and Safety,5
2017,Melbourne (Remainder),Real Estate Services,6
2017,Melbourne (Remainder),Rental and Hiring Services,1
2017,North Melbourne,Food and Beverage Services,5
2017,North Melbourne,Admin and Support Services,28
2017,North Melbourne,Health Care and Social Assistance,8
2017,North Melbourne,Public Administration and Safety,8
2017,Parkville,Admin and Support Services,4
2017,Port Melbourne,Food and Beverage Services,1
2017,Port Melbourne,Construction,4
2017,Port Melbourne,Health Care and Social Assistance,1
2017,Port Melbourne,Business Services,14
2017,Port Melbourne,Public Administration and Safety,1
2017,Port Melbourne,Rental and Hiring Services,4
2017,Port Melbourne,Retail Trade,21
2017,South Yarra,Education and Training,1
2017,Southbank,Food and Beverage Services,7
2017,Southbank,Agriculture and Mining,3
2017,Southbank,Construction,13
2017,Southbank,Construction,25
2017,Southbank,Manufacturing,6
2017,Southbank,Agriculture and Mining,2
2017,Southbank,"Transport, Postal and Storage",6
2017,Southbank,Wholesale Trade,2
2017,West Melbourne (Industrial),Information Media,2
2017,West Melbourne (Industrial),Business Services,2
2017,West Melbourne (Industrial),Business Services,2
2017,West Melbourne (Industrial),"Transport, Postal and Storage",20
2017,West Melbourne (Industrial),"Transport, Postal and Storage",13
2017,West Melbourne (Residential),Food and Beverage Services,1
2017,West Melbourne (Residential),Arts and Recreation Services,5
2017,West Melbourne (Residential),Information Media,4
2017,West Melbourne (Residential),Business Services,12
2017,West Melbourne (Residential),Business Services,3
2016,Carlton,Health Care and Social Assistance,18
2016,Carlton,Information Media,6
2016,Docklands,Arts and Recreation Services,2
2016,Docklands,Construction,3
2016,Docklands,Education and Training,6
2016,Docklands,Finance and Insurance,35
2016,Docklands,Health Care and Social Assistance,25
2016,Docklands,Manufacturing,12
2016,Docklands,Wholesale Trade,2
2016,East Melbourne,Manufacturing,1
2016,East Melbourne,Real Estate Services,7
2016,East Melbourne,Wholesale Trade,2
2016,Kensington,Food and Beverage Services,42
2016,Kensington,Arts and Recreation Services,1
2016,Kensington,Arts and Recreation Services,20
2016,Kensington,Education and Training,5
2016,Kensington,Manufacturing,35
2016,Kensington,Business Services,7
2016,Kensington,Rental and Hiring Services,6
2016,Kensington,Real Estate Services,6
2016,Kensington,Wholesale Trade,2
2016,Melbourne (CBD),Other Services,48
2016,Melbourne (CBD),Public Administration and Safety,49
2016,Melbourne (CBD),Retail Trade,4
2016,Melbourne (Remainder),Admin and Support Services,2
2016,Melbourne (Remainder),Health Care and Social Assistance,6
2016,Melbourne (Remainder),Manufacturing,1
2016,Melbourne (Remainder),Manufacturing,1
2016,Melbourne (Remainder),Rental and Hiring Services,1
2016,North Melbourne,Food Catering Services,12
2016,North Melbourne,Arts and Recreation Services,14
2016,North Melbourne,"Electricity, Gas, Water",21
2016,North Melbourne,Rental and Hiring Services,5
2016,North Melbourne,Wholesale Trade,56
2016,Parkville,Food Catering Services,2
2016,Parkville,Education and Training,19
2016,Parkville,Finance and Insurance,5
2016,Parkville,Other Services,7
2016,Parkville,Other Services,17
2016,Parkville,Retail Trade,1
2016,Port Melbourne,Arts and Recreation Services,6
2016,Port Melbourne,Wholesale Trade,1
2016,Southbank,Food Catering Services,7
2016,Southbank,Food and Beverage Services,131
2016,Southbank,Information Media,2
2016,Southbank,Other Services,19
2016,Southbank,Real Estate Services,2
2016,Southbank,Wholesale Trade,6
2016,West Melbourne (Industrial),Arts and Recreation Services,2
2016,West Melbourne (Industrial),"Electricity, Gas, Water",3
2016,West Melbourne (Industrial),"Electricity, Gas, Water",1
2016,West Melbourne (Industrial),Business Services,2
2016,West Melbourne (Industrial),Public Administration and Safety,1
2016,West Melbourne (Industrial),"Transport, Postal and Storage",5
2016,West Melbourne (Residential),Food Catering Services,1
2016,West Melbourne (Residential),Food and Beverage Services,45
2016,West Melbourne (Residential),Arts and Recreation Services,5
2016,West Melbourne (Residential),Arts and Recreation Services,8
2016,West Melbourne (Residential),Construction,2
2016,West Melbourne (Residential),"Electricity, Gas, Water",9
2016,West Melbourne (Residential),Finance and Insurance,11
2016,West Melbourne (Residential),Health Care and Social Assistance,14
2015,Carlton,Arts and Recreation Services,1
2015,Carlton,Arts and Recreation Services,20
2015,Carlton,Information Media,10
2015,Carlton,Public Administration and Safety,9
2015,Carlton,Retail Trade,139
2015,Docklands,Food and Beverage Services,16
2015,Docklands,Admin and Support Services,6
2015,Docklands,Arts and Recreation Services,12
2015,Docklands,Information Media,7
2015,Docklands,Manufacturing,1
2015,Docklands,"Transport, Postal and Storage",4
2015,Docklands,"Transport, Postal and Storage",25
2015,East Melbourne,Admin and Support Services,3
2015,East Melbourne,Agriculture and Mining,1
2015,East Melbourne,Public Administration and Safety,12
2015,Kensington,Education and Training,5
2015,Kensington,"Transport, Postal and Storage",4
2015,Melbourne (CBD),Food and Beverage Services,8
2015,Melbourne (CBD),Food and Beverage Services,1384
2015,Melbourne (CBD),Admin and Support Services,5
2015,Melbourne (CBD),"Electricity, Gas, Water",7
2015,Melbourne (CBD),Information Media,72
2015,Melbourne (CBD),Other Services,44
2015,Melbourne (CBD),Real Estate Services,33
2015,Melbourne (CBD),Rental and Hiring Services,14
2015,Melbourne (CBD),"Transport, Postal and Storage",16
2015,Melbourne (Remainder),Admin and Support Services,18
2015,Melbourne (Remainder),Education and Training,2
2015,Melbourne (Remainder),Other Services,14
2015,North Melbourne,Food Catering Services,3
2015,North Melbourne,Admin and Support Services,34
2015,North Melbourne,Rental and Hiring Services,1
2015,North Melbourne,Rental and Hiring Services,9
2015,North Melbourne,"Transport, Postal and Storage",3
2015,Parkville,Arts and Recreation Services,2
2015,Parkville,Information Media,1
2015,Parkville,Other Services,6
2015,Parkville,Retail Trade,20
2015,Port Melbourne,"Electricity, Gas, Water",6
2015,Port Melbourne,Real Estate Services,5
2015,Port Melbourne,Retail Trade,3
2015,Southbank,Food and Beverage Services,58
2015,Southbank,Public Administration and Safety,2
2015,Southbank,Wholesale Trade,3
2015,Southbank,Wholesale Trade,6
2015,Southbank,Wholesale Trade,13
2015,West Melbourne (Industrial),Construction,1
2015,West Melbourne (Industrial),Rental and Hiring Services,4
2015,West Melbourne (Industrial),Wholesale Trade,1
2015,West Melbourne (Residential),Construction,1
2015,West Melbourne (Residential),Health Care and Social Assistance,3
2015,West Melbourne (Residential),Manufacturing,11
2015,West Melbourne (Residential),Other Services,3
2015,West Melbourne (Residential),Other Services,48
2015,West Melbourne (Residential),Retail Trade,39
2014,Carlton,Food and Beverage Services,14
2014,Carlton,Food and Beverage Services,197
2014,Carlton,Education and Training,28
2014,Carlton,Other Services,1
2014,Carlton,Rental and Hiring Services,1
2014,Carlton,Wholesale Trade,4
2014,Docklands,Construction,1
2014,Docklands,Health Care and Social Assistance,3
2014,Docklands,Information Media,2
2014,Docklands,Wholesale Trade,2
2014,East Melbourne,Food Catering Services,2
2014,East Melbourne,Food Catering Services,5
2014,East Melbourne,Food and Beverage Services,42
2014,East Melbourne,Arts and Recreation Services,1
2014,East Melbourne,Arts and Recreation Services,14
2014,East Melbourne,Manufacturing,1
2014,East Melbourne,Other Services,9
2014,East Melbourne,Public Administration and Safety,6
2014,East Melbourne,Wholesale Trade,2
2014,Kensington,Food Catering Services,1
2014,Kensington,Food and Beverage Services,36
2014,Kensington,Information Media,5
2014,Kensington,Public Administration and Safety,2
2014,Kensington,Wholesale Trade,2
2014,Melbourne (CBD),Food and Beverage Services,199
2014,Melbourne (CBD),Food Catering Services,57
2014,Melbourne (CBD),Arts and Recreation Services,27
2014,Melbourne (CBD),Education and Training,172
2014,Melbourne (CBD),Health Care and Social Assistance,361
2014,Melbourne (CBD),Information Media,37
2014,Melbourne (CBD),Information Media,4
2014,Melbourne (CBD),Agriculture and Mining,1
2014,Melbourne (CBD),Rental and Hiring Services,16
2014,Melbourne (Remainder),Arts and Recreation Services,5
2014,Melbourne (Remainder),Education and Training,7
2014,North Melbourne,Food Catering Services,11
2014,North Melbourne,Education and Training,9
2014,North Melbourne,Health Care and Social Assistance,2
2014,North Melbourne,Information Media,19
2014,North Melbourne,Rental and Hiring Services,9
2014,North Melbourne,"Transport, Postal and Storage",5
2014,Parkville,Food and Beverage Services,50
2014,Parkville,Arts and Recreation Services,2
2014,Parkville,Health Care and Social Assistance,7
2014,Parkville,Manufacturing,1
2014,Parkville,Business Services,1
2014,Parkville,"Transport, Postal and Storage",3
2014,Port Melbourne,Admin and Support Services,2
2014,Port Melbourne,Admin and Support Services,12
2014,Port Melbourne,Finance and Insurance,1
2014,Port Melbourne,Other Services,1
2014,Port Melbourne,Business Services,12
2014,South Yarra,Health Care and Social Assistance,1
2014,Southbank,Food Catering Services,7
2014,Southbank,Food and Beverage Services,129
2014,Southbank,"Electricity, Gas, Water",1
2014,Southbank,Other Services,1
2014,Southbank,Other Services,20
2014,West Melbourne (Industrial),Construction,1
2014,West Melbourne (Industrial),"Electricity, Gas, Water",7
2014,West Melbourne (Industrial),Business Services,2
2014,West Melbourne (Industrial),Public Administration and Safety,1
2014,West Melbourne (Industrial),Wholesale Trade,1
2014,West Melbourne (Residential),Education and Training,1
2014,West Melbourne (Residential),Other Services,48
2014,West Melbourne (Residential),Business Services,3
2013,Carlton,Food and Beverage Services,187
2013,Carlton,Admin and Support Services,6
2013,Carlton,Arts and Recreation Services,5
2013,Carlton,Education and Training,5
2013,Carlton,Health Care and Social Assistance,84
2013,Carlton,Other Services,108
2013,Carlton,Public Administration and Safety,7
2013,Docklands,Finance and Insurance,5
2013,Docklands,Public Administration and Safety,2
2013,East Melbourne,Food and Beverage Services,43
2013,East Melbourne,Admin and Support Services,3
2013,East Melbourne,Arts and Recreation Services,1
2013,East Melbourne,Arts and Recreation Services,15
2013,East Melbourne,Health Care and Social Assistance,20
2013,East Melbourne,Public Administration and Safety,6
2013,Kensington,Arts and Recreation Services,1
2013,Kensington,Business Services,2
2013,Kensington,"Transport, Postal and Storage",10
2013,Melbourne (CBD),Food Catering Services,47
2013,Melbourne (CBD),Agriculture and Mining,3
2013,Melbourne (CBD),Education and Training,95
2013,Melbourne (CBD),Other Services,70
2013,Melbourne (CBD),Public Administration and Safety,2
2013,Melbourne (CBD),Rental and Hiring Services,1
2013,Melbourne (CBD),"Transport, Postal and Storage",16
2013,Melbourne (CBD),Wholesale Trade,1
2013,Melbourne (Remainder),Food and Beverage Services,32
2013,Melbourne (Remainder),Finance and Insurance,3
2013,Melbourne (Remainder),Finance and Insurance,29
2013,Melbourne (Remainder),Agriculture and Mining,1
2013,Melbourne (Remainder),Public Administration and Safety,3
2013,Melbourne (Remainder),Retail Trade,1
2013,Melbourne (Remainder),Retail Trade,16
2013,North Melbourne,Agriculture and Mining,1
2013,North Melbourne,Arts and Recreation Services,4
2013,North Melbourne,Construction,5
2013,North Melbourne,Education and Training,7
2013,North Melbourne,Education and Training,1
2013,North Melbourne,Manufacturing,51
2013,North Melbourne,Other Services,10
2013,North Melbourne,Business Services,18
2013,Southbank,Arts and Recreation Services,8
2013,West Melbourne (Industrial),Food and Beverage Services,6
2013,West Melbourne (Industrial),Arts and Recreation Services,8
2013,West Melbourne (Residential),Arts and Recreation Services,6
2013,West Melbourne (Residential),Construction,2
2012,Carlton,Admin and Support Services,6
2012,Carlton,Education and Training,5
2012,Carlton,Health Care and Social Assistance,84
2012,Docklands,Food and Beverage Services,15
2012,Docklands,Agriculture and Mining,1
2012,Docklands,Real Estate Services,36
2012,East Melbourne,Education and Training,7
2012,East Melbourne,"Electricity, Gas, Water",1
2012,East Melbourne,Health Care and Social Assistance,20
2012,East Melbourne,Public Administration and Safety,9
2012,East Melbourne,"Transport, Postal and Storage",2
2012,Kensington,Food Catering Services,1
2012,Kensington,Agriculture and Mining,3
2012,Kensington,Retail Trade,38
2012,Melbourne (CBD),Food and Beverage Services,186
2012,Melbourne (CBD),Food and Beverage Services,1235
2012,Melbourne (CBD),Education and Training,7
2012,Melbourne (CBD),"Electricity, Gas, Water",13
2012,Melbourne (CBD),"Electricity, Gas, Water",37
2012,Melbourne (CBD),Finance and Insurance,148
2012,Melbourne (CBD),Retail Trade,21
2012,Melbourne (Remainder),Construction,5
2012,Melbourne (Remainder),"Transport, Postal and Storage",1
2012,Melbourne (Remainder),Wholesale Trade,3
2012,North Melbourne,Admin and Support Services,36
2012,North Melbourne,Agriculture and Mining,1
2012,North Melbourne,Arts and Recreation Services,4
2012,North Melbourne,Business Services,3
2012,North Melbourne,Public Administration and Safety,8
2012,North Melbourne,Wholesale Trade,66
2008,Melbourne (Remainder),Manufacturing,8
2008,North Melbourne,Food Catering Services,1
2008,North Melbourne,Other Services,7
2008,North Melbourne,Retail Trade,2
2008,Parkville,Food Catering Services,5
2008,Parkville,Retail Trade,23
2008,Port Melbourne,Agriculture and Mining,2
2008,Port Melbourne,"Transport, Postal and Storage",15
2008,South Yarra,Admin and Support Services,1
2008,West Melbourne (Industrial),Manufacturing,6
2023,Carlton,Food Catering Services,9
2023,Carlton,Food and Beverage Services,211
2023,Carlton,Health Care and Social Assistance,3
2023,Carlton,Information Media,1
2023,Carlton,Other Services,10
2023,Carlton,Public Administration and Safety,5
2023,Carlton,Retail Trade,6
2023,Carlton,Wholesale Trade,2
2023,Docklands,Arts and Recreation Services,24
2023,Docklands,Education and Training,19
2023,Docklands,Finance and Insurance,6
2023,Docklands,Finance and Insurance,19
2023,Docklands,Health Care and Social Assistance,33
2023,Docklands,Other Services,1
2023,Docklands,Real Estate Services,1
2023,Docklands,Real Estate Services,9
2023,Docklands,Real Estate Services,1
2023,East Melbourne,Food and Beverage Services,33
2023,East Melbourne,Education and Training,2
2023,East Melbourne,Education and Training,1
2023,East Melbourne,Manufacturing,2
2023,East Melbourne,Other Services,13
2023,East Melbourne,Wholesale Trade,1
2023,Kensington,Agriculture and Mining,1
2023,Kensington,Education and Training,6
2023,Kensington,Wholesale Trade,3
2023,Melbourne (CBD),Food Catering Services,52
2023,Melbourne (CBD),Food and Beverage Services,204
2023,Melbourne (CBD),Admin and Support Services,175
2023,Melbourne (CBD),Arts and Recreation Services,81
2023,Melbourne (CBD),"Electricity, Gas, Water",5
2023,Melbourne (CBD),Finance and Insurance,5
2023,Melbourne (CBD),Agriculture and Mining,1
2023,Melbourne (CBD),Retail Trade,1015
2023,Melbourne (CBD),"Transport, Postal and Storage",3
2023,Melbourne (CBD),Wholesale Trade,5
2023,Melbourne (Remainder),Finance and Insurance,9
2023,Melbourne (Remainder),Wholesale Trade,4
2023,North Melbourne,Arts and Recreation Services,14
2023,North Melbourne,Construction,21
2023,North Melbourne,Health Care and Social Assistance,1
2023,North Melbourne,Manufacturing,5
2023,North Melbourne,Manufacturing,29
2023,Parkville,Business Services,9
2023,Port Melbourne,Business Services,1
2023,Southbank,Food and Beverage Services,69
2023,Southbank,"Electricity, Gas, Water",6
2023,Southbank,Finance and Insurance,11
2023,Southbank,Retail Trade,191
2023,Southbank,"Transport, Postal and Storage",2
2023,Southbank,"Transport, Postal and Storage",4
2023,Southbank,Wholesale Trade,7
2023,West Melbourne (Industrial),Arts and Recreation Services,1
2023,West Melbourne (Industrial),Public Administration and Safety,1
2023,West Melbourne (Residential),Education and Training,15
2022,Carlton,Arts and Recreation Services,5
2022,Carlton,Arts and Recreation Services,20
2022,Carlton,Education and Training,5
2022,Carlton,Retail Trade,5
2022,Docklands,Business Services,120
2022,East Melbourne,Arts and Recreation Services,21
2022,Kensington,Admin and Support Services,5
2022,Kensington,Other Services,4
2022,Kensington,Retail Trade,24
2022,Kensington,Wholesale Trade,25
2022,Melbourne (CBD),Education and Training,204
2022,Melbourne (CBD),Finance and Insurance,34
2022,Melbourne (CBD),Information Media,8
2022,Melbourne (CBD),Business Services,454
2022,Melbourne (CBD),Rental and Hiring Services,9
2022,Melbourne (Remainder),Arts and Recreation Services,12
2022,Melbourne (Remainder),Construction,1
2022,North Melbourne,Manufacturing,26
2022,Parkville,Food Catering Services,7
2022,Parkville,Education and Training,49
2022,Port Melbourne,Arts and Recreation Services,1
2022,Port Melbourne,Retail Trade,1
2022,Port Melbourne,Wholesale Trade,35
2022,South Yarra,Education and Training,4
2022,Southbank,Agriculture and Mining,1
2022,Southbank,"Electricity, Gas, Water",20
2022,Southbank,Business Services,31
2022,Southbank,Public Administration and Safety,2
2022,Southbank,Retail Trade,20
2022,Southbank,Wholesale Trade,9
2022,West Melbourne (Industrial),Construction,1
2022,West Melbourne (Residential),Admin and Support Services,5
2022,West Melbourne (Residential),Education and Training,11
2022,West Melbourne (Residential),Manufacturing,9
2022,West Melbourne (Residential),Wholesale Trade,13
2021,Carlton,Arts and Recreation Services,19
2021,Carlton,Business Services,92
2021,Docklands,Food Catering Services,7
2021,Docklands,Arts and Recreation Services,5
2021,Docklands,Education and Training,1
2021,Docklands,Business Services,1
2021,Docklands,Business Services,120
2021,Docklands,Retail Trade,2
2021,East Melbourne,Food Catering Services,7
2021,Kensington,Admin and Support Services,1
2021,Kensington,Construction,2
2021,Kensington,Manufacturing,2
2021,Kensington,"Transport, Postal and Storage",5
2021,Melbourne (CBD),Food Catering Services,51
2021,Melbourne (CBD),"Electricity, Gas, Water",11
2021,Melbourne (CBD),Health Care and Social Assistance,45
2021,Melbourne (CBD),Real Estate Services,51
2021,Melbourne (CBD),Wholesale Trade,2
2021,Melbourne (Remainder),Construction,1
2021,Melbourne (Remainder),Health Care and Social Assistance,2
2021,Melbourne (Remainder),Other Services,1
2021,Melbourne (Remainder),Retail Trade,14
2021,North Melbourne,Information Media,11
2021,North Melbourne,Manufacturing,1
2021,North Melbourne,"Transport, Postal and Storage",4
2021,Parkville,Food Catering Services,9
2021,Parkville,Arts and Recreation Services,1
2021,Parkville,Manufacturing,1
2021,Parkville,Wholesale Trade,1
2017,Parkville,Information Media,1
2017,Parkville,Retail Trade,21
2017,Port Melbourne,"Transport, Postal and Storage",28
2017,South Yarra,Arts and Recreation Services,4
2017,Southbank,Food Catering Services,3
2017,Southbank,Admin and Support Services,1
2017,Southbank,Agriculture and Mining,1
2017,Southbank,Business Services,6
2017,Southbank,Public Administration and Safety,2
2017,West Melbourne (Industrial),Manufacturing,7
2017,West Melbourne (Industrial),Other Services,1
2017,West Melbourne (Residential),Other Services,4
2017,West Melbourne (Residential),Other Services,42
2017,West Melbourne (Residential),Real Estate Services,8
2016,Carlton,Education and Training,28
2016,Carlton,Manufacturing,21
2016,Docklands,Food and Beverage Services,229
2016,Docklands,Food Catering Services,5
2016,Docklands,"Electricity, Gas, Water",1
2016,Docklands,Information Media,12
2016,Docklands,Other Services,22
2016,East Melbourne,Food and Beverage Services,1
2016,East Melbourne,Education and Training,6
2016,East Melbourne,Health Care and Social Assistance,29
2016,East Melbourne,Information Media,7
2016,Melbourne (CBD),Admin and Support Services,5
2016,Melbourne (CBD),Arts and Recreation Services,3
2016,Melbourne (CBD),Construction,73
2016,Melbourne (CBD),Education and Training,4
2016,Melbourne (CBD),Information Media,17
2016,Melbourne (CBD),Retail Trade,86
2016,Melbourne (CBD),Wholesale Trade,106
2016,Melbourne (Remainder),Food and Beverage Services,2
2016,Melbourne (Remainder),"Electricity, Gas, Water",1
2016,Melbourne (Remainder),Other Services,16
2016,Melbourne (Remainder),Business Services,41
2016,North Melbourne,Finance and Insurance,19
2016,North Melbourne,Manufacturing,10
2016,North Melbourne,Other Services,5
2016,Parkville,"Electricity, Gas, Water",5
2016,Parkville,Business Services,6
2016,Port Melbourne,Manufacturing,3
2016,Port Melbourne,Public Administration and Safety,7
2016,Port Melbourne,"Transport, Postal and Storage",8
2016,Southbank,"Electricity, Gas, Water",18
2016,Southbank,Manufacturing,4
2016,West Melbourne (Industrial),Food and Beverage Services,6
2016,West Melbourne (Industrial),Information Media,1
2016,West Melbourne (Industrial),Real Estate Services,1
2016,West Melbourne (Residential),Food Catering Services,2
2016,West Melbourne (Residential),Information Media,6
2016,West Melbourne (Residential),Other Services,42
2016,West Melbourne (Residential),Wholesale Trade,25
2015,Carlton,Food and Beverage Services,197
2015,Carlton,Construction,11
2015,Carlton,Health Care and Social Assistance,88
2015,Carlton,Manufacturing,25
2015,Carlton,"Transport, Postal and Storage",4
2015,Docklands,Food Catering Services,7
2015,Docklands,Finance and Insurance,5
2015,Docklands,Rental and Hiring Services,4
2015,Docklands,Retail Trade,226
2015,East Melbourne,Arts and Recreation Services,8
2015,Kensington,Admin and Support Services,1
2015,Kensington,Other Services,3
2015,Melbourne (CBD),"Electricity, Gas, Water",10
2015,Melbourne (CBD),Business Services,1422
2015,Melbourne (Remainder),Construction,4
2015,Melbourne (Remainder),"Electricity, Gas, Water",1
2015,Melbourne (Remainder),Public Administration and Safety,2
2015,Melbourne (Remainder),Public Administration and Safety,5
2015,Melbourne (Remainder),"Transport, Postal and Storage",5
2015,North Melbourne,Food and Beverage Services,5
2015,North Melbourne,Education and Training,23
2015,Parkville,Education and Training,9
2015,Parkville,Other Services,14
2015,Port Melbourne,Education and Training,1
2015,Port Melbourne,Finance and Insurance,7
2015,Port Melbourne,Information Media,4
2015,Port Melbourne,Wholesale Trade,1
2015,South Yarra,"Electricity, Gas, Water",5
2015,Southbank,Food and Beverage Services,131
2015,Southbank,Agriculture and Mining,2
2015,Southbank,Real Estate Services,2
2015,West Melbourne (Residential),"Transport, Postal and Storage",16
2014,Carlton,Admin and Support Services,19
2014,Carlton,Education and Training,4
2014,Carlton,Real Estate Services,21
2014,Carlton,Wholesale Trade,19
2014,Docklands,Information Media,6
2014,Docklands,Agriculture and Mining,1
2014,Docklands,Public Administration and Safety,3
2014,Docklands,Retail Trade,226
2014,East Melbourne,Finance and Insurance,9
2014,Kensington,Admin and Support Services,5
2014,Kensington,Business Services,23
2014,Kensington,"Transport, Postal and Storage",10
2014,Melbourne (CBD),Agriculture and Mining,1
2014,Melbourne (CBD),Manufacturing,239
2014,Melbourne (CBD),Agriculture and Mining,9
2014,Melbourne (CBD),Retail Trade,17
2014,Melbourne (CBD),Wholesale Trade,1
2014,Melbourne (Remainder),Admin and Support Services,1
2014,Melbourne (Remainder),Education and Training,2
2014,Melbourne (Remainder),Manufacturing,1
2014,North Melbourne,Finance and Insurance,1
2014,North Melbourne,Other Services,13
2014,North Melbourne,Wholesale Trade,7
2014,Parkville,Health Care and Social Assistance,9
2014,Port Melbourne,Arts and Recreation Services,6
2014,Port Melbourne,Construction,11
2014,Port Melbourne,Manufacturing,24
2014,Port Melbourne,Manufacturing,2
2014,Port Melbourne,"Transport, Postal and Storage",7
2014,South Yarra,Arts and Recreation Services,2
2014,South Yarra,Education and Training,6
2014,South Yarra,Education and Training,4
2014,South Yarra,Retail Trade,5
2014,Southbank,Agriculture and Mining,3
2014,Southbank,Public Administration and Safety,6
2014,Southbank,Rental and Hiring Services,2
2014,Southbank,Wholesale Trade,1
2014,West Melbourne (Industrial),"Electricity, Gas, Water",3
2014,West Melbourne (Residential),Manufacturing,5
2014,West Melbourne (Residential),Real Estate Services,5
2014,West Melbourne (Residential),"Transport, Postal and Storage",16
2014,West Melbourne (Residential),Wholesale Trade,29
2013,Carlton,Education and Training,1
2013,Carlton,Health Care and Social Assistance,14
2013,Docklands,Construction,2
2013,Docklands,Manufacturing,10
2013,Docklands,Retail Trade,3
2013,East Melbourne,Other Services,8
2013,Kensington,Arts and Recreation Services,13
2013,Kensington,Manufacturing,4
2013,Melbourne (CBD),Admin and Support Services,4
2013,Melbourne (CBD),Agriculture and Mining,1
2013,Melbourne (CBD),Rental and Hiring Services,17
2013,Melbourne (CBD),Retail Trade,1463
2013,Melbourne (Remainder),Manufacturing,1
2013,North Melbourne,Arts and Recreation Services,13
2013,North Melbourne,Other Services,138
2013,North Melbourne,Retail Trade,3
2013,Parkville,Food and Beverage Services,41
2013,Parkville,Education and Training,3
2013,Parkville,Health Care and Social Assistance,67
2013,Parkville,Public Administration and Safety,3
2013,Parkville,Real Estate Services,1
2013,Port Melbourne,Finance and Insurance,1
2013,Port Melbourne,Manufacturing,5
2013,Port Melbourne,Real Estate Services,1
2013,Port Melbourne,Wholesale Trade,61
2013,South Yarra,Food Catering Services,6
2013,South Yarra,Retail Trade,5
2013,Southbank,Arts and Recreation Services,18
2013,Southbank,Information Media,3
2013,Southbank,"Transport, Postal and Storage",6
2013,West Melbourne (Industrial),Real Estate Services,1
2013,West Melbourne (Residential),Construction,10
2013,West Melbourne (Residential),Public Administration and Safety,2
2012,Carlton,Food Catering Services,15
2012,Carlton,Food Catering Services,26
2012,Docklands,Education and Training,9
2012,Docklands,Business Services,92
2012,Docklands,Retail Trade,5
2012,East Melbourne,Food Catering Services,17
2012,East Melbourne,Construction,8
2012,East Melbourne,Public Administration and Safety,1
2012,Kensington,Food and Beverage Services,31
2012,Kensington,Wholesale Trade,3
2012,Melbourne (CBD),Food Catering Services,46
2012,Melbourne (CBD),Health Care and Social Assistance,41
2012,Melbourne (Remainder),Food Catering Services,1
2012,Melbourne (Remainder),Arts and Recreation Services,10
2012,Melbourne (Remainder),Manufacturing,1
2012,Melbourne (Remainder),Other Services,15
2012,North Melbourne,Food and Beverage Services,90
2012,North Melbourne,Construction,1
2012,North Melbourne,Finance and Insurance,2
2012,North Melbourne,Rental and Hiring Services,8
2012,Parkville,Food Catering Services,9
2012,Port Melbourne,Food and Beverage Services,2
2012,Port Melbourne,Food Catering Services,1
2012,Port Melbourne,Information Media,2
2012,Port Melbourne,Manufacturing,1
2012,Port Melbourne,Business Services,14
2012,Port Melbourne,Real Estate Services,1
2012,South Yarra,Education and Training,4
2012,Southbank,Education and Training,2
2012,Southbank,"Electricity, Gas, Water",12
2012,Southbank,Other Services,1
2012,Southbank,Business Services,6
2012,Southbank,Rental and Hiring Services,1
2012,West Melbourne (Industrial),Food and Beverage Services,2
2011,Carlton,Food and Beverage Services,197
2011,Carlton,Health Care and Social Assistance,1
2011,Carlton,Other Services,2
2011,Carlton,Business Services,2
2011,Carlton,Public Administration and Safety,12
2011,Carlton,Retail Trade,154
2011,Docklands,Arts and Recreation Services,18
2011,Docklands,Construction,5
2011,East Melbourne,Other Services,1
2011,East Melbourne,Other Services,35
2011,Kensington,Food and Beverage Services,31
2011,Melbourne (CBD),Food Catering Services,4
2011,Melbourne (CBD),Construction,2
2011,Melbourne (CBD),Education and Training,96
2011,Melbourne (CBD),"Electricity, Gas, Water",10
2011,Melbourne (CBD),Finance and Insurance,513
2011,Melbourne (CBD),"Transport, Postal and Storage",24
2011,Melbourne (Remainder),Agriculture and Mining,1
2011,North Melbourne,Real Estate Services,8
2011,Parkville,Food and Beverage Services,39
2011,Parkville,Other Services,18
2011,Parkville,"Transport, Postal and Storage",4
2011,Port Melbourne,Finance and Insurance,9
2011,Port Melbourne,Wholesale Trade,3
2011,Port Melbourne,Wholesale Trade,16
2011,Southbank,Arts and Recreation Services,9
2011,Southbank,Arts and Recreation Services,13
2011,Southbank,Health Care and Social Assistance,19
2011,Southbank,Information Media,7
2011,Southbank,Agriculture and Mining,3
2011,Southbank,Business Services,56
2011,Southbank,Rental and Hiring Services,1
2011,West Melbourne (Residential),Construction,3
2011,West Melbourne (Residential),Education and Training,7
2011,West Melbourne (Residential),Retail Trade,1
2011,West Melbourne (Residential),Wholesale Trade,5
2011,West Melbourne (Residential),Wholesale Trade,3
2010,Carlton,Business Services,3
2010,Docklands,Food Catering Services,4
2010,Docklands,Food and Beverage Services,11
2010,Docklands,Finance and Insurance,5
2010,Docklands,Public Administration and Safety,5
2010,East Melbourne,Arts and Recreation Services,1
2010,East Melbourne,Construction,5
2010,East Melbourne,Real Estate Services,7
2010,East Melbourne,Rental and Hiring Services,1
2010,Kensington,Food Catering Services,1
2010,Kensington,Wholesale Trade,29
2010,Melbourne (CBD),Admin and Support Services,5
2010,Melbourne (CBD),Admin and Support Services,3
2010,Melbourne (CBD),Finance and Insurance,36
2010,Melbourne (CBD),Public Administration and Safety,62
2010,Melbourne (Remainder),Health Care and Social Assistance,5
2010,Melbourne (Remainder),"Transport, Postal and Storage",1
2010,North Melbourne,Food and Beverage Services,3
2010,North Melbourne,Retail Trade,4
2010,North Melbourne,"Transport, Postal and Storage",1
2010,Port Melbourne,Admin and Support Services,2
2010,Port Melbourne,Admin and Support Services,11
2010,Port Melbourne,Other Services,3
2010,Port Melbourne,Rental and Hiring Services,7
2010,Southbank,Food Catering Services,4
2010,Southbank,Information Media,1
2010,Southbank,Agriculture and Mining,3
2010,Southbank,Rental and Hiring Services,1
2010,West Melbourne (Industrial),Agriculture and Mining,1
2010,West Melbourne (Industrial),Business Services,2
2010,West Melbourne (Residential),Other Services,53
2010,West Melbourne (Residential),Business Services,1
2010,West Melbourne (Residential),Retail Trade,1
2010,West Melbourne (Residential),Retail Trade,1
2010,West Melbourne (Residential),"Transport, Postal and Storage",16
2009,Carlton,Other Services,2
2009,Carlton,Public Administration and Safety,10
2009,Docklands,Public Administration and Safety,3
2009,East Melbourne,Construction,1
2009,East Melbourne,Education and Training,7
2009,East Melbourne,Manufacturing,1
2009,East Melbourne,Other Services,9
2009,Kensington,Construction,13
2009,Kensington,"Transport, Postal and Storage",2
2009,Kensington,Wholesale Trade,3
2009,Melbourne (CBD),Information Media,5
2009,Melbourne (CBD),Public Administration and Safety,1
2009,Melbourne (CBD),Public Administration and Safety,68
2009,Melbourne (Remainder),Food Catering Services,1
2009,Melbourne (Remainder),Arts and Recreation Services,7
2009,Melbourne (Remainder),Finance and Insurance,4
2009,Melbourne (Remainder),Finance and Insurance,17
2009,Melbourne (Remainder),"Transport, Postal and Storage",1
2009,North Melbourne,Wholesale Trade,68
2009,Parkville,Information Media,1
2009,Port Melbourne,Arts and Recreation Services,5
2009,Port Melbourne,Arts and Recreation Services,3
2009,Port Melbourne,Information Media,3
2009,Southbank,Public Administration and Safety,9
2009,Southbank,Retail Trade,2
2009,West Melbourne (Industrial),Information Media,1
2009,West Melbourne (Industrial),"Transport, Postal and Storage",18
2009,West Melbourne (Residential),Health Care and Social Assistance,9
2009,West Melbourne (Residential),Manufacturing,8
2009,West Melbourne (Residential),Business Services,89
2009,West Melbourne (Residential),Rental and Hiring Services,1
2009,West Melbourne (Residential),Wholesale Trade,5
2008,Carlton,"Electricity, Gas, Water",15
2008,Carlton,Health Care and Social Assistance,2
2008,Carlton,Rental and Hiring Services,2
2008,Docklands,Admin and Support Services,3
2008,Docklands,Education and Training,2
2008,East Melbourne,Food Catering Services,17
2008,East Melbourne,Business Services,1
2008,East Melbourne,Retail Trade,18
2008,East Melbourne,Wholesale Trade,4
2008,Kensington,Food Catering Services,1
2008,Kensington,Arts and Recreation Services,8
2008,Kensington,Manufacturing,9
2008,Kensington,Business Services,6
2008,Kensington,Public Administration and Safety,1
2008,Kensington,Real Estate Services,1
2008,Melbourne (CBD),Admin and Support Services,460
2008,Melbourne (CBD),Education and Training,87
2008,Melbourne (CBD),"Electricity, Gas, Water",7
2008,Melbourne (CBD),Public Administration and Safety,1
2008,Melbourne (CBD),"Transport, Postal and Storage",4
2008,Melbourne (CBD),Wholesale Trade,1
2008,Melbourne (Remainder),Arts and Recreation Services,22
2008,Melbourne (Remainder),Other Services,19
2008,North Melbourne,Construction,5
2008,North Melbourne,Business Services,2
2008,North Melbourne,Rental and Hiring Services,15
2008,Parkville,Health Care and Social Assistance,6
2008,Port Melbourne,Admin and Support Services,9
2008,Port Melbourne,Business Services,1
2008,South Yarra,Admin and Support Services,1
2008,South Yarra,Education and Training,3
2008,Southbank,Arts and Recreation Services,11
2008,Southbank,Arts and Recreation Services,20
2008,Southbank,Construction,11
2008,Southbank,"Electricity, Gas, Water",1
2008,Southbank,Manufacturing,9
2008,Southbank,Rental and Hiring Services,1
2008,Southbank,Retail Trade,2
2008,Southbank,Retail Trade,97
2008,West Melbourne (Industrial),Arts and Recreation Services,7
2008,West Melbourne (Industrial),Public Administration and Safety,4
2003,South Yarra,Arts and Recreation Services,1
2003,South Yarra,Business Services,2
2003,Southbank,Health Care and Social Assistance,1
2003,Southbank,Real Estate Services,1
2003,Southbank,"Transport, Postal and Storage",1
2003,West Melbourne (Industrial),Information Media,2
2003,West Melbourne (Residential),Education and Training,5
2003,West Melbourne (Residential),Agriculture and Mining,1
2003,West Melbourne (Residential),Business Services,2
2002,Carlton,Manufacturing,30
2002,Carlton,Other Services,122
2002,Docklands,Food Catering Services,1
2002,Docklands,Agriculture and Mining,1
2002,Docklands,Arts and Recreation Services,5
2002,Docklands,Wholesale Trade,1
2002,East Melbourne,Finance and Insurance,8
2002,East Melbourne,Information Media,1
2002,East Melbourne,Information Media,9
2002,East Melbourne,Manufacturing,6
2002,East Melbourne,Wholesale Trade,7
2002,Kensington,Finance and Insurance,2
2002,Melbourne (CBD),Food Catering Services,37
2002,Melbourne (CBD),Food Catering Services,5
2002,Melbourne (CBD),"Electricity, Gas, Water",10
2002,Melbourne (CBD),Finance and Insurance,147
2002,Melbourne (CBD),Other Services,501
2002,Melbourne (CBD),Real Estate Services,21
2002,Melbourne (CBD),"Transport, Postal and Storage",24
2002,Melbourne (Remainder),Information Media,6
2002,Melbourne (Remainder),Real Estate Services,5
2002,Melbourne (Remainder),Wholesale Trade,3
2002,North Melbourne,Admin and Support Services,25
2002,North Melbourne,Agriculture and Mining,2
2002,Parkville,Other Services,17
2002,Port Melbourne,Construction,4
2002,Port Melbourne,Business Services,13
2002,Port Melbourne,Real Estate Services,1
2002,South Yarra,Education and Training,6
2002,South Yarra,Other Services,3
2002,Southbank,Health Care and Social Assistance,9
2002,Southbank,Information Media,22
2002,Southbank,"Transport, Postal and Storage",1
2002,West Melbourne (Industrial),Public Administration and Safety,1
2002,West Melbourne (Industrial),"Transport, Postal and Storage",27
2002,West Melbourne (Residential),Finance and Insurance,1
2002,West Melbourne (Residential),Health Care and Social Assistance,10
2002,West Melbourne (Residential),Information Media,3
2002,West Melbourne (Residential),Retail Trade,1
2023,City of Melbourne (total),Admin and Support Services,10
2023,City of Melbourne (total),Finance and Insurance,52
2023,City of Melbourne (total),"Transport, Postal and Storage",15
2022,City of Melbourne (total),Food and Beverage Services,6
2022,City of Melbourne (total),"Electricity, Gas, Water",151
2022,City of Melbourne (total),"Electricity, Gas, Water",10
2022,City of Melbourne (total),Finance and Insurance,50
2022,City of Melbourne (total),Rental and Hiring Services,37
2022,City of Melbourne (total),"Transport, Postal and Storage",55
2022,City of Melbourne (total),"Transport, Postal and Storage",56
2021,City of Melbourne (total),Food Catering Services,161
2021,City of Melbourne (total),"Electricity, Gas, Water",153
2021,City of Melbourne (total),Finance and Insurance,49
2021,City of Melbourne (total),Business Services,12
2021,City of Melbourne (total),Public Administration and Safety,122
2021,City of Melbourne (total),Retail Trade,5
2020,City of Melbourne (total),"Electricity, Gas, Water",151
2020,City of Melbourne (total),Agriculture and Mining,23
2020,City of Melbourne (total),Public Administration and Safety,49
2020,City of Melbourne (total),Real Estate Services,295
2020,City of Melbourne (total),Retail Trade,111
2019,City of Melbourne (total),Food and Beverage Services,18
2019,City of Melbourne (total),Information Media,15
2019,City of Melbourne (total),Business Services,5
2019,City of Melbourne (total),Business Services,677
2019,City of Melbourne (total),Real Estate Services,336
2019,City of Melbourne (total),Rental and Hiring Services,44
2018,City of Melbourne (total),Food Catering Services,141
2018,City of Melbourne (total),Arts and Recreation Services,19
2018,City of Melbourne (total),Construction,4
2018,City of Melbourne (total),Agriculture and Mining,28
2018,City of Melbourne (total),Real Estate Services,6
2018,City of Melbourne (total),Wholesale Trade,330
2017,City of Melbourne (total),Food and Beverage Services,2359
2017,City of Melbourne (total),Education and Training,31
2017,City of Melbourne (total),Manufacturing,11
2017,City of Melbourne (total),Agriculture and Mining,8
2017,City of Melbourne (total),Rental and Hiring Services,7
2016,City of Melbourne (total),Food Catering Services,12
2016,City of Melbourne (total),Retail Trade,120
2015,City of Melbourne (total),Education and Training,308
2015,City of Melbourne (total),Education and Training,24
2015,City of Melbourne (total),Agriculture and Mining,8
2015,City of Melbourne (total),Other Services,8
2015,City of Melbourne (total),"Transport, Postal and Storage",18
2014,City of Melbourne (total),"Electricity, Gas, Water",15
2014,City of Melbourne (total),Manufacturing,17
2014,City of Melbourne (total),Public Administration and Safety,47
2014,City of Melbourne (total),Real Estate Services,276
2014,City of Melbourne (total),Retail Trade,99
2014,City of Melbourne (total),"Transport, Postal and Storage",19
2013,City of Melbourne (total),"Electricity, Gas, Water",15
2013,City of Melbourne (total),Agriculture and Mining,41
2013,City of Melbourne (total),Business Services,62
2013,City of Melbourne (total),Real Estate Services,1
2013,City of Melbourne (total),"Transport, Postal and Storage",72
2012,City of Melbourne (total),Food Catering Services,34
2012,City of Melbourne (total),Arts and Recreation Services,213
2012,City of Melbourne (total),Health Care and Social Assistance,19
2012,City of Melbourne (total),Manufacturing,10
2012,City of Melbourne (total),Other Services,162
2012,City of Melbourne (total),Other Services,88
2012,City of Melbourne (total),"Transport, Postal and Storage",49
2012,City of Melbourne (total),Wholesale Trade,10
2011,City of Melbourne (total),Construction,2
2011,City of Melbourne (total),Education and Training,12
2011,City of Melbourne (total),Manufacturing,66
2011,City of Melbourne (total),Retail Trade,30
2011,City of Melbourne (total),Wholesale Trade,10
2010,City of Melbourne (total),"Electricity, Gas, Water",18
2010,City of Melbourne (total),Information Media,12
2010,City of Melbourne (total),Business Services,464
2010,City of Melbourne (total),Real Estate Services,1
2009,City of Melbourne (total),Agriculture and Mining,12
2009,City of Melbourne (total),Finance and Insurance,7
2009,City of Melbourne (total),Public Administration and Safety,45
2009,City of Melbourne (total),Real Estate Services,47
2009,City of Melbourne (total),"Transport, Postal and Storage",49
2009,City of Melbourne (total),"Transport, Postal and Storage",207
2008,City of Melbourne (total),Construction,46
2008,City of Melbourne (total),Construction,2
2008,City of Melbourne (total),Manufacturing,496
2008,City of Melbourne (total),Agriculture and Mining,1
2008,City of Melbourne (total),Retail Trade,2198
2008,City of Melbourne (total),Wholesale Trade,4
2007,City of Melbourne (total),Food and Beverage Services,1633
2007,City of Melbourne (total),Food and Beverage Services,234
2006,City of Melbourne (total),Construction,4
2006,City of Melbourne (total),Agriculture and Mining,39
2006,City of Melbourne (total),Public Administration and Safety,117
2005,City of Melbourne (total),Health Care and Social Assistance,733
2005,City of Melbourne (total),Health Care and Social Assistance,16
2005,City of Melbourne (total),Information Media,11
2005,City of Melbourne (total),Information Media,93
2007,Port Melbourne,Manufacturing,38
2007,Port Melbourne,Business Services,12
2007,Port Melbourne,Rental and Hiring Services,2
2007,Port Melbourne,"Transport, Postal and Storage",2
2007,South Yarra,Admin and Support Services,1
2007,Southbank,Public Administration and Safety,7
2007,West Melbourne (Industrial),Food and Beverage Services,7
2007,West Melbourne (Industrial),Other Services,1
2007,West Melbourne (Industrial),Wholesale Trade,216
2007,West Melbourne (Residential),"Electricity, Gas, Water",9
2006,Carlton,Arts and Recreation Services,4
2006,Docklands,Admin and Support Services,1
2006,Docklands,Education and Training,1
2006,Docklands,Education and Training,2
2006,Docklands,Information Media,4
2006,Docklands,Manufacturing,2
2006,East Melbourne,Arts and Recreation Services,21
2006,East Melbourne,Health Care and Social Assistance,5
2006,East Melbourne,Other Services,6
2006,East Melbourne,"Transport, Postal and Storage",1
2006,Kensington,Retail Trade,11
2006,Kensington,Wholesale Trade,1
2006,Melbourne (CBD),Admin and Support Services,83
2006,Melbourne (CBD),Construction,60
2006,Melbourne (CBD),Information Media,18
2006,Melbourne (CBD),Information Media,11
2006,Melbourne (Remainder),Health Care and Social Assistance,3
2006,Parkville,Business Services,3
2006,Port Melbourne,Construction,6
2006,Port Melbourne,Education and Training,2
2006,Port Melbourne,Information Media,1
2006,Port Melbourne,Information Media,16
2006,Port Melbourne,Manufacturing,15
2006,Port Melbourne,Retail Trade,19
2006,South Yarra,Retail Trade,10
2006,Southbank,Agriculture and Mining,1
2006,Southbank,Arts and Recreation Services,10
2006,Southbank,Finance and Insurance,1
2006,Southbank,Health Care and Social Assistance,15
2006,West Melbourne (Residential),Arts and Recreation Services,2
2006,West Melbourne (Residential),Business Services,72
2005,Carlton,Health Care and Social Assistance,86
2005,Carlton,Business Services,3
2005,Docklands,Admin and Support Services,13
2005,East Melbourne,Food Catering Services,2
2005,East Melbourne,Health Care and Social Assistance,5
2005,East Melbourne,Health Care and Social Assistance,10
2005,Kensington,Health Care and Social Assistance,2
2005,Kensington,Business Services,1
2005,Melbourne (CBD),Agriculture and Mining,2
2005,Melbourne (CBD),Agriculture and Mining,7
2005,Melbourne (CBD),Health Care and Social Assistance,21
2005,Melbourne (CBD),Retail Trade,13
2005,Melbourne (Remainder),Food and Beverage Services,1
2005,Melbourne (Remainder),Arts and Recreation Services,2
2005,Melbourne (Remainder),Education and Training,2
2005,North Melbourne,Public Administration and Safety,3
2005,Parkville,Information Media,2
2005,Parkville,Manufacturing,1
2005,Port Melbourne,Retail Trade,2
2005,Port Melbourne,"Transport, Postal and Storage",13
2005,Southbank,Food and Beverage Services,56
2005,Southbank,Rental and Hiring Services,1
2005,Southbank,"Transport, Postal and Storage",5
2005,West Melbourne (Industrial),Agriculture and Mining,1
2005,West Melbourne (Industrial),Wholesale Trade,34
2005,West Melbourne (Residential),Food and Beverage Services,44
2005,West Melbourne (Residential),Finance and Insurance,2
2005,West Melbourne (Residential),Other Services,5
2005,West Melbourne (Residential),Business Services,72
2004,Carlton,Education and Training,4
2004,Carlton,Other Services,1
2004,Carlton,Other Services,18
2004,Carlton,"Transport, Postal and Storage",4
2004,East Melbourne,Arts and Recreation Services,21
2004,East Melbourne,"Electricity, Gas, Water",2
2004,East Melbourne,"Transport, Postal and Storage",1
2004,Kensington,Construction,1
2004,Kensington,Other Services,1
2004,Kensington,Real Estate Services,1
2023,Carlton,Business Services,21
2023,Carlton,Public Administration and Safety,2
2023,Docklands,Admin and Support Services,12
2023,Docklands,Agriculture and Mining,1
2023,Docklands,Arts and Recreation Services,4
2023,Docklands,Construction,7
2023,Docklands,Education and Training,1
2023,Docklands,Retail Trade,3
2023,East Melbourne,Health Care and Social Assistance,183
2023,East Melbourne,"Transport, Postal and Storage",2
2023,East Melbourne,Wholesale Trade,1
2023,Kensington,Admin and Support Services,1
2023,Kensington,Construction,5
2023,Kensington,Education and Training,5
2023,Kensington,Health Care and Social Assistance,1
2023,Kensington,Health Care and Social Assistance,20
2023,Kensington,Information Media,3
2023,Kensington,Other Services,3
2023,Kensington,Other Services,5
2023,Kensington,Business Services,1
2023,Kensington,Rental and Hiring Services,1
2023,Kensington,Retail Trade,3
2023,Melbourne (CBD),Education and Training,96
2023,Melbourne (CBD),Health Care and Social Assistance,4
2023,Melbourne (CBD),Real Estate Services,50
2023,Melbourne (CBD),Retail Trade,10
2023,Melbourne (CBD),"Transport, Postal and Storage",15
2023,Melbourne (Remainder),Admin and Support Services,5
2023,Melbourne (Remainder),Arts and Recreation Services,11
2023,Melbourne (Remainder),"Electricity, Gas, Water",1
2023,Melbourne (Remainder),Health Care and Social Assistance,7
2023,Melbourne (Remainder),Business Services,5
2023,Melbourne (Remainder),Business Services,11
2023,Melbourne (Remainder),"Transport, Postal and Storage",5
2023,North Melbourne,Food and Beverage Services,114
2023,North Melbourne,Food Catering Services,15
2023,North Melbourne,Construction,1
2023,North Melbourne,Education and Training,13
2023,North Melbourne,Education and Training,21
2023,North Melbourne,Other Services,7
2023,North Melbourne,Business Services,2
2023,North Melbourne,Business Services,91
2023,North Melbourne,Public Administration and Safety,4
2023,Parkville,Food Catering Services,1
2023,Parkville,Food Catering Services,9
2023,Parkville,Arts and Recreation Services,27
2023,Parkville,"Electricity, Gas, Water",7
2023,Parkville,Health Care and Social Assistance,8
2023,Parkville,Other Services,3
2023,Port Melbourne,Construction,2
2023,Port Melbourne,Manufacturing,4
2023,Port Melbourne,Other Services,4
2023,Port Melbourne,Real Estate Services,1
2023,Port Melbourne,"Transport, Postal and Storage",3
2023,South Yarra,Arts and Recreation Services,4
2023,South Yarra,"Electricity, Gas, Water",6
2023,Southbank,Agriculture and Mining,1
2023,Southbank,Agriculture and Mining,1
2023,Southbank,Real Estate Services,15
2023,Southbank,"Transport, Postal and Storage",4
2023,Southbank,Wholesale Trade,2
2023,West Melbourne (Residential),Other Services,5
2022,Carlton,Business Services,20
2022,Docklands,Food and Beverage Services,15
2022,Docklands,Food and Beverage Services,233
2022,Docklands,Public Administration and Safety,10
2022,Docklands,Retail Trade,2
2022,Docklands,Wholesale Trade,1
2022,East Melbourne,Food and Beverage Services,2
2022,East Melbourne,Food and Beverage Services,1
2022,East Melbourne,Health Care and Social Assistance,29
2022,Kensington,Manufacturing,5
2022,Melbourne (CBD),Information Media,39
2022,Melbourne (CBD),Real Estate Services,142
2022,Melbourne (Remainder),Education and Training,3
2022,North Melbourne,Admin and Support Services,1
2022,North Melbourne,Finance and Insurance,9
2022,North Melbourne,Health Care and Social Assistance,2
2022,North Melbourne,Business Services,16
2022,North Melbourne,"Transport, Postal and Storage",3
2018,South Yarra,Education and Training,5
2018,Southbank,Food Catering Services,5
2018,Southbank,Admin and Support Services,15
2018,Southbank,Arts and Recreation Services,5
2018,Southbank,Manufacturing,6
2018,Southbank,Other Services,2
2018,Southbank,Retail Trade,227
2018,Southbank,"Transport, Postal and Storage",4
2018,Southbank,"Transport, Postal and Storage",1
2018,West Melbourne (Industrial),Construction,1
2018,West Melbourne (Residential),"Electricity, Gas, Water",10
2018,West Melbourne (Residential),Finance and Insurance,9
2018,West Melbourne (Residential),Public Administration and Safety,1
2018,West Melbourne (Residential),Real Estate Services,6
2018,West Melbourne (Residential),"Transport, Postal and Storage",1
2017,Carlton,Food Catering Services,6
2017,Carlton,Admin and Support Services,20
2017,Carlton,Education and Training,11
2017,Carlton,Health Care and Social Assistance,3
2017,Carlton,Information Media,6
2017,Carlton,Business Services,127
2017,Carlton,Public Administration and Safety,8
2017,Docklands,Food Catering Services,5
2017,Docklands,Food Catering Services,5
2017,Docklands,Agriculture and Mining,1
2017,Docklands,Arts and Recreation Services,4
2017,Docklands,Construction,1
2017,Docklands,"Electricity, Gas, Water",2
2017,Docklands,Information Media,6
2017,Docklands,Information Media,3
2017,Docklands,Manufacturing,2
2017,Docklands,Other Services,3
2017,East Melbourne,Food Catering Services,8
2017,East Melbourne,Admin and Support Services,2
2017,East Melbourne,Admin and Support Services,8
2017,East Melbourne,Arts and Recreation Services,2
2017,East Melbourne,Construction,1
2017,East Melbourne,Education and Training,6
2017,East Melbourne,Health Care and Social Assistance,3
2017,East Melbourne,Manufacturing,2
2017,East Melbourne,Business Services,17
2017,East Melbourne,Business Services,55
2017,Kensington,Food and Beverage Services,48
2017,Kensington,Education and Training,4
2017,Kensington,"Electricity, Gas, Water",11
2017,Kensington,Real Estate Services,6
2017,Melbourne (CBD),Food Catering Services,4
2017,Melbourne (CBD),Food Catering Services,56
2017,Melbourne (CBD),Arts and Recreation Services,3
2017,Melbourne (CBD),Education and Training,8
2017,Melbourne (CBD),Health Care and Social Assistance,45
2017,Melbourne (CBD),Health Care and Social Assistance,365
2017,Melbourne (CBD),Other Services,91
2017,Melbourne (CBD),Business Services,426
2017,Melbourne (CBD),Public Administration and Safety,5
2017,Melbourne (CBD),Real Estate Services,3
2017,Melbourne (CBD),Wholesale Trade,117
2017,Melbourne (Remainder),Food and Beverage Services,7
2017,Melbourne (Remainder),Admin and Support Services,2
2017,Melbourne (Remainder),Construction,1
2017,Melbourne (Remainder),Education and Training,6
2017,Melbourne (Remainder),Finance and Insurance,2
2017,Melbourne (Remainder),Manufacturing,1
2017,Melbourne (Remainder),Retail Trade,1
2017,North Melbourne,Admin and Support Services,4
2017,North Melbourne,Finance and Insurance,2
2017,North Melbourne,Health Care and Social Assistance,2
2017,North Melbourne,Information Media,14
2017,North Melbourne,Real Estate Services,12
2017,North Melbourne,Retail Trade,4
2017,North Melbourne,"Transport, Postal and Storage",4
2017,Parkville,Education and Training,4
2017,Parkville,Health Care and Social Assistance,70
2017,Parkville,Manufacturing,2
2017,Parkville,Business Services,1
2017,Parkville,Retail Trade,1
2017,Parkville,Wholesale Trade,1
2017,Port Melbourne,"Electricity, Gas, Water",6
2017,Port Melbourne,"Electricity, Gas, Water",1
2017,Port Melbourne,Finance and Insurance,1
2017,Port Melbourne,Rental and Hiring Services,11
2017,Port Melbourne,Wholesale Trade,1
2017,South Yarra,Education and Training,1
2017,South Yarra,Information Media,1
2017,Southbank,Manufacturing,4
2017,Southbank,"Transport, Postal and Storage",1
2017,West Melbourne (Industrial),Construction,1
2017,West Melbourne (Industrial),Construction,2
2017,West Melbourne (Industrial),Manufacturing,2
2017,West Melbourne (Industrial),Real Estate Services,1
2017,West Melbourne (Industrial),Rental and Hiring Services,1
2017,West Melbourne (Residential),Food and Beverage Services,45
2017,West Melbourne (Residential),Admin and Support Services,3
2017,West Melbourne (Residential),Construction,2
2017,West Melbourne (Residential),Public Administration and Safety,1
2017,West Melbourne (Residential),Public Administration and Safety,3
2016,Carlton,Food and Beverage Services,13
2016,Carlton,Admin and Support Services,6
2016,Carlton,Arts and Recreation Services,18
2016,Carlton,"Electricity, Gas, Water",14
2016,Carlton,Health Care and Social Assistance,3
2016,Carlton,Health Care and Social Assistance,87
2016,Carlton,Retail Trade,122
2016,Docklands,Food Catering Services,4
2016,Docklands,Food Catering Services,5
2016,Docklands,Admin and Support Services,27
2016,Docklands,"Electricity, Gas, Water",9
2016,Docklands,Real Estate Services,53
2016,Docklands,Rental and Hiring Services,6
2016,Docklands,Retail Trade,2
2016,Docklands,"Transport, Postal and Storage",6
2016,Docklands,Wholesale Trade,1
2016,East Melbourne,Food and Beverage Services,44
2016,East Melbourne,Arts and Recreation Services,22
2016,East Melbourne,Construction,1
2016,East Melbourne,Manufacturing,2
2016,East Melbourne,Public Administration and Safety,1
2016,East Melbourne,"Transport, Postal and Storage",1
2016,Kensington,Information Media,4
2016,Kensington,Manufacturing,3
2016,Kensington,Public Administration and Safety,3
2016,Kensington,"Transport, Postal and Storage",6
2016,Kensington,"Transport, Postal and Storage",9
2016,Kensington,Wholesale Trade,4
2016,Melbourne (CBD),Food Catering Services,5
2016,Melbourne (CBD),Construction,22
2016,Melbourne (CBD),Construction,4
2016,Melbourne (CBD),Education and Training,10
2016,Melbourne (CBD),Education and Training,194
2016,Melbourne (CBD),Health Care and Social Assistance,40
2016,Melbourne (CBD),Real Estate Services,35
2016,Melbourne (CBD),Real Estate Services,168
2016,Melbourne (CBD),Retail Trade,1442
2016,Melbourne (CBD),"Transport, Postal and Storage",7
2016,Melbourne (CBD),"Transport, Postal and Storage",16
2016,Melbourne (CBD),Wholesale Trade,9
2016,Melbourne (Remainder),Arts and Recreation Services,11
2016,Melbourne (Remainder),Arts and Recreation Services,6
2016,Melbourne (Remainder),Construction,6
2016,Melbourne (Remainder),Information Media,2
2016,Melbourne (Remainder),Other Services,3
2016,Melbourne (Remainder),Business Services,19
2016,Melbourne (Remainder),Public Administration and Safety,2
2016,North Melbourne,Food Catering Services,4
2016,North Melbourne,Food and Beverage Services,104
2016,North Melbourne,Business Services,1
2016,Parkville,Admin and Support Services,1
2016,Parkville,Arts and Recreation Services,9
2016,Parkville,Education and Training,43
2016,Parkville,Other Services,4
2016,Parkville,"Transport, Postal and Storage",2
2016,Port Melbourne,Education and Training,1
2016,Port Melbourne,Public Administration and Safety,1
2016,Port Melbourne,Rental and Hiring Services,4
2016,Port Melbourne,Real Estate Services,5
2016,South Yarra,Food Catering Services,4
2016,South Yarra,Admin and Support Services,1
2016,South Yarra,"Electricity, Gas, Water",5
2016,Southbank,Admin and Support Services,1
2016,Southbank,Arts and Recreation Services,15
2016,Southbank,Health Care and Social Assistance,7
2016,Southbank,Other Services,1
2016,Southbank,Real Estate Services,21
2016,Southbank,"Transport, Postal and Storage",1
2016,West Melbourne (Industrial),Business Services,2
2016,West Melbourne (Residential),Education and Training,7
2016,West Melbourne (Residential),"Transport, Postal and Storage",14
2015,Carlton,"Electricity, Gas, Water",14
2015,Carlton,Finance and Insurance,5
2015,Carlton,Business Services,124
2015,Carlton,Wholesale Trade,1
2015,Docklands,Food and Beverage Services,199
2015,Docklands,Arts and Recreation Services,2
2015,Docklands,Health Care and Social Assistance,3
2015,Docklands,Health Care and Social Assistance,17
2015,Docklands,Agriculture and Mining,1
2015,Docklands,Wholesale Trade,2
2015,East Melbourne,Admin and Support Services,3
2015,East Melbourne,Education and Training,5
2015,East Melbourne,Finance and Insurance,2
2015,East Melbourne,Health Care and Social Assistance,6
2015,East Melbourne,Other Services,3
2015,East Melbourne,Rental and Hiring Services,1
2015,Kensington,Admin and Support Services,1
2015,Kensington,Arts and Recreation Services,55
2015,Kensington,Construction,3
2015,Kensington,Other Services,1
2015,Kensington,Public Administration and Safety,3
2015,Kensington,Real Estate Services,6
2015,Melbourne (CBD),Food Catering Services,8
2015,Melbourne (CBD),Arts and Recreation Services,109
2015,Melbourne (CBD),Construction,3
2015,Melbourne (CBD),Information Media,15
2015,Melbourne (CBD),Manufacturing,6
2015,Melbourne (CBD),Business Services,366
2015,Melbourne (CBD),Retail Trade,4
2015,Melbourne (CBD),"Transport, Postal and Storage",6
2015,Melbourne (Remainder),Arts and Recreation Services,11
2015,Melbourne (Remainder),Arts and Recreation Services,6
2015,Melbourne (Remainder),Education and Training,6
2015,Melbourne (Remainder),"Electricity, Gas, Water",2
2015,Melbourne (Remainder),Retail Trade,17
2015,North Melbourne,Food Catering Services,2
2015,North Melbourne,Arts and Recreation Services,36
2015,North Melbourne,Construction,9
2015,North Melbourne,Construction,33
2015,North Melbourne,Finance and Insurance,1
2015,North Melbourne,Other Services,8
2015,North Melbourne,Business Services,1
2015,Parkville,Food Catering Services,9
2015,Parkville,Food and Beverage Services,50
2015,Port Melbourne,Information Media,10
2015,Port Melbourne,Business Services,11
2015,Port Melbourne,Public Administration and Safety,4
2015,Port Melbourne,Public Administration and Safety,7
2015,Port Melbourne,Rental and Hiring Services,4
2015,South Yarra,Admin and Support Services,1
2015,South Yarra,Retail Trade,5
2015,Southbank,Food and Beverage Services,6
2015,Southbank,Food Catering Services,1
2015,Southbank,Arts and Recreation Services,15
2015,Southbank,"Electricity, Gas, Water",18
2015,Southbank,Health Care and Social Assistance,7
2015,Southbank,Information Media,2
2015,Southbank,Agriculture and Mining,2
2015,Southbank,Retail Trade,10
2015,Southbank,"Transport, Postal and Storage",1
2015,West Melbourne (Industrial),Arts and Recreation Services,3
2015,West Melbourne (Industrial),Construction,1
2015,West Melbourne (Industrial),Construction,1
2015,West Melbourne (Industrial),Rental and Hiring Services,6
2015,West Melbourne (Industrial),"Transport, Postal and Storage",23
2015,West Melbourne (Industrial),Wholesale Trade,50
2015,West Melbourne (Residential),Food Catering Services,4
2015,West Melbourne (Residential),Arts and Recreation Services,4
2015,West Melbourne (Residential),Arts and Recreation Services,5
2015,West Melbourne (Residential),Education and Training,14
2015,West Melbourne (Residential),Finance and Insurance,12
2015,West Melbourne (Residential),Public Administration and Safety,1
2015,West Melbourne (Residential),"Transport, Postal and Storage",3
2015,West Melbourne (Residential),Wholesale Trade,29
2014,Carlton,Food Catering Services,15
2014,Carlton,Food and Beverage Services,3
2014,Carlton,Arts and Recreation Services,4
2014,Carlton,Health Care and Social Assistance,88
2014,Carlton,Information Media,1
2014,Carlton,Information Media,10
2014,Carlton,Other Services,17
2014,Carlton,Public Administration and Safety,1
2014,Carlton,Public Administration and Safety,9
2014,Carlton,Retail Trade,139
2014,Docklands,Food and Beverage Services,16
2014,Docklands,Finance and Insurance,8
2014,Docklands,Finance and Insurance,5
2014,Docklands,Public Administration and Safety,3
2014,Docklands,Wholesale Trade,18
2014,East Melbourne,Arts and Recreation Services,8
2014,East Melbourne,Information Media,1
2014,East Melbourne,Retail Trade,13
2014,Kensington,Admin and Support Services,1
2014,Kensington,Arts and Recreation Services,13
2014,Kensington,Retail Trade,40
2014,Kensington,Wholesale Trade,2
2014,Kensington,Wholesale Trade,26
2014,Melbourne (CBD),Food and Beverage Services,1351
2014,Melbourne (CBD),Construction,68
2014,Melbourne (CBD),"Electricity, Gas, Water",8
2014,Melbourne (CBD),Agriculture and Mining,36
2014,Melbourne (CBD),Other Services,2
2014,Melbourne (CBD),Other Services,73
2014,Melbourne (CBD),Business Services,42
2014,Melbourne (CBD),Wholesale Trade,1
2014,Melbourne (Remainder),Food and Beverage Services,32
2014,Melbourne (Remainder),Admin and Support Services,1
2014,Melbourne (Remainder),Education and Training,3
2014,Melbourne (Remainder),Information Media,6
2014,Melbourne (Remainder),Other Services,3
2014,Melbourne (Remainder),Retail Trade,1
2014,Melbourne (Remainder),"Transport, Postal and Storage",1
2014,Melbourne (Remainder),Wholesale Trade,4
2014,North Melbourne,Admin and Support Services,5
2014,North Melbourne,Arts and Recreation Services,36
2014,North Melbourne,Business Services,124
2014,North Melbourne,Wholesale Trade,60
2014,Parkville,Food Catering Services,1
2014,Parkville,Arts and Recreation Services,8
2014,Parkville,Construction,1
2014,Parkville,Education and Training,8
2014,Parkville,Other Services,14
2014,Parkville,Retail Trade,20
2014,Port Melbourne,Construction,5
2014,Port Melbourne,Education and Training,5
2014,Port Melbourne,"Electricity, Gas, Water",2
2014,Port Melbourne,Finance and Insurance,11
2014,Port Melbourne,Other Services,4
2014,Port Melbourne,Business Services,58
2014,Port Melbourne,Retail Trade,20
2014,South Yarra,Other Services,1
2014,South Yarra,Other Services,8
2014,Southbank,Food Catering Services,4
2014,Southbank,Arts and Recreation Services,4
2014,Southbank,Arts and Recreation Services,18
2014,Southbank,"Electricity, Gas, Water",3
2014,Southbank,Information Media,11
2014,Southbank,Other Services,2
2014,Southbank,Other Services,25
2014,Southbank,"Transport, Postal and Storage",6
2014,Southbank,"Transport, Postal and Storage",7
2014,West Melbourne (Industrial),Arts and Recreation Services,8
2014,West Melbourne (Industrial),Construction,1
2014,West Melbourne (Industrial),Manufacturing,4
2014,West Melbourne (Industrial),Retail Trade,8
2014,West Melbourne (Residential),Arts and Recreation Services,5
2014,West Melbourne (Residential),Education and Training,14
2014,West Melbourne (Residential),Agriculture and Mining,1
2014,West Melbourne (Residential),Business Services,84
2014,West Melbourne (Residential),Public Administration and Safety,1
2014,West Melbourne (Residential),Wholesale Trade,3
2013,Carlton,Food and Beverage Services,3
2013,Carlton,Arts and Recreation Services,17
2013,Carlton,Education and Training,46
2013,Carlton,Finance and Insurance,29
2013,Carlton,Health Care and Social Assistance,1
2013,Carlton,Information Media,1
2013,Carlton,Manufacturing,30
2013,Carlton,Business Services,1
2013,Carlton,Real Estate Services,19
2013,Docklands,Food and Beverage Services,15
2013,Docklands,Arts and Recreation Services,21
2013,Docklands,Health Care and Social Assistance,2
2013,Docklands,Health Care and Social Assistance,18
2013,Docklands,Information Media,7
2013,Docklands,Other Services,1
2013,Docklands,Real Estate Services,36
2013,Docklands,Rental and Hiring Services,4
2013,East Melbourne,Arts and Recreation Services,16
2013,East Melbourne,Public Administration and Safety,9
2013,East Melbourne,Public Administration and Safety,3
2013,East Melbourne,Rental and Hiring Services,1
2013,East Melbourne,Retail Trade,1
2013,Kensington,Food and Beverage Services,36
2013,Kensington,Public Administration and Safety,2
2013,Kensington,Retail Trade,3
2013,Melbourne (CBD),Arts and Recreation Services,28
2013,Melbourne (CBD),Arts and Recreation Services,14
2013,Melbourne (CBD),Finance and Insurance,147
2013,Melbourne (CBD),Finance and Insurance,4
2013,Melbourne (CBD),Information Media,4
2013,Melbourne (CBD),Manufacturing,5
2013,Melbourne (CBD),Manufacturing,3
2013,Melbourne (CBD),Business Services,337
2013,Melbourne (CBD),Public Administration and Safety,75
2013,Melbourne (Remainder),Admin and Support Services,1
2013,Melbourne (Remainder),Health Care and Social Assistance,5
2013,Melbourne (Remainder),Manufacturing,11
2013,Melbourne (Remainder),Business Services,5
2013,Melbourne (Remainder),"Transport, Postal and Storage",1
2013,North Melbourne,Food Catering Services,8
2013,North Melbourne,"Electricity, Gas, Water",1
2013,North Melbourne,"Electricity, Gas, Water",1
2013,North Melbourne,Finance and Insurance,2
2013,North Melbourne,Business Services,3
2013,North Melbourne,"Transport, Postal and Storage",4
2013,Parkville,Arts and Recreation Services,1
2013,Parkville,Education and Training,9
2013,Port Melbourne,Public Administration and Safety,1
2013,South Yarra,Public Administration and Safety,1
2013,Southbank,Admin and Support Services,1
2013,Southbank,Other Services,1
2013,Southbank,Retail Trade,9
2013,Southbank,"Transport, Postal and Storage",7
2013,West Melbourne (Residential),Food and Beverage Services,2
2013,West Melbourne (Residential),Construction,1
2013,West Melbourne (Residential),"Electricity, Gas, Water",8
2013,West Melbourne (Residential),Real Estate Services,4
2013,West Melbourne (Residential),Retail Trade,1
2012,Carlton,Arts and Recreation Services,5
2012,Carlton,Arts and Recreation Services,19
2012,Carlton,Public Administration and Safety,2
2012,Carlton,Rental and Hiring Services,1
2012,Carlton,Retail Trade,5
2012,Carlton,"Transport, Postal and Storage",4
2012,Docklands,Public Administration and Safety,3
2012,Docklands,"Transport, Postal and Storage",6
2012,East Melbourne,Food Catering Services,2
2012,East Melbourne,"Electricity, Gas, Water",6
2012,Kensington,Arts and Recreation Services,10
2012,Melbourne (CBD),Admin and Support Services,4
2012,Melbourne (CBD),Arts and Recreation Services,3
2012,Melbourne (CBD),Education and Training,1
2012,Melbourne (CBD),Other Services,1
2012,Melbourne (CBD),Real Estate Services,143
2012,Melbourne (CBD),Retail Trade,4
2012,Melbourne (Remainder),Admin and Support Services,18
2012,Melbourne (Remainder),Education and Training,3
2012,Melbourne (Remainder),Health Care and Social Assistance,5
2012,North Melbourne,Arts and Recreation Services,35
2012,North Melbourne,Construction,41
2012,North Melbourne,"Electricity, Gas, Water",1
2012,North Melbourne,Health Care and Social Assistance,88
2012,North Melbourne,"Transport, Postal and Storage",3
2012,Parkville,Food Catering Services,5
2012,Parkville,Arts and Recreation Services,25
2012,Parkville,Education and Training,3
2012,Parkville,Education and Training,9
2012,Parkville,Health Care and Social Assistance,7
2012,Parkville,Health Care and Social Assistance,4
2012,Parkville,Information Media,2
2012,Port Melbourne,Agriculture and Mining,2
2012,Port Melbourne,Construction,8
2012,Port Melbourne,Health Care and Social Assistance,1
2012,Port Melbourne,Manufacturing,21
2012,South Yarra,Arts and Recreation Services,5
2012,Southbank,Food and Beverage Services,35
2012,Southbank,Admin and Support Services,8
2012,Southbank,Agriculture and Mining,3
2012,Southbank,Arts and Recreation Services,3
2012,Southbank,"Electricity, Gas, Water",1
2012,Southbank,Real Estate Services,2
2012,Southbank,Retail Trade,211
2012,West Melbourne (Industrial),Arts and Recreation Services,1
2012,West Melbourne (Industrial),Arts and Recreation Services,8
2012,West Melbourne (Industrial),"Electricity, Gas, Water",2
2012,West Melbourne (Industrial),"Electricity, Gas, Water",3
2012,West Melbourne (Residential),Public Administration and Safety,3
2011,Carlton,Education and Training,3
2011,Docklands,Food and Beverage Services,2
2011,Docklands,Construction,12
2011,Docklands,Information Media,9
2011,Docklands,Business Services,3
2011,Docklands,"Transport, Postal and Storage",4
2011,Docklands,Wholesale Trade,8
2011,East Melbourne,Food Catering Services,5
2011,East Melbourne,Food Catering Services,17
2011,East Melbourne,Admin and Support Services,8
2011,East Melbourne,Business Services,19
2011,East Melbourne,Real Estate Services,1
2011,Kensington,Arts and Recreation Services,10
2011,Kensington,Manufacturing,9
2011,Kensington,Other Services,1
2011,Kensington,Real Estate Services,5
2011,Kensington,Wholesale Trade,4
2011,Melbourne (CBD),Food Catering Services,47
2011,Melbourne (CBD),Food Catering Services,3
2011,Melbourne (CBD),Food and Beverage Services,1212
2011,Melbourne (CBD),Agriculture and Mining,1
2011,Melbourne (CBD),"Electricity, Gas, Water",11
2011,Melbourne (CBD),Health Care and Social Assistance,3
2011,Melbourne (CBD),Health Care and Social Assistance,344
2011,Melbourne (CBD),Information Media,4
2011,Melbourne (CBD),Business Services,289
2011,Melbourne (CBD),Business Services,6
2011,Melbourne (CBD),Business Services,1382
2011,Melbourne (CBD),Public Administration and Safety,83
2011,Melbourne (CBD),Real Estate Services,143
2011,Melbourne (CBD),Retail Trade,5
2011,Melbourne (CBD),Retail Trade,68
2011,Melbourne (CBD),Retail Trade,1514
2011,Melbourne (CBD),"Transport, Postal and Storage",53
2011,Melbourne (Remainder),Food and Beverage Services,7
2011,Melbourne (Remainder),Arts and Recreation Services,25
2011,Melbourne (Remainder),Arts and Recreation Services,9
2011,Melbourne (Remainder),Business Services,5
2011,Melbourne (Remainder),Business Services,43
2011,North Melbourne,Food and Beverage Services,3
2011,North Melbourne,Information Media,3
2011,North Melbourne,Rental and Hiring Services,13
2011,North Melbourne,Retail Trade,5
2011,Parkville,Arts and Recreation Services,1
2011,Parkville,Health Care and Social Assistance,2
2011,Parkville,Public Administration and Safety,2
2011,Port Melbourne,Admin and Support Services,2
2011,Port Melbourne,Information Media,1
2011,Port Melbourne,Wholesale Trade,1
2011,Southbank,Admin and Support Services,8
2011,Southbank,Health Care and Social Assistance,1
2011,Southbank,Agriculture and Mining,2
2011,Southbank,Business Services,6
2011,Southbank,Public Administration and Safety,1
2011,Southbank,Public Administration and Safety,2
2011,Southbank,Wholesale Trade,2
2011,West Melbourne (Industrial),Admin and Support Services,1
2011,West Melbourne (Industrial),Agriculture and Mining,1
2011,West Melbourne (Industrial),Arts and Recreation Services,3
2011,West Melbourne (Industrial),"Electricity, Gas, Water",8
2011,West Melbourne (Industrial),Business Services,2
2011,West Melbourne (Industrial),Real Estate Services,1
2011,West Melbourne (Industrial),Rental and Hiring Services,6
2011,West Melbourne (Industrial),Retail Trade,8
2011,West Melbourne (Residential),Arts and Recreation Services,8
2011,West Melbourne (Residential),Arts and Recreation Services,8
2011,West Melbourne (Residential),"Electricity, Gas, Water",9
2011,West Melbourne (Residential),Finance and Insurance,13
2011,West Melbourne (Residential),Manufacturing,1
2011,West Melbourne (Residential),Business Services,1
2011,West Melbourne (Residential),Public Administration and Safety,3
2011,West Melbourne (Residential),"Transport, Postal and Storage",16
2010,Carlton,Food Catering Services,28
2010,Carlton,Construction,17
2010,Carlton,"Electricity, Gas, Water",14
2010,Carlton,Finance and Insurance,3
2010,Carlton,Manufacturing,32
2010,Carlton,Other Services,2
2010,Carlton,Business Services,131
2010,Carlton,Public Administration and Safety,10
2010,Docklands,Arts and Recreation Services,10
2010,Docklands,Education and Training,4
2010,Docklands,Information Media,1
2010,Docklands,Other Services,2
2010,Docklands,Other Services,14
2010,East Melbourne,Food Catering Services,5
2010,East Melbourne,Health Care and Social Assistance,5
2010,East Melbourne,Manufacturing,5
2010,Kensington,Arts and Recreation Services,2
2010,Kensington,Construction,1
2010,Kensington,Public Administration and Safety,2
2010,Kensington,Real Estate Services,3
2010,Kensington,"Transport, Postal and Storage",2
2010,Kensington,"Transport, Postal and Storage",8
2010,Melbourne (CBD),Construction,1
2010,Melbourne (CBD),Health Care and Social Assistance,356
2010,Melbourne (CBD),Agriculture and Mining,1
2010,Melbourne (CBD),Other Services,48
2010,Melbourne (CBD),Business Services,8
2010,Melbourne (CBD),Business Services,1371
2010,Melbourne (CBD),Real Estate Services,3
2010,Melbourne (Remainder),Admin and Support Services,4
2010,Melbourne (Remainder),Business Services,24
2010,Melbourne (Remainder),Retail Trade,17
2010,North Melbourne,Food Catering Services,4
2010,North Melbourne,Food Catering Services,2
2010,North Melbourne,Arts and Recreation Services,14
2010,North Melbourne,Education and Training,6
2010,North Melbourne,"Electricity, Gas, Water",22
2010,North Melbourne,Health Care and Social Assistance,82
2010,North Melbourne,"Transport, Postal and Storage",32
2010,North Melbourne,Wholesale Trade,3
2010,Parkville,Education and Training,9
2010,Parkville,Finance and Insurance,6
2010,Parkville,Information Media,2
2010,Port Melbourne,Food Catering Services,1
2010,Port Melbourne,Information Media,10
2010,Port Melbourne,Retail Trade,1
2010,Port Melbourne,Wholesale Trade,16
2010,South Yarra,Admin and Support Services,1
2010,South Yarra,Arts and Recreation Services,5
2010,South Yarra,Public Administration and Safety,1
2010,Southbank,Admin and Support Services,3
2010,Southbank,Finance and Insurance,19
2010,Southbank,Health Care and Social Assistance,16
2010,Southbank,Retail Trade,5
2010,West Melbourne (Industrial),"Electricity, Gas, Water",2
2010,West Melbourne (Industrial),Wholesale Trade,170
2010,West Melbourne (Residential),Food and Beverage Services,1
2010,West Melbourne (Residential),Admin and Support Services,4
2010,West Melbourne (Residential),Construction,3
2010,West Melbourne (Residential),Health Care and Social Assistance,9
2010,West Melbourne (Residential),Manufacturing,13
2010,West Melbourne (Residential),Public Administration and Safety,3
2010,West Melbourne (Residential),Real Estate Services,1
2010,West Melbourne (Residential),Retail Trade,44
2010,West Melbourne (Residential),Wholesale Trade,39
2009,Carlton,Admin and Support Services,7
2009,Carlton,Construction,17
2009,Carlton,Health Care and Social Assistance,1
2009,Carlton,Information Media,6
2009,Carlton,"Transport, Postal and Storage",1
2009,Docklands,Arts and Recreation Services,10
2009,Docklands,Construction,5
2009,Docklands,Construction,12
2009,Docklands,Retail Trade,4
2009,East Melbourne,Food Catering Services,2
2009,East Melbourne,Food Catering Services,17
2009,East Melbourne,Information Media,1
2009,East Melbourne,Other Services,35
2009,East Melbourne,Business Services,1
2009,East Melbourne,Real Estate Services,7
2009,East Melbourne,"Transport, Postal and Storage",2
2009,Kensington,Arts and Recreation Services,8
2009,Kensington,Information Media,4
2009,Kensington,Other Services,32
2009,Kensington,Public Administration and Safety,2
2009,Kensington,Public Administration and Safety,2
2009,Melbourne (CBD),Manufacturing,1
2009,Melbourne (CBD),Manufacturing,1
2009,Melbourne (CBD),Manufacturing,279
2009,Melbourne (CBD),Other Services,39
2009,Melbourne (CBD),Other Services,658
2009,Melbourne (CBD),Wholesale Trade,1
2009,Melbourne (Remainder),Food and Beverage Services,26
2009,Melbourne (Remainder),Information Media,9
2009,Melbourne (Remainder),Business Services,4
2009,Melbourne (Remainder),Business Services,60
2009,North Melbourne,Education and Training,18
2009,North Melbourne,"Electricity, Gas, Water",1
2009,North Melbourne,"Electricity, Gas, Water",22
2009,North Melbourne,Business Services,2
2009,Parkville,Food and Beverage Services,5
2009,Parkville,Education and Training,5
2009,Parkville,Finance and Insurance,10
2009,Parkville,Health Care and Social Assistance,57
2009,Parkville,"Transport, Postal and Storage",5
2009,Port Melbourne,Food and Beverage Services,6
2009,Port Melbourne,Information Media,14
2009,Port Melbourne,Manufacturing,1
2009,South Yarra,Food Catering Services,8
2009,South Yarra,Education and Training,3
2009,South Yarra,"Electricity, Gas, Water",5
2009,South Yarra,Health Care and Social Assistance,3
2009,South Yarra,Information Media,1
2009,South Yarra,Public Administration and Safety,1
2009,Southbank,Admin and Support Services,9
2009,Southbank,"Electricity, Gas, Water",1
2009,Southbank,Manufacturing,9
2009,Southbank,Other Services,41
2009,Southbank,Retail Trade,5
2009,West Melbourne (Industrial),Construction,2
2009,West Melbourne (Industrial),Finance and Insurance,1
2009,West Melbourne (Industrial),Business Services,3
2009,West Melbourne (Industrial),Real Estate Services,1
2009,West Melbourne (Industrial),Rental and Hiring Services,6
2009,West Melbourne (Industrial),Wholesale Trade,48
2009,West Melbourne (Residential),Food and Beverage Services,1
2009,West Melbourne (Residential),Food and Beverage Services,52
2009,West Melbourne (Residential),Arts and Recreation Services,8
2009,West Melbourne (Residential),Health Care and Social Assistance,4
2009,West Melbourne (Residential),Information Media,4
2008,Carlton,Education and Training,26
2008,Carlton,Public Administration and Safety,11
2008,Carlton,Retail Trade,5
2008,Docklands,Finance and Insurance,4
2008,Docklands,Finance and Insurance,12
2008,Docklands,Agriculture and Mining,1
2008,East Melbourne,Food and Beverage Services,2
2008,East Melbourne,Arts and Recreation Services,16
2008,East Melbourne,Education and Training,9
2008,East Melbourne,Finance and Insurance,1
2008,East Melbourne,Public Administration and Safety,8
2008,East Melbourne,Public Administration and Safety,8
2008,East Melbourne,"Transport, Postal and Storage",1
2008,Kensington,Food and Beverage Services,2
2008,Kensington,Construction,13
2008,Kensington,"Electricity, Gas, Water",2
2008,Kensington,Health Care and Social Assistance,2
2008,Kensington,Other Services,7
2008,Kensington,Other Services,32
2008,Melbourne (CBD),Food and Beverage Services,6
2008,Melbourne (CBD),Finance and Insurance,8
2008,Melbourne (CBD),Manufacturing,1
2008,Melbourne (CBD),Public Administration and Safety,75
2008,Melbourne (Remainder),Education and Training,1
2008,Melbourne (Remainder),Finance and Insurance,26
2008,Melbourne (Remainder),Business Services,4
2008,Melbourne (Remainder),Business Services,1
2008,Melbourne (Remainder),Real Estate Services,7
2008,North Melbourne,Food Catering Services,1
2008,North Melbourne,Finance and Insurance,21
2008,North Melbourne,Real Estate Services,1
2008,Parkville,Food Catering Services,10
2008,Port Melbourne,Health Care and Social Assistance,1
2008,Port Melbourne,Manufacturing,7
2008,South Yarra,Food and Beverage Services,1
2008,South Yarra,Food and Beverage Services,7
2008,Southbank,Health Care and Social Assistance,2
2008,Southbank,Information Media,8
2008,Southbank,Business Services,3
2008,West Melbourne (Industrial),"Electricity, Gas, Water",4
2023,Parkville,Arts and Recreation Services,7
2023,Parkville,Construction,1
2023,Parkville,Education and Training,9
2023,Parkville,Finance and Insurance,5
2023,Parkville,Real Estate Services,1
2023,Port Melbourne,Admin and Support Services,16
2023,Port Melbourne,"Electricity, Gas, Water",1
2023,Port Melbourne,Manufacturing,29
2023,Port Melbourne,Business Services,46
2023,Southbank,Food Catering Services,10
2023,Southbank,Food Catering Services,1
2023,Southbank,Manufacturing,3
2023,Southbank,Business Services,7
2023,West Melbourne (Industrial),"Electricity, Gas, Water",5
2023,West Melbourne (Industrial),Other Services,1
2023,West Melbourne (Industrial),Retail Trade,1
2023,West Melbourne (Residential),Public Administration and Safety,3
2023,West Melbourne (Residential),Real Estate Services,2
2022,Carlton,Finance and Insurance,2
2022,Carlton,Other Services,1
2022,Carlton,Real Estate Services,14
2022,Carlton,Retail Trade,4
2022,Docklands,Food and Beverage Services,3
2022,Docklands,Food Catering Services,6
2022,Docklands,Arts and Recreation Services,5
2022,Docklands,Education and Training,14
2022,Docklands,Other Services,1
2022,Docklands,Other Services,17
2022,East Melbourne,Admin and Support Services,1
2022,Kensington,Other Services,35
2022,Kensington,Retail Trade,4
2022,Melbourne (CBD),Food and Beverage Services,204
2022,Melbourne (CBD),Admin and Support Services,3
2022,Melbourne (CBD),Agriculture and Mining,1
2022,Melbourne (CBD),Arts and Recreation Services,36
2022,Melbourne (CBD),Arts and Recreation Services,81
2022,Melbourne (CBD),Finance and Insurance,5
2022,Melbourne (CBD),Real Estate Services,2
2022,Melbourne (Remainder),Finance and Insurance,2
2022,Melbourne (Remainder),Health Care and Social Assistance,8
2022,North Melbourne,Admin and Support Services,6
2022,North Melbourne,Public Administration and Safety,3
2022,North Melbourne,Retail Trade,5
2022,Parkville,Health Care and Social Assistance,7
2022,Port Melbourne,"Electricity, Gas, Water",3
2022,Port Melbourne,Finance and Insurance,4
2022,Port Melbourne,Health Care and Social Assistance,3
2022,Port Melbourne,Real Estate Services,1
2022,Port Melbourne,"Transport, Postal and Storage",3
2022,Port Melbourne,Wholesale Trade,11
2022,Southbank,"Transport, Postal and Storage",2
2022,West Melbourne (Industrial),Other Services,1
2022,West Melbourne (Industrial),Business Services,2
2022,West Melbourne (Industrial),Retail Trade,5
2022,West Melbourne (Industrial),"Transport, Postal and Storage",18
2021,Carlton,Food Catering Services,6
2021,Carlton,Admin and Support Services,16
2021,Carlton,Business Services,1
2021,Docklands,"Electricity, Gas, Water",9
2021,Docklands,Retail Trade,135
2021,Docklands,"Transport, Postal and Storage",6
2021,Docklands,"Transport, Postal and Storage",16
2021,East Melbourne,Arts and Recreation Services,9
2021,East Melbourne,Health Care and Social Assistance,33
2021,Kensington,Real Estate Services,6
2021,Kensington,Retail Trade,4
2021,Melbourne (CBD),Education and Training,105
2021,Melbourne (CBD),Manufacturing,8
2021,Melbourne (Remainder),Arts and Recreation Services,3
2021,Melbourne (Remainder),Education and Training,1
2021,North Melbourne,Food and Beverage Services,104
2021,North Melbourne,Arts and Recreation Services,12
2021,North Melbourne,Education and Training,20
2021,North Melbourne,Health Care and Social Assistance,4
2021,Parkville,Arts and Recreation Services,2
2021,Parkville,Education and Training,1
2021,Parkville,Manufacturing,1
2021,Parkville,"Transport, Postal and Storage",2
2021,Port Melbourne,Retail Trade,1
2021,South Yarra,Admin and Support Services,1
2021,Southbank,Arts and Recreation Services,6
2021,Southbank,Education and Training,5
2021,Southbank,"Electricity, Gas, Water",5
2021,Southbank,Public Administration and Safety,6
2021,West Melbourne (Residential),Arts and Recreation Services,4
2021,West Melbourne (Residential),"Transport, Postal and Storage",12
2020,Carlton,Health Care and Social Assistance,75
2020,Carlton,Public Administration and Safety,6
2020,Carlton,Retail Trade,4
2020,Docklands,Food and Beverage Services,14
2020,Docklands,Food Catering Services,5
2020,Docklands,Construction,6
2020,Docklands,Finance and Insurance,5
2020,Docklands,Business Services,138
2020,Docklands,Real Estate Services,6
2020,Docklands,Rental and Hiring Services,5
2020,East Melbourne,Food Catering Services,7
2020,East Melbourne,Real Estate Services,6
2020,Kensington,Rental and Hiring Services,6
2020,Kensington,Retail Trade,3
2020,Melbourne (CBD),Arts and Recreation Services,18
2020,Melbourne (CBD),Education and Training,206
2020,Melbourne (CBD),Other Services,769
2020,Melbourne (CBD),"Transport, Postal and Storage",7
2020,Melbourne (Remainder),Food and Beverage Services,35
2020,Melbourne (Remainder),Arts and Recreation Services,11
2020,Melbourne (Remainder),"Electricity, Gas, Water",1
2020,Melbourne (Remainder),Wholesale Trade,4
2020,North Melbourne,Construction,2
2020,North Melbourne,Other Services,110
2020,North Melbourne,Business Services,2
2020,North Melbourne,Retail Trade,1
2020,Parkville,Admin and Support Services,1
2020,Parkville,Arts and Recreation Services,29
2020,Parkville,Education and Training,1
2020,Parkville,Health Care and Social Assistance,17
2020,Port Melbourne,Construction,4
2020,Port Melbourne,Education and Training,1
2020,Port Melbourne,Manufacturing,22
2020,Port Melbourne,Manufacturing,58
2020,Port Melbourne,Business Services,15
2020,Southbank,"Electricity, Gas, Water",20
2020,Southbank,Agriculture and Mining,1
2020,Southbank,Agriculture and Mining,1
2020,West Melbourne (Residential),Food and Beverage Services,2
2020,West Melbourne (Residential),Admin and Support Services,6
2020,West Melbourne (Residential),Education and Training,1
2019,Carlton,Rental and Hiring Services,3
2019,Carlton,Retail Trade,5
2019,Docklands,Admin and Support Services,13
2019,Docklands,Arts and Recreation Services,3
2019,Docklands,Construction,16
2019,Docklands,Information Media,10
2019,Docklands,Manufacturing,14
2019,Docklands,Wholesale Trade,2
2019,Docklands,Wholesale Trade,21
2019,East Melbourne,Retail Trade,12
2019,Kensington,Admin and Support Services,2
2019,Melbourne (CBD),Food Catering Services,4
2019,Melbourne (CBD),Food and Beverage Services,8
2019,Melbourne (CBD),Education and Training,5
2019,Melbourne (CBD),Rental and Hiring Services,2
2019,Melbourne (CBD),Rental and Hiring Services,9
2019,Melbourne (Remainder),Manufacturing,4
2019,Melbourne (Remainder),Real Estate Services,1
2019,Melbourne (Remainder),"Transport, Postal and Storage",2
2019,Melbourne (Remainder),Wholesale Trade,4
2019,North Melbourne,Admin and Support Services,5
2019,North Melbourne,Arts and Recreation Services,1
2019,North Melbourne,Health Care and Social Assistance,1
2019,North Melbourne,Health Care and Social Assistance,12
2019,North Melbourne,Wholesale Trade,46
2019,Parkville,Admin and Support Services,2
2019,Parkville,Arts and Recreation Services,1
2019,Port Melbourne,Wholesale Trade,1
2019,South Yarra,Food Catering Services,2
2019,South Yarra,Manufacturing,1
2019,Southbank,Other Services,16
2019,Southbank,Real Estate Services,4
2019,Southbank,Real Estate Services,2
2019,West Melbourne (Residential),Education and Training,15
2018,Carlton,Food and Beverage Services,1
2018,Carlton,Arts and Recreation Services,1
2018,Carlton,Arts and Recreation Services,4
2018,Docklands,"Electricity, Gas, Water",2
2018,Docklands,Finance and Insurance,41
2018,Docklands,Manufacturing,2
2018,East Melbourne,Arts and Recreation Services,2
2018,East Melbourne,Construction,2
2018,East Melbourne,Construction,5
2018,East Melbourne,Business Services,1
2018,East Melbourne,"Transport, Postal and Storage",3
2018,Kensington,Admin and Support Services,1
2018,Kensington,Health Care and Social Assistance,17
2018,Melbourne (CBD),Arts and Recreation Services,20
2018,Melbourne (CBD),Information Media,6
2018,Melbourne (CBD),Business Services,40
2018,Melbourne (CBD),Business Services,1391
2018,Melbourne (CBD),Public Administration and Safety,66
2018,Melbourne (Remainder),Arts and Recreation Services,26
2018,Melbourne (Remainder),Finance and Insurance,8
2018,Melbourne (Remainder),Public Administration and Safety,5
2018,Melbourne (Remainder),Real Estate Services,2
2018,Melbourne (Remainder),Real Estate Services,6
2018,North Melbourne,Construction,34
2017,Parkville,Public Administration and Safety,3
2017,Port Melbourne,Construction,52
2017,Port Melbourne,Education and Training,2
2017,Port Melbourne,Manufacturing,23
2017,Port Melbourne,"Transport, Postal and Storage",1
2016,Carlton,Construction,16
2016,Carlton,Education and Training,5
2016,Docklands,Agriculture and Mining,1
2016,East Melbourne,Arts and Recreation Services,13
2016,East Melbourne,Business Services,17
2016,Melbourne (Remainder),Business Services,6
2016,North Melbourne,Arts and Recreation Services,3
2016,North Melbourne,Real Estate Services,12
2016,North Melbourne,Retail Trade,1
2016,North Melbourne,Wholesale Trade,4
2016,Parkville,Retail Trade,21
2016,Port Melbourne,Admin and Support Services,3
2015,Melbourne (CBD),Admin and Support Services,82
2015,Melbourne (CBD),Real Estate Services,1
2015,Melbourne (CBD),Wholesale Trade,7
2015,Melbourne (CBD),Wholesale Trade,105
2015,North Melbourne,Food Catering Services,11
2015,North Melbourne,Education and Training,1
2015,North Melbourne,Health Care and Social Assistance,90
2015,Parkville,Arts and Recreation Services,8
2015,Parkville,Real Estate Services,1
2015,Port Melbourne,Retail Trade,20
2015,South Yarra,Food and Beverage Services,5
2015,South Yarra,Arts and Recreation Services,4
2015,South Yarra,Other Services,8
2015,Southbank,Public Administration and Safety,4
2015,Southbank,Retail Trade,219
2015,West Melbourne (Industrial),"Transport, Postal and Storage",5
2015,West Melbourne (Residential),Food and Beverage Services,55
2015,West Melbourne (Residential),Other Services,4
2014,Carlton,Food Catering Services,7
2014,Carlton,"Electricity, Gas, Water",14
2014,Carlton,Other Services,21
2014,Carlton,Retail Trade,4
2014,Docklands,Arts and Recreation Services,12
2014,Docklands,Education and Training,9
2014,East Melbourne,Admin and Support Services,9
2014,East Melbourne,Business Services,16
2014,Kensington,Arts and Recreation Services,14
2014,Kensington,Construction,19
2014,Kensington,Information Media,3
2014,Kensington,Manufacturing,9
2014,Kensington,Retail Trade,3
2014,Melbourne (CBD),Admin and Support Services,5
2014,Melbourne (CBD),Arts and Recreation Services,15
2014,Melbourne (CBD),Construction,3
2014,Melbourne (CBD),Health Care and Social Assistance,4
2014,Melbourne (CBD),Public Administration and Safety,55
2014,Melbourne (CBD),Retail Trade,5
2014,Melbourne (CBD),"Transport, Postal and Storage",23
2014,Melbourne (Remainder),Arts and Recreation Services,8
2014,Melbourne (Remainder),Arts and Recreation Services,27
2014,Melbourne (Remainder),Construction,4
2014,Melbourne (Remainder),Finance and Insurance,28
2014,Melbourne (Remainder),Business Services,51
2014,Melbourne (Remainder),Rental and Hiring Services,1
2014,North Melbourne,Food and Beverage Services,99
2014,North Melbourne,Real Estate Services,10
2014,Parkville,Food Catering Services,9
2014,Port Melbourne,Arts and Recreation Services,6
2014,Port Melbourne,Manufacturing,5
2014,Port Melbourne,Business Services,1
2014,Port Melbourne,Public Administration and Safety,3
2014,Port Melbourne,Rental and Hiring Services,8
2014,Port Melbourne,"Transport, Postal and Storage",2
2014,Port Melbourne,"Transport, Postal and Storage",11
2014,South Yarra,Information Media,1
2014,Southbank,Admin and Support Services,1
2014,Southbank,Information Media,3
2014,Southbank,Business Services,1
2014,Southbank,Business Services,69
2014,West Melbourne (Industrial),Manufacturing,6
2014,West Melbourne (Industrial),Other Services,1
2014,West Melbourne (Industrial),"Transport, Postal and Storage",5
2014,West Melbourne (Residential),Admin and Support Services,9
2014,West Melbourne (Residential),Education and Training,7
2014,West Melbourne (Residential),"Electricity, Gas, Water",8
2014,West Melbourne (Residential),Finance and Insurance,1
2014,West Melbourne (Residential),Finance and Insurance,12
2014,West Melbourne (Residential),Other Services,3
2014,West Melbourne (Residential),Rental and Hiring Services,2
2013,Carlton,Retail Trade,5
2013,Docklands,Arts and Recreation Services,1
2013,Docklands,Construction,13
2013,Docklands,Finance and Insurance,6
2013,Docklands,Finance and Insurance,16
2013,Docklands,Information Media,12
2013,Docklands,Other Services,1
2013,Docklands,Business Services,4
2013,Docklands,Business Services,10
2013,Docklands,Public Administration and Safety,5
2013,Docklands,Public Administration and Safety,5
2013,East Melbourne,Arts and Recreation Services,8
2013,East Melbourne,Education and Training,1
2013,East Melbourne,Education and Training,4
2013,East Melbourne,Business Services,1
2013,East Melbourne,Real Estate Services,1
2013,East Melbourne,Wholesale Trade,1
2013,Kensington,Food and Beverage Services,2
2013,Kensington,Admin and Support Services,1
2013,Kensington,Admin and Support Services,5
2013,Kensington,Arts and Recreation Services,55
2013,Kensington,Construction,3
2013,Kensington,Finance and Insurance,3
2013,Melbourne (CBD),Real Estate Services,12
2013,Melbourne (CBD),Wholesale Trade,104
2013,Melbourne (Remainder),Admin and Support Services,1
2013,Melbourne (Remainder),Education and Training,3
2013,Melbourne (Remainder),Health Care and Social Assistance,3
2013,Melbourne (Remainder),Business Services,51
2013,Melbourne (Remainder),Real Estate Services,8
2013,North Melbourne,Food Catering Services,5
2013,North Melbourne,Health Care and Social Assistance,2
2013,North Melbourne,Rental and Hiring Services,8
2013,North Melbourne,"Transport, Postal and Storage",27
2013,Parkville,Business Services,8
2013,Port Melbourne,Public Administration and Safety,3
2013,Port Melbourne,"Transport, Postal and Storage",2
2013,South Yarra,"Electricity, Gas, Water",5
2013,Southbank,Food Catering Services,7
2013,Southbank,Food and Beverage Services,52
2013,Southbank,"Electricity, Gas, Water",1
2013,Southbank,Information Media,11
2013,West Melbourne (Industrial),Arts and Recreation Services,3
2013,West Melbourne (Industrial),"Electricity, Gas, Water",3
2013,West Melbourne (Industrial),Rental and Hiring Services,6
2013,West Melbourne (Residential),Arts and Recreation Services,8
2013,West Melbourne (Residential),Business Services,2
2013,West Melbourne (Residential),"Transport, Postal and Storage",1
2012,Carlton,Food and Beverage Services,3
2012,Docklands,Arts and Recreation Services,10
2012,Docklands,Retail Trade,2
2012,East Melbourne,Arts and Recreation Services,1
2012,East Melbourne,Construction,1
2012,East Melbourne,Finance and Insurance,13
2012,Kensington,Arts and Recreation Services,2
2012,Kensington,Finance and Insurance,3
2012,Melbourne (CBD),Admin and Support Services,6
2012,Melbourne (CBD),Agriculture and Mining,3
2012,Melbourne (CBD),Construction,2
2012,Melbourne (CBD),"Electricity, Gas, Water",4
2012,Melbourne (CBD),Finance and Insurance,1
2012,Melbourne (CBD),Information Media,38
2012,Melbourne (CBD),Business Services,306
2012,Melbourne (CBD),"Transport, Postal and Storage",20
2012,Melbourne (CBD),"Transport, Postal and Storage",55
2012,Melbourne (Remainder),Arts and Recreation Services,9
2012,Melbourne (Remainder),Business Services,24
2012,North Melbourne,Construction,5
2012,North Melbourne,Health Care and Social Assistance,1
2012,North Melbourne,Business Services,132
2012,North Melbourne,Retail Trade,99
2012,Parkville,Admin and Support Services,1
2012,Parkville,Education and Training,8
2012,Parkville,Business Services,8
2012,Parkville,Real Estate Services,1
2012,Port Melbourne,"Electricity, Gas, Water",6
2012,Port Melbourne,Public Administration and Safety,1
2012,Port Melbourne,Public Administration and Safety,1
2012,Port Melbourne,Public Administration and Safety,3
2012,Port Melbourne,"Transport, Postal and Storage",20
2012,Southbank,Arts and Recreation Services,13
2012,Southbank,Construction,16
2012,Southbank,Finance and Insurance,1
2012,West Melbourne (Industrial),Construction,3
2012,West Melbourne (Industrial),Education and Training,1
2012,West Melbourne (Industrial),Business Services,2
2012,West Melbourne (Industrial),Public Administration and Safety,2
2012,West Melbourne (Residential),Construction,10
2012,West Melbourne (Residential),Health Care and Social Assistance,2
2012,West Melbourne (Residential),Health Care and Social Assistance,11
2012,West Melbourne (Residential),Information Media,9
2012,West Melbourne (Residential),Real Estate Services,4
2011,Carlton,Food Catering Services,4
2011,Carlton,Arts and Recreation Services,1
2011,Carlton,Arts and Recreation Services,4
2011,Carlton,Health Care and Social Assistance,84
2011,Carlton,Business Services,131
2011,Kensington,Food and Beverage Services,1
2011,Kensington,Information Media,2
2011,Kensington,Retail Trade,5
2011,West Melbourne (Residential),Information Media,4
2011,West Melbourne (Residential),Public Administration and Safety,1
2010,Carlton,Finance and Insurance,35
2010,Carlton,Public Administration and Safety,12
2010,Carlton,Wholesale Trade,1
2010,Docklands,Construction,2
2010,Docklands,Finance and Insurance,5
2010,Docklands,Information Media,4
2010,Docklands,Manufacturing,3
2010,Docklands,Agriculture and Mining,2
2010,Docklands,Business Services,4
2010,Docklands,Retail Trade,2
2010,East Melbourne,"Electricity, Gas, Water",1
2010,East Melbourne,Finance and Insurance,7
2010,East Melbourne,Finance and Insurance,10
2010,East Melbourne,Information Media,6
2010,East Melbourne,Public Administration and Safety,9
2010,Kensington,Food and Beverage Services,1
2010,Kensington,Information Media,4
2010,Kensington,Manufacturing,27
2010,Kensington,Public Administration and Safety,1
2010,Kensington,Public Administration and Safety,2
2010,Kensington,Retail Trade,25
2010,Kensington,"Transport, Postal and Storage",3
2010,Melbourne (CBD),Construction,2
2010,Melbourne (CBD),Construction,15
2010,Melbourne (Remainder),Food and Beverage Services,28
2010,Melbourne (Remainder),"Electricity, Gas, Water",1
2010,Parkville,Food and Beverage Services,4
2010,Parkville,Other Services,3
2010,Port Melbourne,Arts and Recreation Services,6
2010,Port Melbourne,Health Care and Social Assistance,1
2010,Port Melbourne,Information Media,2
2010,Port Melbourne,Other Services,8
2010,Southbank,Food Catering Services,2
2010,Southbank,Education and Training,5
2010,West Melbourne (Industrial),Admin and Support Services,1
2010,West Melbourne (Industrial),Public Administration and Safety,3
2010,West Melbourne (Residential),"Electricity, Gas, Water",1
2010,West Melbourne (Residential),Manufacturing,1
2009,Carlton,Other Services,21
2009,Carlton,Public Administration and Safety,1
2009,Carlton,Wholesale Trade,1
2009,Docklands,Retail Trade,277
2009,Docklands,"Transport, Postal and Storage",7
2009,Docklands,"Transport, Postal and Storage",3
2009,East Melbourne,Food and Beverage Services,1
2009,East Melbourne,"Electricity, Gas, Water",1
2009,East Melbourne,Business Services,19
2009,Kensington,Wholesale Trade,29
2009,Melbourne (CBD),Admin and Support Services,85
2009,Melbourne (CBD),Arts and Recreation Services,129
2009,Melbourne (CBD),"Electricity, Gas, Water",6
2009,Melbourne (CBD),Information Media,144
2009,Melbourne (CBD),Real Estate Services,138
2009,Melbourne (CBD),"Transport, Postal and Storage",4
2009,Melbourne (Remainder),Admin and Support Services,3
2009,Melbourne (Remainder),Retail Trade,1
2009,North Melbourne,Construction,7
2009,North Melbourne,Business Services,136
2009,North Melbourne,Public Administration and Safety,9
2009,North Melbourne,Retail Trade,109
2009,Parkville,Food Catering Services,5
2009,Parkville,Arts and Recreation Services,22
2009,Parkville,Education and Training,2
2009,Parkville,Health Care and Social Assistance,3
2009,Parkville,Other Services,5
2009,Parkville,Business Services,7
2009,Parkville,Business Services,6
2009,Port Melbourne,"Electricity, Gas, Water",1
2009,South Yarra,Retail Trade,9
2009,Southbank,"Electricity, Gas, Water",19
2009,Southbank,Information Media,1
2009,Southbank,Business Services,51
2009,Southbank,Rental and Hiring Services,6
2009,West Melbourne (Industrial),Business Services,2
2009,West Melbourne (Industrial),Rental and Hiring Services,4
2009,West Melbourne (Residential),Arts and Recreation Services,8
2009,West Melbourne (Residential),Construction,10
2009,West Melbourne (Residential),Information Media,8
2009,West Melbourne (Residential),Other Services,53
2009,West Melbourne (Residential),Business Services,14
2009,West Melbourne (Residential),Real Estate Services,1
2009,West Melbourne (Residential),"Transport, Postal and Storage",1
2008,Carlton,Food Catering Services,6
2008,Carlton,Information Media,15
2008,Carlton,Business Services,2
2008,Carlton,"Transport, Postal and Storage",6
2008,Docklands,Business Services,44
2008,Docklands,Rental and Hiring Services,3
2008,Docklands,"Transport, Postal and Storage",25
2008,East Melbourne,Health Care and Social Assistance,5
2008,East Melbourne,Information Media,5
2008,East Melbourne,Manufacturing,1
2008,Kensington,Food Catering Services,1
2008,Kensington,Public Administration and Safety,2
2008,Kensington,Retail Trade,2
2008,Melbourne (CBD),Arts and Recreation Services,1
2008,Melbourne (CBD),Construction,14
2008,Melbourne (CBD),Business Services,45
2008,North Melbourne,Rental and Hiring Services,1
2008,Port Melbourne,Admin and Support Services,2
2008,Port Melbourne,Other Services,1
2008,Port Melbourne,"Transport, Postal and Storage",2
2008,Port Melbourne,"Transport, Postal and Storage",2
2008,Southbank,Agriculture and Mining,1
2008,Southbank,Other Services,3
2008,Southbank,Retail Trade,5
2008,West Melbourne (Industrial),Other Services,4
2008,West Melbourne (Industrial),"Transport, Postal and Storage",25
2004,Melbourne (CBD),Food Catering Services,1
2004,Melbourne (CBD),Retail Trade,6
2004,Melbourne (Remainder),Food Catering Services,1
2004,Melbourne (Remainder),Education and Training,3
2004,North Melbourne,Information Media,1
2004,North Melbourne,Retail Trade,90
2004,Parkville,Other Services,2
2004,Parkville,Other Services,19
2004,Port Melbourne,Business Services,11
2004,Port Melbourne,Public Administration and Safety,1
2004,Port Melbourne,Retail Trade,2
2004,Port Melbourne,"Transport, Postal and Storage",2
2004,South Yarra,Other Services,1
2004,South Yarra,Other Services,9
2004,West Melbourne (Industrial),Admin and Support Services,1
2004,West Melbourne (Industrial),Finance and Insurance,1
2004,West Melbourne (Industrial),Information Media,2
2004,West Melbourne (Industrial),Manufacturing,14
2004,West Melbourne (Industrial),Retail Trade,1
2004,West Melbourne (Industrial),"Transport, Postal and Storage",36
2004,West Melbourne (Residential),Food Catering Services,1
2003,Carlton,Information Media,1
2003,Carlton,Manufacturing,1
2003,Carlton,Other Services,18
2003,Carlton,Other Services,13
2003,Carlton,Business Services,5
2003,Docklands,Food Catering Services,2
2003,Docklands,"Electricity, Gas, Water",5
2003,Docklands,Business Services,1
2003,Docklands,Retail Trade,1
2003,Docklands,"Transport, Postal and Storage",2
2003,Docklands,"Transport, Postal and Storage",11
2003,East Melbourne,Food Catering Services,16
2003,East Melbourne,Food and Beverage Services,27
2003,East Melbourne,Finance and Insurance,7
2003,East Melbourne,Health Care and Social Assistance,12
2003,East Melbourne,Health Care and Social Assistance,1
2003,East Melbourne,Information Media,6
2003,East Melbourne,Manufacturing,1
2003,Kensington,Arts and Recreation Services,7
2003,Kensington,"Transport, Postal and Storage",1
2003,Kensington,Wholesale Trade,23
2003,Melbourne (CBD),Arts and Recreation Services,7
2003,Melbourne (CBD),Construction,57
2003,Melbourne (CBD),Information Media,5
2003,Melbourne (CBD),Other Services,44
2003,Melbourne (CBD),Public Administration and Safety,25
2003,Melbourne (CBD),Wholesale Trade,2
2003,Melbourne (Remainder),Retail Trade,1
2003,Parkville,Food and Beverage Services,4
2003,Parkville,Public Administration and Safety,3
2003,Port Melbourne,Construction,4
2003,Southbank,Food Catering Services,3
2003,Southbank,Arts and Recreation Services,4
2003,Southbank,Health Care and Social Assistance,1
2003,Southbank,Agriculture and Mining,1
2003,Southbank,Public Administration and Safety,1
2003,West Melbourne (Industrial),Admin and Support Services,4
2002,Carlton,Food and Beverage Services,11
2002,Docklands,Arts and Recreation Services,1
2002,Docklands,Arts and Recreation Services,1
2002,Docklands,Construction,3
2002,Docklands,Real Estate Services,4
2002,Docklands,"Transport, Postal and Storage",22
2002,East Melbourne,Food Catering Services,2
2002,East Melbourne,Health Care and Social Assistance,1
2002,East Melbourne,Public Administration and Safety,8
2002,East Melbourne,Retail Trade,1
2002,Kensington,Food and Beverage Services,10
2002,Kensington,Food Catering Services,1
2002,Kensington,Arts and Recreation Services,39
2002,Kensington,Education and Training,1
2002,Kensington,Health Care and Social Assistance,7
2002,Kensington,"Transport, Postal and Storage",1
2002,Melbourne (CBD),Food and Beverage Services,87
2002,Melbourne (CBD),Agriculture and Mining,6
2002,Melbourne (CBD),Arts and Recreation Services,69
2002,Melbourne (CBD),Manufacturing,275
2002,Melbourne (CBD),Agriculture and Mining,25
2002,Melbourne (CBD),Other Services,57
2002,Melbourne (CBD),Business Services,38
2002,Melbourne (CBD),Business Services,228
2002,Melbourne (CBD),Business Services,5
2002,Melbourne (CBD),Business Services,1072
2002,Melbourne (CBD),Public Administration and Safety,65
2002,Melbourne (CBD),"Transport, Postal and Storage",85
2002,Melbourne (Remainder),Construction,2
2002,Melbourne (Remainder),"Electricity, Gas, Water",1
2002,North Melbourne,Construction,15
2002,North Melbourne,Information Media,2
2002,North Melbourne,Manufacturing,56
2002,North Melbourne,Rental and Hiring Services,1
2002,North Melbourne,Retail Trade,2
2002,Parkville,Food Catering Services,8
2002,Parkville,Business Services,3
2002,Parkville,Wholesale Trade,3
2002,Port Melbourne,Arts and Recreation Services,1
2002,Port Melbourne,Finance and Insurance,2
2002,Port Melbourne,Manufacturing,12
2002,South Yarra,Arts and Recreation Services,3
2002,South Yarra,Education and Training,3
2002,South Yarra,Other Services,8
2002,South Yarra,Public Administration and Safety,2
2002,Southbank,Arts and Recreation Services,20
2002,Southbank,"Electricity, Gas, Water",18
2002,Southbank,Information Media,5
2002,Southbank,Information Media,1
2002,Southbank,Other Services,38
2002,Southbank,Rental and Hiring Services,1
2002,West Melbourne (Industrial),Finance and Insurance,1
2002,West Melbourne (Residential),Admin and Support Services,10
2002,West Melbourne (Residential),Agriculture and Mining,1
2023,City of Melbourne (total),Business Services,14
2023,City of Melbourne (total),Rental and Hiring Services,2
2023,City of Melbourne (total),Retail Trade,141
2022,City of Melbourne (total),Agriculture and Mining,3
2022,City of Melbourne (total),Education and Training,28
2022,City of Melbourne (total),Information Media,98
2022,City of Melbourne (total),Manufacturing,9
2022,City of Melbourne (total),Other Services,6
2021,City of Melbourne (total),Agriculture and Mining,3
2021,City of Melbourne (total),"Electricity, Gas, Water",15
2021,City of Melbourne (total),Other Services,1153
2021,City of Melbourne (total),Business Services,78
2021,City of Melbourne (total),Public Administration and Safety,12
2021,City of Melbourne (total),Wholesale Trade,6
2020,City of Melbourne (total),Construction,18
2020,City of Melbourne (total),Manufacturing,15
2020,City of Melbourne (total),Agriculture and Mining,4
2020,City of Melbourne (total),Agriculture and Mining,5
2020,City of Melbourne (total),Other Services,1182
2020,City of Melbourne (total),Other Services,112
2020,City of Melbourne (total),Rental and Hiring Services,2
2019,City of Melbourne (total),Arts and Recreation Services,20
2019,City of Melbourne (total),Education and Training,377
2019,City of Melbourne (total),"Electricity, Gas, Water",17
2019,City of Melbourne (total),"Electricity, Gas, Water",12
2019,City of Melbourne (total),Finance and Insurance,55
2019,City of Melbourne (total),Manufacturing,398
2019,City of Melbourne (total),Agriculture and Mining,5
2019,City of Melbourne (total),Public Administration and Safety,113
2019,City of Melbourne (total),Public Administration and Safety,135
2019,City of Melbourne (total),Real Estate Services,14
2019,City of Melbourne (total),Rental and Hiring Services,1
2018,City of Melbourne (total),Food Catering Services,49
2018,City of Melbourne (total),Food and Beverage Services,21
2018,City of Melbourne (total),Arts and Recreation Services,95
2018,City of Melbourne (total),"Electricity, Gas, Water",12
2017,City of Melbourne (total),Food and Beverage Services,20
2017,City of Melbourne (total),Admin and Support Services,473
2017,City of Melbourne (total),Admin and Support Services,133
2017,City of Melbourne (total),Other Services,196
2017,City of Melbourne (total),Other Services,1280
2017,City of Melbourne (total),Business Services,14
2017,City of Melbourne (total),Real Estate Services,61
2017,City of Melbourne (total),Wholesale Trade,352
2016,City of Melbourne (total),Agriculture and Mining,5
2016,City of Melbourne (total),Arts and Recreation Services,236
2016,City of Melbourne (total),Education and Training,351
2016,City of Melbourne (total),"Electricity, Gas, Water",148
2016,City of Melbourne (total),"Electricity, Gas, Water",11
2016,City of Melbourne (total),Manufacturing,64
2016,City of Melbourne (total),Agriculture and Mining,30
2016,City of Melbourne (total),Wholesale Trade,9
2015,City of Melbourne (total),Food Catering Services,135
2015,City of Melbourne (total),Food and Beverage Services,7
2015,City of Melbourne (total),Agriculture and Mining,3
2015,City of Melbourne (total),Information Media,22
2015,City of Melbourne (total),Real Estate Services,15
2015,City of Melbourne (total),Retail Trade,2281
2014,City of Melbourne (total),Admin and Support Services,112
2014,City of Melbourne (total),Finance and Insurance,673
2014,City of Melbourne (total),Public Administration and Safety,1
2014,City of Melbourne (total),Public Administration and Safety,123
2013,City of Melbourne (total),Food and Beverage Services,19
2013,City of Melbourne (total),Food and Beverage Services,304
2013,City of Melbourne (total),Arts and Recreation Services,96
2013,City of Melbourne (total),Construction,15
2013,City of Melbourne (total),Health Care and Social Assistance,10
2013,City of Melbourne (total),Health Care and Social Assistance,110
2013,City of Melbourne (total),Other Services,90
2013,City of Melbourne (total),Business Services,525
2013,City of Melbourne (total),Real Estate Services,13
2013,City of Melbourne (total),Rental and Hiring Services,3
2012,City of Melbourne (total),Food and Beverage Services,1978
2012,City of Melbourne (total),Admin and Support Services,9
2012,City of Melbourne (total),Construction,67
2012,City of Melbourne (total),Health Care and Social Assistance,908
2012,City of Melbourne (total),Public Administration and Safety,127
2012,City of Melbourne (total),"Transport, Postal and Storage",18
2011,City of Melbourne (total),Food Catering Services,23
2011,City of Melbourne (total),Arts and Recreation Services,210
2011,City of Melbourne (total),Construction,213
2011,City of Melbourne (total),Education and Training,174
2011,City of Melbourne (total),Other Services,151
2010,City of Melbourne (total),Admin and Support Services,132
2010,City of Melbourne (total),Finance and Insurance,185
2010,City of Melbourne (total),Rental and Hiring Services,8
2009,City of Melbourne (total),Food and Beverage Services,1818
2009,City of Melbourne (total),"Electricity, Gas, Water",8
2009,City of Melbourne (total),Finance and Insurance,52
2009,City of Melbourne (total),Information Media,37
2009,City of Melbourne (total),Agriculture and Mining,1
2009,City of Melbourne (total),Other Services,122
2009,City of Melbourne (total),Real Estate Services,229
2009,City of Melbourne (total),Rental and Hiring Services,61
2009,City of Melbourne (total),Rental and Hiring Services,1
2008,City of Melbourne (total),Arts and Recreation Services,15
2008,City of Melbourne (total),Education and Training,331
2008,City of Melbourne (total),Manufacturing,5
2008,City of Melbourne (total),Other Services,94
2008,City of Melbourne (total),Other Services,3
2008,City of Melbourne (total),Public Administration and Safety,4
2008,City of Melbourne (total),Retail Trade,27
2008,City of Melbourne (total),Wholesale Trade,6
2007,City of Melbourne (total),Arts and Recreation Services,227
2007,City of Melbourne (total),Arts and Recreation Services,66
2007,City of Melbourne (total),Education and Training,127
2007,City of Melbourne (total),Finance and Insurance,12
2007,City of Melbourne (total),Health Care and Social Assistance,825
2007,City of Melbourne (total),Health Care and Social Assistance,16
2007,City of Melbourne (total),Business Services,45
2007,City of Melbourne (total),Wholesale Trade,559
2006,City of Melbourne (total),Food and Beverage Services,12
2006,City of Melbourne (total),Arts and Recreation Services,64
2006,City of Melbourne (total),Information Media,26
2005,City of Melbourne (total),Arts and Recreation Services,167
2005,City of Melbourne (total),Information Media,264
2005,City of Melbourne (total),Retail Trade,97
2004,City of Melbourne (total),Food Catering Services,16
2004,City of Melbourne (total),Food Catering Services,119
2004,City of Melbourne (total),Other Services,91
2004,City of Melbourne (total),Business Services,340
2003,City of Melbourne (total),Admin and Support Services,8
2003,City of Melbourne (total),Arts and Recreation Services,151
2003,City of Melbourne (total),Education and Training,15
2003,City of Melbourne (total),Information Media,28
2003,City of Melbourne (total),Other Services,954
2003,City of Melbourne (total),Real Estate Services,26
2003,City of Melbourne (total),Retail Trade,9
2003,City of Melbourne (total),"Transport, Postal and Storage",73
2003,City of Melbourne (total),Wholesale Trade,4
2002,City of Melbourne (total),Finance and Insurance,181
2002,City of Melbourne (total),Health Care and Social Assistance,688
2002,City of Melbourne (total),Manufacturing,462
2002,City of Melbourne (total),Agriculture and Mining,4
2002,City of Melbourne (total),Business Services,7
2002,City of Melbourne (total),Real Estate Services,1
2002,City of Melbourne (total),"Transport, Postal and Storage",229
2002,City of Melbourne (total),"Transport, Postal and Storage",78
2002,City of Melbourne (total),"Transport, Postal and Storage",14
2008,West Melbourne (Residential),Education and Training,9
2008,West Melbourne (Residential),"Electricity, Gas, Water",9
2008,West Melbourne (Residential),Other Services,57
2008,West Melbourne (Residential),Public Administration and Safety,9
2008,West Melbourne (Residential),Wholesale Trade,5
2007,Carlton,Admin and Support Services,5
2007,Carlton,Agriculture and Mining,1
2007,Carlton,Arts and Recreation Services,15
2007,Carlton,Construction,9
2007,Carlton,Business Services,2
2007,Carlton,Business Services,15
2007,Carlton,Business Services,4
2007,Carlton,Rental and Hiring Services,2
2007,Docklands,Admin and Support Services,3
2007,Docklands,Arts and Recreation Services,1
2007,Docklands,Arts and Recreation Services,6
2007,Docklands,Construction,10
2007,Docklands,Health Care and Social Assistance,9
2007,Docklands,Information Media,6
2007,Docklands,Retail Trade,3
2007,Docklands,Wholesale Trade,1
2007,East Melbourne,Arts and Recreation Services,16
2007,Kensington,Arts and Recreation Services,2
2007,Kensington,"Transport, Postal and Storage",1
2007,Melbourne (CBD),Wholesale Trade,9
2007,Melbourne (Remainder),Food and Beverage Services,18
2007,Melbourne (Remainder),"Transport, Postal and Storage",1
2007,North Melbourne,Food and Beverage Services,4
2007,Parkville,Arts and Recreation Services,1
2007,West Melbourne (Residential),Manufacturing,5
2006,Carlton,Admin and Support Services,31
2006,Carlton,Education and Training,19
2006,Carlton,Education and Training,4
2006,Carlton,Other Services,2
2006,Carlton,Wholesale Trade,3
2006,Docklands,Public Administration and Safety,3
2006,Docklands,"Transport, Postal and Storage",1
2006,East Melbourne,Food Catering Services,2
2006,East Melbourne,Food Catering Services,16
2006,East Melbourne,"Electricity, Gas, Water",5
2006,East Melbourne,Manufacturing,1
2006,East Melbourne,Other Services,1
2006,East Melbourne,Other Services,36
2006,East Melbourne,Public Administration and Safety,2
2006,East Melbourne,Public Administration and Safety,6
2006,Kensington,Food and Beverage Services,8
2006,Kensington,Arts and Recreation Services,41
2006,Kensington,Arts and Recreation Services,9
2006,Kensington,Education and Training,1
2006,Kensington,Information Media,1
2006,Kensington,"Transport, Postal and Storage",1
2006,Melbourne (CBD),Food and Beverage Services,1
2006,Melbourne (CBD),Agriculture and Mining,6
2006,Melbourne (CBD),"Electricity, Gas, Water",34
2006,Melbourne (CBD),Information Media,51
2006,Melbourne (CBD),Manufacturing,2
2006,Melbourne (CBD),Agriculture and Mining,33
2006,Melbourne (CBD),Other Services,531
2006,Melbourne (CBD),Public Administration and Safety,78
2006,Melbourne (CBD),Retail Trade,1503
2006,Melbourne (CBD),"Transport, Postal and Storage",19
2006,Melbourne (CBD),Wholesale Trade,126
2006,Melbourne (Remainder),Food and Beverage Services,2
2006,Melbourne (Remainder),Food and Beverage Services,5
2006,Melbourne (Remainder),Admin and Support Services,1
2006,Melbourne (Remainder),Arts and Recreation Services,10
2006,Melbourne (Remainder),Education and Training,1
2006,Melbourne (Remainder),Finance and Insurance,25
2006,Melbourne (Remainder),Health Care and Social Assistance,1
2006,Melbourne (Remainder),Other Services,3
2006,Melbourne (Remainder),"Transport, Postal and Storage",1
2006,North Melbourne,Food and Beverage Services,3
2006,North Melbourne,Food Catering Services,3
2006,North Melbourne,Agriculture and Mining,2
2006,North Melbourne,Construction,5
2006,North Melbourne,Health Care and Social Assistance,5
2006,North Melbourne,Information Media,35
2006,North Melbourne,Public Administration and Safety,3
2006,North Melbourne,Wholesale Trade,50
2006,Parkville,Agriculture and Mining,1
2006,Parkville,Information Media,1
2006,Parkville,Public Administration and Safety,3
2006,South Yarra,Food and Beverage Services,4
2006,South Yarra,Education and Training,5
2006,South Yarra,Other Services,1
2006,Southbank,Admin and Support Services,13
2006,Southbank,Construction,8
2006,Southbank,"Electricity, Gas, Water",1
2006,Southbank,Agriculture and Mining,1
2006,Southbank,Business Services,1
2006,Southbank,Rental and Hiring Services,1
2006,Southbank,"Transport, Postal and Storage",7
2006,West Melbourne (Industrial),"Electricity, Gas, Water",1
2006,West Melbourne (Residential),Food Catering Services,6
2006,West Melbourne (Residential),Arts and Recreation Services,11
2006,West Melbourne (Residential),Manufacturing,29
2006,West Melbourne (Residential),Other Services,63
2006,West Melbourne (Residential),Business Services,2
2006,West Melbourne (Residential),Rental and Hiring Services,1
2006,West Melbourne (Residential),"Transport, Postal and Storage",1
2006,West Melbourne (Residential),"Transport, Postal and Storage",1
2005,Southbank,Finance and Insurance,7
2005,Southbank,Information Media,4
2005,West Melbourne (Residential),Admin and Support Services,5
2005,West Melbourne (Residential),Manufacturing,5
2005,West Melbourne (Residential),Wholesale Trade,4
2004,Carlton,Admin and Support Services,33
2004,Carlton,Health Care and Social Assistance,15
2004,Carlton,Business Services,17
2004,Carlton,Public Administration and Safety,8
2004,Carlton,Retail Trade,1
2004,Docklands,Admin and Support Services,1
2004,Docklands,Agriculture and Mining,1
2004,East Melbourne,Health Care and Social Assistance,1
2004,East Melbourne,Other Services,38
2004,East Melbourne,Public Administration and Safety,3
2004,Kensington,Manufacturing,15
2004,Kensington,Public Administration and Safety,1
2004,Melbourne (CBD),Agriculture and Mining,7
2004,Melbourne (CBD),Construction,56
2004,Melbourne (CBD),Education and Training,42
2004,Melbourne (CBD),Manufacturing,278
2004,Melbourne (CBD),Agriculture and Mining,2
2004,Melbourne (CBD),Other Services,34
2004,Melbourne (CBD),Other Services,510
2004,Melbourne (CBD),Rental and Hiring Services,1
2004,Melbourne (CBD),"Transport, Postal and Storage",23
2004,Melbourne (CBD),Wholesale Trade,7
2004,Melbourne (Remainder),Food and Beverage Services,1
2004,Melbourne (Remainder),Finance and Insurance,3
2004,Melbourne (Remainder),Health Care and Social Assistance,4
2004,Melbourne (Remainder),Manufacturing,5
2004,Melbourne (Remainder),Agriculture and Mining,1
2004,Melbourne (Remainder),Public Administration and Safety,3
2004,Melbourne (Remainder),Real Estate Services,7
2004,North Melbourne,Food and Beverage Services,72
2004,North Melbourne,Construction,15
2004,North Melbourne,Education and Training,9
2004,North Melbourne,"Electricity, Gas, Water",1
2004,North Melbourne,Manufacturing,2
2004,North Melbourne,Agriculture and Mining,1
2004,North Melbourne,Wholesale Trade,4
2004,Parkville,Arts and Recreation Services,13
2004,Parkville,Health Care and Social Assistance,37
2004,Parkville,Information Media,1
2004,Parkville,Manufacturing,1
2004,Parkville,Business Services,9
2004,Parkville,Public Administration and Safety,3
2004,Parkville,"Transport, Postal and Storage",3
2004,Port Melbourne,"Electricity, Gas, Water",5
2004,Port Melbourne,Real Estate Services,1
2004,South Yarra,Information Media,1
2004,Southbank,Manufacturing,5
2004,West Melbourne (Industrial),Business Services,3
2004,West Melbourne (Industrial),Public Administration and Safety,2
2004,West Melbourne (Industrial),Retail Trade,6
2004,West Melbourne (Residential),Agriculture and Mining,1
2004,West Melbourne (Residential),Other Services,61
2003,Carlton,Construction,1
2003,Carlton,Health Care and Social Assistance,15
2003,Carlton,Information Media,18
2003,Docklands,Food and Beverage Services,24
2003,Docklands,Arts and Recreation Services,2
2003,East Melbourne,Food and Beverage Services,1
2003,East Melbourne,Arts and Recreation Services,1
2003,East Melbourne,"Electricity, Gas, Water",1
2003,East Melbourne,Other Services,1
2003,Port Melbourne,"Transport, Postal and Storage",2
2003,Southbank,Admin and Support Services,3
2003,Southbank,Admin and Support Services,4
2003,Southbank,Finance and Insurance,1
2003,Southbank,Public Administration and Safety,2
2003,Southbank,Retail Trade,8
2003,West Melbourne (Industrial),Food and Beverage Services,10
2003,West Melbourne (Residential),Food and Beverage Services,1
2003,West Melbourne (Residential),Health Care and Social Assistance,5
2003,West Melbourne (Residential),Information Media,14
2003,West Melbourne (Residential),Manufacturing,30
2003,West Melbourne (Residential),"Transport, Postal and Storage",21
2002,Carlton,Food and Beverage Services,3
2002,Carlton,Arts and Recreation Services,15
2002,Carlton,"Electricity, Gas, Water",13
2002,Carlton,Finance and Insurance,33
2002,Carlton,Health Care and Social Assistance,89
2002,Docklands,Food and Beverage Services,4
2002,Docklands,Admin and Support Services,1
2002,Docklands,Admin and Support Services,4
2002,Docklands,"Transport, Postal and Storage",8
2002,East Melbourne,Food and Beverage Services,1
2002,East Melbourne,Other Services,4
2002,Kensington,Construction,1
2002,Kensington,"Electricity, Gas, Water",4
2002,Kensington,Manufacturing,14
2002,Kensington,"Transport, Postal and Storage",3
2002,Melbourne (Remainder),Manufacturing,5
2002,North Melbourne,Food Catering Services,3
2002,North Melbourne,Wholesale Trade,3
2002,Parkville,Public Administration and Safety,1
2002,South Yarra,Food Catering Services,7
2002,Southbank,Health Care and Social Assistance,1
2002,Southbank,Manufacturing,4
2002,Southbank,Agriculture and Mining,1
2002,Southbank,Business Services,60
2002,Southbank,Real Estate Services,1
2002,West Melbourne (Industrial),Manufacturing,6
2002,West Melbourne (Residential),Arts and Recreation Services,4
2002,West Melbourne (Residential),Education and Training,5
2002,West Melbourne (Residential),Finance and Insurance,1
2002,West Melbourne (Residential),Manufacturing,33
2002,West Melbourne (Residential),Public Administration and Safety,4
2023,City of Melbourne (total),Food and Beverage Services,358
2023,City of Melbourne (total),Health Care and Social Assistance,165
2023,City of Melbourne (total),Real Estate Services,7
2023,City of Melbourne (total),Wholesale Trade,7
2022,City of Melbourne (total),Food and Beverage Services,38
2022,City of Melbourne (total),Admin and Support Services,106
2022,City of Melbourne (total),Admin and Support Services,10
2022,City of Melbourne (total),Finance and Insurance,212
2022,City of Melbourne (total),Health Care and Social Assistance,12
2022,City of Melbourne (total),Health Care and Social Assistance,159
2022,City of Melbourne (total),Public Administration and Safety,126
2022,City of Melbourne (total),Retail Trade,6
2021,City of Melbourne (total),Food Catering Services,76
2021,City of Melbourne (total),Finance and Insurance,7
2021,City of Melbourne (total),Finance and Insurance,546
2021,City of Melbourne (total),Health Care and Social Assistance,824
2021,City of Melbourne (total),Information Media,24
2021,City of Melbourne (total),Business Services,1595
2021,City of Melbourne (total),Business Services,613
2021,City of Melbourne (total),Public Administration and Safety,93
2021,City of Melbourne (total),Rental and Hiring Services,39
2021,City of Melbourne (total),Retail Trade,124
2021,City of Melbourne (total),"Transport, Postal and Storage",61
2021,City of Melbourne (total),"Transport, Postal and Storage",17
2020,City of Melbourne (total),Education and Training,33
2020,City of Melbourne (total),Finance and Insurance,577
2020,City of Melbourne (total),Health Care and Social Assistance,160
2020,City of Melbourne (total),Manufacturing,6
2019,City of Melbourne (total),Food and Beverage Services,362
2019,City of Melbourne (total),Admin and Support Services,151
2019,City of Melbourne (total),Health Care and Social Assistance,168
2019,City of Melbourne (total),Information Media,133
2019,City of Melbourne (total),Business Services,68
2018,City of Melbourne (total),"Electricity, Gas, Water",14
2018,City of Melbourne (total),Finance and Insurance,704
2018,City of Melbourne (total),Business Services,627
2018,City of Melbourne (total),Real Estate Services,65
2018,City of Melbourne (total),Rental and Hiring Services,51
2018,City of Melbourne (total),Rental and Hiring Services,7
2017,City of Melbourne (total),Food and Beverage Services,9
2017,City of Melbourne (total),Construction,4
2017,City of Melbourne (total),Business Services,618
2017,City of Melbourne (total),"Transport, Postal and Storage",69
2016,City of Melbourne (total),Admin and Support Services,9
2016,City of Melbourne (total),Construction,243
2016,City of Melbourne (total),Construction,70
2016,City of Melbourne (total),Education and Training,24
2016,City of Melbourne (total),Finance and Insurance,684
2016,City of Melbourne (total),Finance and Insurance,188
2016,City of Melbourne (total),Agriculture and Mining,4
2016,City of Melbourne (total),Other Services,5
2016,City of Melbourne (total),Business Services,67
2016,City of Melbourne (total),Public Administration and Safety,44
2016,City of Melbourne (total),"Transport, Postal and Storage",72
2015,City of Melbourne (total),Food and Beverage Services,2268
2015,City of Melbourne (total),Food and Beverage Services,312
2015,City of Melbourne (total),Arts and Recreation Services,93
2015,City of Melbourne (total),Construction,10
2015,City of Melbourne (total),Finance and Insurance,183
2015,City of Melbourne (total),Business Services,66
2015,City of Melbourne (total),Public Administration and Safety,98
2015,City of Melbourne (total),Real Estate Services,285
2015,City of Melbourne (total),Retail Trade,6
2015,City of Melbourne (total),Wholesale Trade,9
2014,City of Melbourne (total),Food Catering Services,137
2014,City of Melbourne (total),Admin and Support Services,9
2014,City of Melbourne (total),Agriculture and Mining,4
2014,City of Melbourne (total),Construction,4
2014,City of Melbourne (total),"Electricity, Gas, Water",149
2014,City of Melbourne (total),Agriculture and Mining,42
2014,City of Melbourne (total),Agriculture and Mining,9
2014,City of Melbourne (total),Agriculture and Mining,4
2014,City of Melbourne (total),Other Services,181
2014,City of Melbourne (total),Business Services,2121
2014,City of Melbourne (total),Rental and Hiring Services,2
2014,City of Melbourne (total),Rental and Hiring Services,8
2014,City of Melbourne (total),Retail Trade,34
2014,City of Melbourne (total),Wholesale Trade,9
2013,City of Melbourne (total),Food and Beverage Services,2078
2013,City of Melbourne (total),Other Services,166
2013,City of Melbourne (total),Other Services,1205
2013,City of Melbourne (total),Business Services,16
2013,City of Melbourne (total),Public Administration and Safety,122
2012,City of Melbourne (total),Food Catering Services,79
2012,City of Melbourne (total),Admin and Support Services,134
2012,City of Melbourne (total),"Electricity, Gas, Water",14
2012,City of Melbourne (total),"Electricity, Gas, Water",20
2012,City of Melbourne (total),Finance and Insurance,190
2012,City of Melbourne (total),Health Care and Social Assistance,109
2012,City of Melbourne (total),Manufacturing,474
2012,City of Melbourne (total),Business Services,2157
2012,City of Melbourne (total),Public Administration and Safety,49
2011,City of Melbourne (total),Food and Beverage Services,1956
2011,City of Melbourne (total),Arts and Recreation Services,273
2011,City of Melbourne (total),Health Care and Social Assistance,17
2011,City of Melbourne (total),Other Services,88
2011,City of Melbourne (total),Other Services,5
2011,City of Melbourne (total),Real Estate Services,8
2011,City of Melbourne (total),Rental and Hiring Services,2
2010,City of Melbourne (total),Food Catering Services,24
2010,City of Melbourne (total),Food and Beverage Services,1893
2010,City of Melbourne (total),Food and Beverage Services,244
2010,City of Melbourne (total),Education and Training,23
2010,City of Melbourne (total),Finance and Insurance,7
2010,City of Melbourne (total),Finance and Insurance,48
2010,City of Melbourne (total),Information Media,230
2010,City of Melbourne (total),Manufacturing,14
2010,City of Melbourne (total),Agriculture and Mining,47
2010,City of Melbourne (total),Wholesale Trade,8
2009,City of Melbourne (total),Food Catering Services,143
2009,City of Melbourne (total),Food and Beverage Services,241
2009,City of Melbourne (total),Agriculture and Mining,5
2009,City of Melbourne (total),Construction,6
2009,City of Melbourne (total),Construction,194
2007,City of Melbourne (total),Agriculture and Mining,11
2007,City of Melbourne (total),Health Care and Social Assistance,7
2007,City of Melbourne (total),Agriculture and Mining,41
2007,City of Melbourne (total),Agriculture and Mining,8
2007,City of Melbourne (total),Retail Trade,9
2006,City of Melbourne (total),Food Catering Services,128
2006,City of Melbourne (total),Education and Training,115
2006,City of Melbourne (total),Agriculture and Mining,8
2005,City of Melbourne (total),Manufacturing,11
2005,City of Melbourne (total),Business Services,11
2005,City of Melbourne (total),Rental and Hiring Services,3
2004,City of Melbourne (total),Arts and Recreation Services,59
2003,City of Melbourne (total),Food and Beverage Services,1245
2003,City of Melbourne (total),Health Care and Social Assistance,5
2003,City of Melbourne (total),Health Care and Social Assistance,633
2003,City of Melbourne (total),Agriculture and Mining,4
2003,City of Melbourne (total),Other Services,81
2003,City of Melbourne (total),Business Services,15
2003,City of Melbourne (total),Public Administration and Safety,95
2002,City of Melbourne (total),Admin and Support Services,111
2002,City of Melbourne (total),Arts and Recreation Services,148
2002,City of Melbourne (total),Construction,114
2002,City of Melbourne (total),Education and Training,78
2002,City of Melbourne (total),Agriculture and Mining,6
2002,City of Melbourne (total),Business Services,1581
2002,City of Melbourne (total),Public Administration and Safety,3
2002,City of Melbourne (total),Public Administration and Safety,106
2002,City of Melbourne (total),Real Estate Services,144
2002,City of Melbourne (total),Rental and Hiring Services,4
2008,West Melbourne (Industrial),Wholesale Trade,27
2008,West Melbourne (Residential),Admin and Support Services,2
2008,West Melbourne (Residential),Arts and Recreation Services,9
2008,West Melbourne (Residential),Construction,10
2008,West Melbourne (Residential),Finance and Insurance,1
2008,West Melbourne (Residential),"Transport, Postal and Storage",1
2007,Carlton,Food and Beverage Services,16
2007,Carlton,Manufacturing,31
2007,Carlton,Other Services,2
2007,Carlton,Wholesale Trade,1
2007,Carlton,Wholesale Trade,23
2007,Docklands,Construction,5
2007,East Melbourne,Food and Beverage Services,37
2007,East Melbourne,Public Administration and Safety,5
2007,East Melbourne,"Transport, Postal and Storage",2
2007,Kensington,Food and Beverage Services,1
2007,Kensington,Health Care and Social Assistance,1
2007,Kensington,Public Administration and Safety,1
2007,Kensington,Real Estate Services,1
2007,Kensington,Wholesale Trade,14
2007,Melbourne (CBD),Agriculture and Mining,6
2007,Melbourne (CBD),Arts and Recreation Services,14
2007,Melbourne (CBD),"Electricity, Gas, Water",8
2007,Melbourne (CBD),Information Media,143
2007,Melbourne (CBD),Other Services,563
2007,Melbourne (CBD),Real Estate Services,27
2007,Melbourne (CBD),"Transport, Postal and Storage",69
2007,Melbourne (Remainder),Food Catering Services,1
2007,Melbourne (Remainder),Admin and Support Services,1
2007,Melbourne (Remainder),Arts and Recreation Services,4
2007,Melbourne (Remainder),Education and Training,2
2007,Melbourne (Remainder),Health Care and Social Assistance,1
2007,North Melbourne,Information Media,40
2007,North Melbourne,Business Services,132
2007,North Melbourne,Public Administration and Safety,9
2007,North Melbourne,"Transport, Postal and Storage",4
2007,Parkville,Food and Beverage Services,5
2007,Parkville,Arts and Recreation Services,1
2007,Parkville,Education and Training,8
2007,Parkville,Finance and Insurance,10
2007,Parkville,Other Services,1
2007,Parkville,Other Services,5
2007,Port Melbourne,Construction,13
2007,Port Melbourne,Information Media,1
2007,Port Melbourne,Public Administration and Safety,1
2007,Port Melbourne,"Transport, Postal and Storage",19
2007,South Yarra,Education and Training,5
2007,South Yarra,Other Services,9
2007,Southbank,Information Media,5
2007,Southbank,Real Estate Services,15
2007,West Melbourne (Industrial),Other Services,4
2007,West Melbourne (Residential),Food and Beverage Services,45
2007,West Melbourne (Residential),Real Estate Services,1
2007,West Melbourne (Residential),"Transport, Postal and Storage",20
2006,Carlton,Health Care and Social Assistance,86
2006,Carlton,Business Services,139
2006,Carlton,Public Administration and Safety,9
2006,Carlton,Retail Trade,8
2006,Carlton,"Transport, Postal and Storage",7
2006,East Melbourne,Health Care and Social Assistance,5
2006,East Melbourne,Information Media,3
2006,East Melbourne,Business Services,67
2006,East Melbourne,"Transport, Postal and Storage",2
2006,Melbourne (CBD),Construction,2
2006,Melbourne (CBD),Education and Training,63
2006,Melbourne (CBD),"Electricity, Gas, Water",8
2006,Melbourne (CBD),Finance and Insurance,486
2006,Melbourne (CBD),Real Estate Services,25
2006,Melbourne (CBD),Real Estate Services,6
2006,Melbourne (CBD),Real Estate Services,114
2006,Melbourne (CBD),"Transport, Postal and Storage",27
2006,Melbourne (CBD),Wholesale Trade,8
2006,North Melbourne,Education and Training,13
2006,North Melbourne,"Electricity, Gas, Water",20
2006,North Melbourne,Health Care and Social Assistance,1
2006,North Melbourne,Retail Trade,2
2006,Parkville,Arts and Recreation Services,3
2006,Parkville,"Transport, Postal and Storage",3
2006,Port Melbourne,Food and Beverage Services,6
2006,Port Melbourne,Business Services,12
2006,Port Melbourne,"Transport, Postal and Storage",2
2006,South Yarra,Arts and Recreation Services,5
2006,South Yarra,Other Services,9
2006,Southbank,Arts and Recreation Services,5
2006,Southbank,Other Services,4
2006,Southbank,Public Administration and Safety,7
2006,West Melbourne (Industrial),Admin and Support Services,3
2006,West Melbourne (Industrial),"Electricity, Gas, Water",7
2006,West Melbourne (Industrial),Information Media,3
2006,West Melbourne (Industrial),Other Services,2
2006,West Melbourne (Industrial),"Transport, Postal and Storage",24
2006,West Melbourne (Residential),"Electricity, Gas, Water",8
2006,West Melbourne (Residential),Other Services,4
2006,West Melbourne (Residential),"Transport, Postal and Storage",3
2005,East Melbourne,Retail Trade,2
2005,Kensington,Admin and Support Services,2
2005,Kensington,Arts and Recreation Services,40
2005,Kensington,Manufacturing,9
2005,Melbourne (CBD),Food and Beverage Services,5
2005,Melbourne (Remainder),Arts and Recreation Services,21
2005,Melbourne (Remainder),Finance and Insurance,3
2005,Melbourne (Remainder),Other Services,7
2005,Melbourne (Remainder),Retail Trade,1
2005,North Melbourne,Finance and Insurance,2
2005,Parkville,Arts and Recreation Services,14
2005,Parkville,Health Care and Social Assistance,1
2005,Parkville,Other Services,3
2005,Parkville,Business Services,3
2005,Parkville,Public Administration and Safety,1
2005,Port Melbourne,Food and Beverage Services,4
2005,Port Melbourne,Finance and Insurance,3
2005,Port Melbourne,Information Media,1
2005,South Yarra,Food and Beverage Services,4
2005,South Yarra,"Electricity, Gas, Water",6
2005,Southbank,Manufacturing,4
2005,Southbank,Business Services,52
2005,Southbank,Retail Trade,90
2005,West Melbourne (Industrial),"Electricity, Gas, Water",1
2005,West Melbourne (Residential),Health Care and Social Assistance,14
2005,West Melbourne (Residential),Manufacturing,29
2004,Carlton,Admin and Support Services,4
2004,Carlton,Health Care and Social Assistance,3
2004,Docklands,Food and Beverage Services,2
2004,Docklands,Arts and Recreation Services,3
2004,Docklands,Retail Trade,1
2004,East Melbourne,Health Care and Social Assistance,12
2004,Kensington,Business Services,1
2004,Kensington,"Transport, Postal and Storage",1
2018,Parkville,Food Catering Services,4
2018,Parkville,Health Care and Social Assistance,70
2018,Port Melbourne,Admin and Support Services,5
2018,South Yarra,Food Catering Services,3
2013,Parkville,Admin and Support Services,1
2013,Parkville,Business Services,11
2013,Parkville,Public Administration and Safety,1
2013,Port Melbourne,"Electricity, Gas, Water",2
2013,Port Melbourne,Other Services,1
2013,Port Melbourne,Wholesale Trade,16
2013,South Yarra,Health Care and Social Assistance,1
2013,South Yarra,Other Services,1
2013,South Yarra,Other Services,8
2013,Southbank,Finance and Insurance,1
2013,Southbank,Other Services,20
2013,Southbank,Wholesale Trade,2
2013,West Melbourne (Industrial),"Electricity, Gas, Water",7
2013,West Melbourne (Industrial),Rental and Hiring Services,4
2013,West Melbourne (Residential),Education and Training,1
2013,West Melbourne (Residential),Manufacturing,13
2013,West Melbourne (Residential),Wholesale Trade,4
2012,Carlton,Arts and Recreation Services,1
2012,Carlton,Manufacturing,30
2012,Carlton,Business Services,127
2012,Docklands,Business Services,4
2012,Docklands,Wholesale Trade,12
2012,Melbourne (CBD),Information Media,19
2012,Melbourne (CBD),Agriculture and Mining,8
2012,Melbourne (CBD),Rental and Hiring Services,21
2012,Melbourne (Remainder),Finance and Insurance,3
2012,Melbourne (Remainder),Other Services,2
2012,Melbourne (Remainder),Rental and Hiring Services,1
2012,Melbourne (Remainder),Real Estate Services,9
2012,Melbourne (Remainder),"Transport, Postal and Storage",1
2012,North Melbourne,Information Media,2
2012,North Melbourne,Other Services,138
2012,Parkville,Education and Training,1
2012,Parkville,Business Services,1
2012,Parkville,"Transport, Postal and Storage",4
2012,Port Melbourne,Information Media,1
2012,Port Melbourne,Business Services,1
2012,Port Melbourne,Retail Trade,3
2012,South Yarra,"Electricity, Gas, Water",5
2012,South Yarra,Retail Trade,1
2012,West Melbourne (Industrial),Wholesale Trade,1
2011,Carlton,Health Care and Social Assistance,14
2011,Carlton,Retail Trade,4
2011,Docklands,Food and Beverage Services,140
2011,Docklands,Public Administration and Safety,5
2011,East Melbourne,Information Media,6
2011,Kensington,Food Catering Services,1
2011,Kensington,Food Catering Services,1
2011,Kensington,Arts and Recreation Services,57
2011,Kensington,Construction,21
2011,Kensington,Wholesale Trade,3
2011,Melbourne (CBD),"Transport, Postal and Storage",26
2011,Melbourne (Remainder),Food and Beverage Services,3
2011,Melbourne (Remainder),Admin and Support Services,4
2011,Melbourne (Remainder),Construction,5
2011,North Melbourne,Food Catering Services,4
2011,North Melbourne,Other Services,6
2011,North Melbourne,Public Administration and Safety,4
2011,Parkville,Business Services,1
2011,Port Melbourne,Manufacturing,21
2011,Port Melbourne,Other Services,3
2011,South Yarra,Retail Trade,8
2008,Melbourne (CBD),Construction,2
2008,Melbourne (CBD),Agriculture and Mining,1
2008,Melbourne (CBD),Other Services,36
2008,Melbourne (CBD),Public Administration and Safety,29
2008,Melbourne (CBD),Retail Trade,14
2008,Melbourne (Remainder),Food and Beverage Services,2
2008,Melbourne (Remainder),Education and Training,2
2008,Melbourne (Remainder),Information Media,9
2008,North Melbourne,Construction,28
2008,North Melbourne,Business Services,11
2008,North Melbourne,Rental and Hiring Services,1
2008,North Melbourne,Wholesale Trade,8
2008,Parkville,Arts and Recreation Services,1
2008,Southbank,Admin and Support Services,15
2008,West Melbourne (Industrial),"Electricity, Gas, Water",8
2023,Melbourne (Remainder),Health Care and Social Assistance,3
2023,Melbourne (Remainder),Manufacturing,4
2023,North Melbourne,Food and Beverage Services,2
2023,North Melbourne,Manufacturing,1
2023,Parkville,Education and Training,43
2023,Parkville,Health Care and Social Assistance,66
2023,Port Melbourne,Arts and Recreation Services,7
2023,Port Melbourne,Health Care and Social Assistance,2
2023,Port Melbourne,Retail Trade,23
2023,South Yarra,Manufacturing,1
2023,South Yarra,Retail Trade,4
2023,Southbank,Food and Beverage Services,116
2023,Southbank,Admin and Support Services,10
2023,Southbank,"Electricity, Gas, Water",3
2023,Southbank,Other Services,1
2023,West Melbourne (Residential),Manufacturing,1
2023,West Melbourne (Residential),Agriculture and Mining,1
2023,West Melbourne (Residential),Retail Trade,5
2023,West Melbourne (Residential),"Transport, Postal and Storage",6
2022,Docklands,Construction,5
2022,Docklands,Information Media,15
2022,East Melbourne,Education and Training,2
2022,Kensington,Food Catering Services,1
2022,Kensington,Construction,2
2022,Kensington,Finance and Insurance,1
2022,Kensington,Information Media,2
2022,Kensington,Other Services,3
2022,Melbourne (CBD),"Electricity, Gas, Water",35
2022,Melbourne (CBD),Agriculture and Mining,1
2022,Melbourne (CBD),Agriculture and Mining,8
2022,Melbourne (Remainder),Food and Beverage Services,2
2022,Melbourne (Remainder),Arts and Recreation Services,3
2022,Melbourne (Remainder),Education and Training,4
2022,Melbourne (Remainder),Finance and Insurance,6
2022,Melbourne (Remainder),Manufacturing,4
2022,Melbourne (Remainder),Business Services,6
2022,Melbourne (Remainder),"Transport, Postal and Storage",5
2022,Melbourne (Remainder),Wholesale Trade,2
2022,North Melbourne,Business Services,101
2022,North Melbourne,Retail Trade,3
2022,Parkville,"Electricity, Gas, Water",7
2022,Parkville,Public Administration and Safety,1
2022,Port Melbourne,Retail Trade,19
2022,Port Melbourne,"Transport, Postal and Storage",2
2022,Southbank,Food Catering Services,1
2022,Southbank,Admin and Support Services,1
2022,Southbank,Finance and Insurance,12
2022,Southbank,Manufacturing,5
2022,Southbank,Rental and Hiring Services,1
2022,Southbank,"Transport, Postal and Storage",1
2022,Southbank,Wholesale Trade,2
2022,West Melbourne (Industrial),"Electricity, Gas, Water",2
2022,West Melbourne (Industrial),Manufacturing,2
2022,West Melbourne (Residential),Food Catering Services,3
2022,West Melbourne (Residential),Education and Training,5
2022,West Melbourne (Residential),Information Media,2
2022,West Melbourne (Residential),Other Services,3
2022,West Melbourne (Residential),Public Administration and Safety,1
2021,Carlton,Education and Training,33
2021,Carlton,Other Services,9
2021,Docklands,Food Catering Services,3
2021,Docklands,Food Catering Services,6
2021,Docklands,"Electricity, Gas, Water",1
2021,Docklands,Other Services,4
2021,Docklands,Real Estate Services,47
2021,East Melbourne,Retail Trade,12
2021,Kensington,Food Catering Services,1
2021,Kensington,Construction,2
2021,Kensington,Retail Trade,24
2021,Melbourne (CBD),Arts and Recreation Services,17
2021,Melbourne (CBD),Construction,77
2021,Melbourne (CBD),Education and Training,5
2021,Melbourne (CBD),"Electricity, Gas, Water",35
2021,Melbourne (CBD),Finance and Insurance,32
2021,Melbourne (CBD),Real Estate Services,150
2021,Melbourne (CBD),Retail Trade,1057
2021,Melbourne (Remainder),"Electricity, Gas, Water",2
2021,Melbourne (Remainder),Information Media,1
2021,North Melbourne,Agriculture and Mining,1
2021,North Melbourne,Finance and Insurance,11
2021,North Melbourne,Retail Trade,1
2021,Parkville,Food and Beverage Services,9
2021,Parkville,Education and Training,3
2021,Parkville,Other Services,11
2021,Port Melbourne,Food Catering Services,1
2021,Port Melbourne,Arts and Recreation Services,5
2021,Port Melbourne,Health Care and Social Assistance,1
2021,Port Melbourne,Other Services,5
2021,Port Melbourne,Business Services,2
2021,Port Melbourne,Business Services,49
2021,South Yarra,Arts and Recreation Services,1
2021,South Yarra,Public Administration and Safety,1
2021,Southbank,Construction,1
2021,Southbank,"Electricity, Gas, Water",1
2021,Southbank,Information Media,3
2021,Southbank,Real Estate Services,5
2021,Southbank,"Transport, Postal and Storage",4
2021,West Melbourne (Industrial),Food and Beverage Services,4
2021,West Melbourne (Industrial),Wholesale Trade,5
2021,West Melbourne (Residential),Food Catering Services,4
2021,West Melbourne (Residential),Education and Training,5
2021,West Melbourne (Residential),Education and Training,11
2021,West Melbourne (Residential),Other Services,3
2021,West Melbourne (Residential),Other Services,5
2021,West Melbourne (Residential),Real Estate Services,1
2021,West Melbourne (Residential),Real Estate Services,6
2021,West Melbourne (Residential),Retail Trade,1
2020,Carlton,Food and Beverage Services,13
2020,Carlton,Food and Beverage Services,1
2020,Carlton,Admin and Support Services,1
2020,Carlton,Health Care and Social Assistance,1
2020,Carlton,Business Services,92
2020,Carlton,Public Administration and Safety,3
2020,Carlton,Real Estate Services,1
2020,Docklands,Arts and Recreation Services,30
2020,Docklands,"Electricity, Gas, Water",1
2020,Docklands,Finance and Insurance,40
2020,Docklands,Public Administration and Safety,6
2020,Docklands,"Transport, Postal and Storage",6
2020,Docklands,Wholesale Trade,1
2020,East Melbourne,Retail Trade,1
2020,Kensington,Food and Beverage Services,45
2020,Kensington,Construction,20
2020,Kensington,Education and Training,4
2020,Kensington,Information Media,4
2020,Kensington,Other Services,2
2020,Kensington,Business Services,10
2020,Kensington,Real Estate Services,6
2020,Kensington,"Transport, Postal and Storage",6
2020,Kensington,Wholesale Trade,26
2020,Melbourne (CBD),Food Catering Services,51
2020,Melbourne (CBD),Information Media,42
2020,Melbourne (CBD),Manufacturing,183
2020,Melbourne (CBD),Agriculture and Mining,21
2020,Melbourne (CBD),Rental and Hiring Services,8
2020,Melbourne (CBD),Retail Trade,67
2020,Melbourne (Remainder),Admin and Support Services,1
2020,Melbourne (Remainder),Education and Training,4
2020,Melbourne (Remainder),Manufacturing,1
2020,Melbourne (Remainder),Business Services,10
2020,Melbourne (Remainder),Public Administration and Safety,2
2020,Melbourne (Remainder),Retail Trade,1
2020,Melbourne (Remainder),Wholesale Trade,2
2020,North Melbourne,Food and Beverage Services,2
2020,North Melbourne,Admin and Support Services,5
2020,North Melbourne,Education and Training,12
2020,North Melbourne,"Electricity, Gas, Water",24
2020,North Melbourne,Finance and Insurance,11
2020,North Melbourne,Health Care and Social Assistance,4
2020,North Melbourne,Health Care and Social Assistance,73
2020,North Melbourne,Other Services,6
2020,North Melbourne,Other Services,12
2020,North Melbourne,Retail Trade,73
2020,North Melbourne,"Transport, Postal and Storage",14
2020,Parkville,Food Catering Services,9
2020,Parkville,Finance and Insurance,7
2020,Parkville,Information Media,2
2020,Port Melbourne,Admin and Support Services,21
2020,Port Melbourne,Arts and Recreation Services,1
2020,Port Melbourne,Construction,18
2020,Port Melbourne,Construction,43
2020,Port Melbourne,Finance and Insurance,7
2020,South Yarra,Arts and Recreation Services,2
2020,Southbank,Food Catering Services,16
2020,Southbank,Food and Beverage Services,153
2020,Southbank,Construction,1
2020,Southbank,Construction,15
2020,Southbank,Health Care and Social Assistance,22
2020,Southbank,Business Services,6
2020,Southbank,Real Estate Services,4
2020,Southbank,Retail Trade,210
2020,Southbank,Wholesale Trade,2
2020,West Melbourne (Industrial),Admin and Support Services,1
2020,West Melbourne (Industrial),Arts and Recreation Services,7
2020,West Melbourne (Industrial),Business Services,2
2020,West Melbourne (Residential),Education and Training,5
2020,West Melbourne (Residential),Retail Trade,31
2019,Carlton,Food Catering Services,16
2019,Carlton,Arts and Recreation Services,1
2019,Carlton,Arts and Recreation Services,20
2019,Carlton,Construction,13
2019,Carlton,Information Media,7
2019,Docklands,Food Catering Services,5
2019,Docklands,Admin and Support Services,26
2019,Docklands,Arts and Recreation Services,3
2019,Docklands,Education and Training,1
2019,Docklands,"Electricity, Gas, Water",2
2019,Docklands,"Electricity, Gas, Water",2
2019,Docklands,Finance and Insurance,41
2019,Docklands,Business Services,21
2019,Docklands,Rental and Hiring Services,7
2019,Docklands,Retail Trade,2
2019,Docklands,Retail Trade,10
2019,Docklands,Retail Trade,187
2019,Docklands,"Transport, Postal and Storage",29
2019,East Melbourne,Construction,1
2019,East Melbourne,Construction,5
2019,East Melbourne,"Electricity, Gas, Water",6
2019,East Melbourne,Public Administration and Safety,4
2019,Kensington,Food and Beverage Services,3
2019,Kensington,Arts and Recreation Services,12
2019,Kensington,Manufacturing,6
2019,Kensington,Business Services,9
2019,Kensington,"Transport, Postal and Storage",6
2019,Melbourne (CBD),Admin and Support Services,96
2019,Melbourne (CBD),Arts and Recreation Services,28
2019,Melbourne (CBD),Arts and Recreation Services,20
2019,Melbourne (CBD),"Electricity, Gas, Water",9
2019,Melbourne (CBD),Finance and Insurance,37
2019,Melbourne (CBD),Health Care and Social Assistance,2
2019,Melbourne (CBD),Health Care and Social Assistance,4
2019,Melbourne (CBD),Public Administration and Safety,89
2019,Melbourne (CBD),Retail Trade,93
2019,Melbourne (CBD),"Transport, Postal and Storage",5
2019,Melbourne (CBD),Wholesale Trade,5
2019,Melbourne (CBD),Wholesale Trade,104
2019,Melbourne (Remainder),Food and Beverage Services,5
2019,Melbourne (Remainder),Food and Beverage Services,6
2019,Melbourne (Remainder),Food and Beverage Services,38
2019,Melbourne (Remainder),Education and Training,4
2019,Melbourne (Remainder),Business Services,15
2019,Melbourne (Remainder),Real Estate Services,9
2019,Melbourne (Remainder),Retail Trade,1
2019,Melbourne (Remainder),Retail Trade,1
2019,Melbourne (Remainder),Wholesale Trade,1
2019,North Melbourne,Food Catering Services,2
2019,North Melbourne,Manufacturing,6
2019,North Melbourne,Manufacturing,2
2019,North Melbourne,Real Estate Services,14
2019,Parkville,Food Catering Services,8
2019,Parkville,Business Services,1
2019,Parkville,"Transport, Postal and Storage",2
2019,Port Melbourne,Information Media,17
2019,Port Melbourne,Other Services,13
2019,Port Melbourne,Business Services,16
2019,Port Melbourne,Public Administration and Safety,1
2019,Port Melbourne,Public Administration and Safety,10
2019,Port Melbourne,Rental and Hiring Services,3
2019,Port Melbourne,Wholesale Trade,16
2019,South Yarra,"Electricity, Gas, Water",6
2019,Southbank,Food Catering Services,3
2019,Southbank,Food and Beverage Services,67
2019,Southbank,Food Catering Services,3
2019,Southbank,Arts and Recreation Services,19
2019,Southbank,Construction,5
2019,Southbank,Health Care and Social Assistance,24
2019,Southbank,Information Media,12
2019,Southbank,Manufacturing,6
2019,Southbank,Other Services,2
2019,Southbank,Public Administration and Safety,2
2019,Southbank,"Transport, Postal and Storage",4
2019,Southbank,Wholesale Trade,5
2019,Southbank,Wholesale Trade,10
2019,West Melbourne (Industrial),Arts and Recreation Services,1
2019,West Melbourne (Residential),Food and Beverage Services,54
2019,West Melbourne (Residential),Arts and Recreation Services,9
2019,West Melbourne (Residential),Manufacturing,3
2019,West Melbourne (Residential),Public Administration and Safety,1
2019,West Melbourne (Residential),Retail Trade,1
2019,West Melbourne (Residential),Wholesale Trade,1
2018,Carlton,Construction,2
2018,Carlton,Information Media,7
2018,Carlton,Public Administration and Safety,3
2018,Carlton,Public Administration and Safety,9
2018,Carlton,Wholesale Trade,14
2018,Docklands,Admin and Support Services,13
2018,Docklands,Information Media,5
2018,Docklands,Public Administration and Safety,6
2018,Docklands,Real Estate Services,5
2018,Docklands,"Transport, Postal and Storage",6
2018,East Melbourne,Arts and Recreation Services,7
2018,East Melbourne,Health Care and Social Assistance,30
2018,East Melbourne,Wholesale Trade,3
2018,Kensington,Admin and Support Services,9
2018,Kensington,Education and Training,6
2018,Kensington,Finance and Insurance,3
2018,Kensington,Rental and Hiring Services,8
2018,Kensington,"Transport, Postal and Storage",5
2018,Kensington,"Transport, Postal and Storage",9
2018,Melbourne (CBD),Admin and Support Services,92
2018,Melbourne (CBD),Arts and Recreation Services,30
2018,Melbourne (CBD),Construction,3
2018,Melbourne (CBD),Construction,2
2018,Melbourne (CBD),Agriculture and Mining,7
2018,Melbourne (CBD),Other Services,2
2018,Melbourne (CBD),Real Estate Services,11
2018,Melbourne (Remainder),Business Services,20
2018,North Melbourne,Food Catering Services,13
2018,North Melbourne,Admin and Support Services,5
2018,North Melbourne,Admin and Support Services,2
2018,North Melbourne,Education and Training,27
2018,North Melbourne,Finance and Insurance,3
2018,North Melbourne,Health Care and Social Assistance,1
2018,North Melbourne,Manufacturing,6
2018,North Melbourne,Public Administration and Safety,1
2018,North Melbourne,Retail Trade,1
2018,North Melbourne,"Transport, Postal and Storage",5
2018,North Melbourne,Wholesale Trade,46
2018,Parkville,Education and Training,3
2018,Parkville,Public Administration and Safety,1
2018,Port Melbourne,Arts and Recreation Services,4
2018,Port Melbourne,Finance and Insurance,1
2018,Port Melbourne,Business Services,1
2018,Port Melbourne,Public Administration and Safety,3
2018,Port Melbourne,Wholesale Trade,1
2018,Port Melbourne,Wholesale Trade,50
2018,South Yarra,Food and Beverage Services,5
2018,South Yarra,"Electricity, Gas, Water",5
2018,South Yarra,Other Services,7
2018,Southbank,Agriculture and Mining,3
2018,Southbank,Agriculture and Mining,2
2018,Southbank,Rental and Hiring Services,4
2018,West Melbourne (Residential),Construction,9
2018,West Melbourne (Residential),Education and Training,8
2018,West Melbourne (Residential),Health Care and Social Assistance,4
2018,West Melbourne (Residential),Other Services,4
2018,West Melbourne (Residential),Rental and Hiring Services,2
2018,West Melbourne (Residential),Retail Trade,2
2017,Carlton,Admin and Support Services,6
2017,Carlton,Health Care and Social Assistance,87
2017,Carlton,Information Media,12
2017,Carlton,Public Administration and Safety,1
2017,Carlton,Real Estate Services,1
2017,Carlton,Rental and Hiring Services,1
2017,Carlton,Retail Trade,4
2017,Docklands,Food and Beverage Services,229
2017,Docklands,Admin and Support Services,9
2017,Docklands,Education and Training,6
2017,Docklands,Health Care and Social Assistance,25
2017,Docklands,Information Media,8
2017,Docklands,Manufacturing,1
2017,Docklands,Public Administration and Safety,4
2017,Docklands,Real Estate Services,5
2017,Docklands,Retail Trade,8
2017,Docklands,Retail Trade,4
2017,East Melbourne,Information Media,2
2017,East Melbourne,Information Media,7
2017,East Melbourne,Manufacturing,2
2017,East Melbourne,Other Services,31
2017,East Melbourne,"Transport, Postal and Storage",2
2017,Kensington,Education and Training,6
2017,Kensington,Retail Trade,36
2017,Kensington,Wholesale Trade,22
2017,Melbourne (CBD),Arts and Recreation Services,20
2017,Melbourne (CBD),Construction,4
2017,Melbourne (CBD),"Electricity, Gas, Water",34
2017,Melbourne (CBD),Manufacturing,233
2017,Melbourne (CBD),Agriculture and Mining,1
2017,Melbourne (CBD),Agriculture and Mining,25
2017,Melbourne (CBD),Real Estate Services,8
2017,Melbourne (CBD),Wholesale Trade,1
2017,Melbourne (Remainder),Arts and Recreation Services,3
2017,Melbourne (Remainder),"Transport, Postal and Storage",4
2017,Melbourne (Remainder),Wholesale Trade,4
2017,North Melbourne,Agriculture and Mining,1
2017,North Melbourne,Construction,36
2017,North Melbourne,Finance and Insurance,2
2017,North Melbourne,Business Services,18
2017,North Melbourne,"Transport, Postal and Storage",2
2017,North Melbourne,"Transport, Postal and Storage",23
2017,North Melbourne,Wholesale Trade,4
2017,Parkville,Food and Beverage Services,5
2017,Parkville,Food Catering Services,7
2017,Parkville,Arts and Recreation Services,3
2017,Parkville,Other Services,7
2011,Melbourne (Remainder),Arts and Recreation Services,10
2011,Melbourne (Remainder),Wholesale Trade,3
2011,North Melbourne,Construction,32
2011,North Melbourne,Real Estate Services,1
2011,Parkville,Education and Training,2
2011,Parkville,Information Media,1
2011,Parkville,"Transport, Postal and Storage",1
2011,Port Melbourne,Information Media,2
2011,Port Melbourne,Other Services,2
2011,Port Melbourne,Real Estate Services,2
2011,South Yarra,Food Catering Services,8
2011,Southbank,Admin and Support Services,1
2011,Southbank,Construction,9
2011,Southbank,"Electricity, Gas, Water",1
2011,Southbank,Manufacturing,5
2011,Southbank,Other Services,4
2011,West Melbourne (Industrial),"Transport, Postal and Storage",4
2011,West Melbourne (Residential),Admin and Support Services,4
2011,West Melbourne (Residential),Public Administration and Safety,2
2011,West Melbourne (Residential),Retail Trade,44
2010,Carlton,Food and Beverage Services,1
2010,Carlton,Real Estate Services,1
2010,Carlton,Retail Trade,5
2010,Docklands,Admin and Support Services,2
2010,Docklands,Health Care and Social Assistance,12
2010,Docklands,Wholesale Trade,2
2010,East Melbourne,Other Services,1
2010,Kensington,Retail Trade,2
2010,Melbourne (CBD),Food Catering Services,3
2010,Melbourne (CBD),Arts and Recreation Services,1
2010,Melbourne (CBD),Arts and Recreation Services,10
2010,Melbourne (CBD),"Transport, Postal and Storage",23
2010,Melbourne (Remainder),Food Catering Services,1
2010,Melbourne (Remainder),Agriculture and Mining,1
2010,North Melbourne,Construction,32
2010,Parkville,Education and Training,2
2010,Port Melbourne,Agriculture and Mining,2
2010,Port Melbourne,Manufacturing,1
2010,Port Melbourne,Real Estate Services,2
2010,South Yarra,Food Catering Services,1
2010,South Yarra,Food Catering Services,8
2010,South Yarra,Information Media,1
2010,Southbank,Food and Beverage Services,76
2010,Southbank,Education and Training,8
2010,Southbank,Information Media,8
2010,Southbank,Wholesale Trade,11
2010,West Melbourne (Industrial),Arts and Recreation Services,8
2010,West Melbourne (Industrial),Rental and Hiring Services,4
2010,West Melbourne (Industrial),"Transport, Postal and Storage",18
2010,West Melbourne (Industrial),"Transport, Postal and Storage",16
2010,West Melbourne (Residential),Information Media,8
2010,West Melbourne (Residential),Business Services,89
2009,Carlton,Food Catering Services,4
2009,Carlton,Rental and Hiring Services,2
2009,Carlton,Wholesale Trade,1
2009,Docklands,Food Catering Services,4
2009,Docklands,Food and Beverage Services,140
2009,Docklands,Arts and Recreation Services,2
2009,Docklands,Information Media,5
2009,Docklands,Wholesale Trade,8
2009,East Melbourne,Arts and Recreation Services,1
2009,East Melbourne,Manufacturing,1
2009,Kensington,Admin and Support Services,1
2009,Kensington,Arts and Recreation Services,2
2009,Kensington,Real Estate Services,1
2009,Kensington,Rental and Hiring Services,3
2009,Melbourne (CBD),Food and Beverage Services,152
2009,Melbourne (CBD),Business Services,290
2009,Melbourne (CBD),Wholesale Trade,10
2009,Melbourne (Remainder),Education and Training,2
2009,Melbourne (Remainder),Education and Training,1
2009,North Melbourne,Other Services,11
2009,North Melbourne,"Transport, Postal and Storage",32
2009,Parkville,Information Media,3
2009,Port Melbourne,Food and Beverage Services,2
2009,Port Melbourne,Construction,23
2009,Port Melbourne,Education and Training,4
2009,Port Melbourne,Manufacturing,18
2009,Port Melbourne,Business Services,1
2009,Southbank,"Transport, Postal and Storage",2
2009,West Melbourne (Industrial),Admin and Support Services,1
2009,West Melbourne (Residential),Education and Training,7
2009,West Melbourne (Residential),"Electricity, Gas, Water",2
2009,West Melbourne (Residential),Other Services,5
2008,Carlton,Admin and Support Services,5
2008,Carlton,Arts and Recreation Services,1
2008,Carlton,Other Services,9
2008,Carlton,Business Services,4
2008,Docklands,Construction,5
2008,Docklands,Finance and Insurance,1
2008,Docklands,Public Administration and Safety,5
2008,Docklands,Public Administration and Safety,1
2008,East Melbourne,Food and Beverage Services,1
2008,East Melbourne,Food Catering Services,2
2008,East Melbourne,Arts and Recreation Services,1
2008,East Melbourne,Manufacturing,4
2008,East Melbourne,Other Services,37
2008,East Melbourne,Real Estate Services,6
2008,Melbourne (CBD),Food Catering Services,4
2008,Melbourne (CBD),Agriculture and Mining,6
2008,Melbourne (CBD),Finance and Insurance,545
2008,Melbourne (CBD),Manufacturing,2
2008,Melbourne (CBD),"Transport, Postal and Storage",65
2008,Melbourne (Remainder),Admin and Support Services,1
2008,Melbourne (Remainder),Construction,7
2008,North Melbourne,Health Care and Social Assistance,1
2008,Port Melbourne,Construction,8
2008,Port Melbourne,Retail Trade,15
2008,South Yarra,Education and Training,2
2008,South Yarra,Education and Training,7
2004,Melbourne (CBD),Education and Training,7
2004,Melbourne (CBD),Health Care and Social Assistance,16
2004,Melbourne (Remainder),Health Care and Social Assistance,43
2023,Melbourne (CBD),Real Estate Services,142
2023,Melbourne (Remainder),"Transport, Postal and Storage",2
2023,North Melbourne,Finance and Insurance,2
2023,North Melbourne,Information Media,3
2023,North Melbourne,"Transport, Postal and Storage",12
2023,North Melbourne,Wholesale Trade,3
2023,Parkville,Information Media,2
2023,Parkville,Real Estate Services,1
2023,Parkville,Retail Trade,1
2023,Parkville,"Transport, Postal and Storage",2
2023,Port Melbourne,"Transport, Postal and Storage",15
2023,South Yarra,Education and Training,4
2023,Southbank,Arts and Recreation Services,14
2023,Southbank,Arts and Recreation Services,18
2023,Southbank,Information Media,5
2023,Southbank,Wholesale Trade,4
2023,West Melbourne (Residential),Business Services,1
2022,Carlton,Construction,1
2022,Carlton,Public Administration and Safety,2
2022,Docklands,"Electricity, Gas, Water",9
2022,Docklands,Finance and Insurance,6
2022,Docklands,Public Administration and Safety,7
2022,East Melbourne,Food Catering Services,2
2022,East Melbourne,Health Care and Social Assistance,5
2022,Kensington,Health Care and Social Assistance,19
2022,Kensington,Real Estate Services,1
2022,Melbourne (CBD),Food Catering Services,52
2022,Melbourne (CBD),"Electricity, Gas, Water",14
2019,Carlton,Public Administration and Safety,9
2019,East Melbourne,Arts and Recreation Services,2
2019,East Melbourne,Business Services,1
2019,East Melbourne,Business Services,60
2019,Melbourne (CBD),Public Administration and Safety,66
2019,Melbourne (Remainder),Food Catering Services,1
2019,Melbourne (Remainder),Finance and Insurance,6
2019,Melbourne (Remainder),Other Services,8
2019,Melbourne (Remainder),Other Services,12
2019,Melbourne (Remainder),Retail Trade,16
2019,North Melbourne,Agriculture and Mining,1
2019,North Melbourne,Rental and Hiring Services,4
2019,North Melbourne,Wholesale Trade,1
2019,Parkville,Food Catering Services,4
2019,Parkville,Manufacturing,1
2019,Parkville,"Transport, Postal and Storage",2
2019,Port Melbourne,Information Media,1
2019,West Melbourne (Industrial),Food and Beverage Services,6
2019,West Melbourne (Industrial),Real Estate Services,1
2019,West Melbourne (Residential),Education and Training,8
2019,West Melbourne (Residential),Health Care and Social Assistance,1
2019,West Melbourne (Residential),Other Services,5
2019,West Melbourne (Residential),Business Services,88
2019,West Melbourne (Residential),Retail Trade,2
2019,West Melbourne (Residential),Retail Trade,40
2018,Docklands,Retail Trade,2
2018,Docklands,Retail Trade,10
2018,Docklands,Retail Trade,2
2018,Docklands,Wholesale Trade,2
2018,East Melbourne,Arts and Recreation Services,22
2018,East Melbourne,Finance and Insurance,4
2018,East Melbourne,Finance and Insurance,10
2018,East Melbourne,Other Services,30
2018,East Melbourne,Public Administration and Safety,9
2018,East Melbourne,Public Administration and Safety,4
2018,East Melbourne,Wholesale Trade,3
2018,Kensington,Admin and Support Services,1
2018,Kensington,Retail Trade,1
2018,Melbourne (CBD),Admin and Support Services,7
2018,Melbourne (CBD),Wholesale Trade,7
2018,Melbourne (Remainder),Health Care and Social Assistance,3
2018,Melbourne (Remainder),Information Media,3
2018,Melbourne (Remainder),Manufacturing,1
2018,Melbourne (Remainder),Retail Trade,16
2018,Melbourne (Remainder),"Transport, Postal and Storage",2
2018,North Melbourne,Food and Beverage Services,6
2018,North Melbourne,Food Catering Services,6
2018,North Melbourne,Other Services,6
2018,North Melbourne,Other Services,119
2018,Parkville,Finance and Insurance,7
2018,Port Melbourne,Admin and Support Services,1
2018,Port Melbourne,Information Media,1
2018,Port Melbourne,Information Media,5
2018,Port Melbourne,Information Media,2
2018,Port Melbourne,"Transport, Postal and Storage",5
2018,South Yarra,Arts and Recreation Services,4
2018,South Yarra,Education and Training,1
2018,Southbank,Arts and Recreation Services,17
2018,Southbank,Finance and Insurance,1
2018,Southbank,Health Care and Social Assistance,6
2018,Southbank,Agriculture and Mining,2
2018,Southbank,Business Services,61
2018,West Melbourne (Industrial),"Electricity, Gas, Water",6
2018,West Melbourne (Industrial),Business Services,5
2018,West Melbourne (Industrial),Rental and Hiring Services,1
2018,West Melbourne (Industrial),"Transport, Postal and Storage",14
2018,West Melbourne (Residential),Health Care and Social Assistance,21
2018,West Melbourne (Residential),Other Services,5
2017,Carlton,Business Services,16
2017,Carlton,Wholesale Trade,14
2017,Docklands,Food and Beverage Services,23
2017,Docklands,Arts and Recreation Services,15
2017,Docklands,Other Services,22
2017,East Melbourne,Arts and Recreation Services,13
2017,East Melbourne,Construction,1
2017,East Melbourne,Construction,4
2017,Kensington,Arts and Recreation Services,14
2017,Kensington,Health Care and Social Assistance,6
2017,Kensington,Business Services,6
2017,Kensington,Retail Trade,3
2017,Kensington,"Transport, Postal and Storage",9
2017,Melbourne (CBD),Agriculture and Mining,3
2017,Melbourne (CBD),Finance and Insurance,163
2017,Melbourne (CBD),Retail Trade,91
2017,Melbourne (Remainder),Other Services,2
2017,Melbourne (Remainder),Other Services,13
2017,Melbourne (Remainder),Retail Trade,16
2017,Melbourne (Remainder),"Transport, Postal and Storage",1
2017,North Melbourne,Health Care and Social Assistance,1
2017,North Melbourne,Other Services,10
2017,North Melbourne,Business Services,1
2017,North Melbourne,Wholesale Trade,1
2017,Parkville,Food Catering Services,7
2017,Parkville,Education and Training,43
2017,Parkville,"Transport, Postal and Storage",3
2017,Port Melbourne,Admin and Support Services,22
2017,South Yarra,Food and Beverage Services,3
2017,Southbank,Health Care and Social Assistance,6
2017,Southbank,Manufacturing,4
2017,Southbank,Agriculture and Mining,2
2017,West Melbourne (Industrial),"Electricity, Gas, Water",7
2017,West Melbourne (Industrial),"Electricity, Gas, Water",1
2017,West Melbourne (Residential),Finance and Insurance,11
2017,West Melbourne (Residential),Health Care and Social Assistance,14
2016,Carlton,Food and Beverage Services,1
2016,Carlton,Food Catering Services,18
2016,Carlton,Food and Beverage Services,220
2016,Carlton,Public Administration and Safety,8
2016,Carlton,Rental and Hiring Services,1
2016,Docklands,Finance and Insurance,9
2016,Docklands,Information Media,8
2016,Docklands,Business Services,126
2016,Docklands,Real Estate Services,5
2016,Docklands,Retail Trade,8
2016,Kensington,Arts and Recreation Services,55
2016,Kensington,Information Media,1
2016,Kensington,Manufacturing,10
2016,Melbourne (CBD),Finance and Insurance,153
2016,Melbourne (CBD),Finance and Insurance,525
2016,Melbourne (CBD),Rental and Hiring Services,14
2016,Melbourne (Remainder),Food and Beverage Services,5
2016,Melbourne (Remainder),Food Catering Services,1
2016,Melbourne (Remainder),Admin and Support Services,1
2016,Melbourne (Remainder),Admin and Support Services,2
2016,Melbourne (Remainder),Construction,4
2016,North Melbourne,Public Administration and Safety,8
2016,North Melbourne,Retail Trade,88
2016,Parkville,Health Care and Social Assistance,7
2016,Parkville,Business Services,13
2016,Port Melbourne,Health Care and Social Assistance,3
2016,Port Melbourne,Manufacturing,58
2016,Port Melbourne,Other Services,1
2016,Port Melbourne,Business Services,70
2016,Port Melbourne,"Transport, Postal and Storage",1
2016,South Yarra,Arts and Recreation Services,1
2016,Southbank,Construction,14
2016,Southbank,Finance and Insurance,1
2016,Southbank,Business Services,66
2016,Southbank,Public Administration and Safety,2
2016,Southbank,Wholesale Trade,3
2015,Carlton,Food Catering Services,26
2015,Carlton,Admin and Support Services,2
2015,Carlton,Agriculture and Mining,2
2015,Carlton,Arts and Recreation Services,17
2015,Carlton,Other Services,104
2015,Carlton,Retail Trade,4
2015,Carlton,Wholesale Trade,19
2015,Docklands,Admin and Support Services,23
2015,East Melbourne,Construction,5
2015,East Melbourne,Public Administration and Safety,1
2015,East Melbourne,Wholesale Trade,2
2015,Kensington,Food and Beverage Services,3
2015,Kensington,Construction,19
2015,Kensington,Wholesale Trade,4
2015,Melbourne (CBD),Food and Beverage Services,195
2015,Melbourne (CBD),Education and Training,3
2015,Melbourne (CBD),Manufacturing,241
2015,Melbourne (CBD),Other Services,3
2015,Melbourne (CBD),Public Administration and Safety,27
2015,Melbourne (CBD),Real Estate Services,12
2015,Melbourne (Remainder),Food and Beverage Services,6
2015,Melbourne (Remainder),Finance and Insurance,27
2015,North Melbourne,Education and Training,9
2015,North Melbourne,"Electricity, Gas, Water",22
2015,North Melbourne,Information Media,2
2015,Parkville,Education and Training,3
2015,Parkville,Other Services,3
2015,Port Melbourne,Manufacturing,58
2015,Port Melbourne,Wholesale Trade,15
2015,South Yarra,Education and Training,3
2015,Southbank,Business Services,64
2015,West Melbourne (Residential),Education and Training,7
2014,Carlton,Health Care and Social Assistance,12
2014,Carlton,Retail Trade,8
2014,Carlton,"Transport, Postal and Storage",4
2014,Docklands,Food and Beverage Services,1
2014,Docklands,Other Services,21
2014,East Melbourne,Education and Training,1
2014,East Melbourne,Education and Training,6
2014,East Melbourne,Agriculture and Mining,1
2014,East Melbourne,Public Administration and Safety,4
2014,Kensington,Other Services,38
2014,Melbourne (CBD),Arts and Recreation Services,3
2014,Melbourne (CBD),Real Estate Services,30
2014,Melbourne (Remainder),Admin and Support Services,19
2014,Melbourne (Remainder),Construction,1
2014,Melbourne (Remainder),Health Care and Social Assistance,5
2014,Melbourne (Remainder),Public Administration and Safety,3
2014,North Melbourne,Manufacturing,5
2014,North Melbourne,Business Services,1
2014,North Melbourne,Retail Trade,3
2014,North Melbourne,Retail Trade,88
2014,Port Melbourne,Food Catering Services,2
2014,Southbank,Education and Training,7
2014,Southbank,Manufacturing,4
2014,Southbank,Agriculture and Mining,2
2014,Southbank,Retail Trade,232
2014,West Melbourne (Residential),Admin and Support Services,3
2014,West Melbourne (Residential),Health Care and Social Assistance,1
2013,Carlton,Food Catering Services,15
2013,Carlton,Construction,13
2013,Carlton,Finance and Insurance,5
2013,Carlton,Wholesale Trade,3
2013,Docklands,Admin and Support Services,4
2013,Docklands,"Electricity, Gas, Water",10
2013,Docklands,Retail Trade,2
2013,East Melbourne,Construction,1
2013,East Melbourne,Manufacturing,3
2013,East Melbourne,Other Services,6
2013,East Melbourne,Other Services,36
2013,East Melbourne,Retail Trade,16
2013,Kensington,Information Media,3
2013,Kensington,Manufacturing,25
2013,Kensington,Wholesale Trade,2
2013,Melbourne (CBD),Food and Beverage Services,1295
2013,Melbourne (CBD),Agriculture and Mining,1
2013,Melbourne (CBD),Arts and Recreation Services,109
2013,Melbourne (CBD),"Electricity, Gas, Water",8
2013,Melbourne (CBD),Public Administration and Safety,34
2013,Melbourne (Remainder),Food and Beverage Services,5
2013,Melbourne (Remainder),Arts and Recreation Services,7
2013,Melbourne (Remainder),Education and Training,2
2013,Melbourne (Remainder),Public Administration and Safety,4
2013,Melbourne (Remainder),"Transport, Postal and Storage",1
2013,North Melbourne,Finance and Insurance,19
2013,North Melbourne,Retail Trade,6
2013,North Melbourne,Retail Trade,99
2013,Southbank,Construction,14
2013,Southbank,Information Media,9
2013,Southbank,Manufacturing,4
2013,Southbank,Business Services,59
2013,West Melbourne (Industrial),Construction,1
2013,West Melbourne (Industrial),Construction,3
2013,West Melbourne (Industrial),Wholesale Trade,54
2013,West Melbourne (Residential),Admin and Support Services,11
2013,West Melbourne (Residential),Arts and Recreation Services,4
2013,West Melbourne (Residential),Health Care and Social Assistance,1
2013,West Melbourne (Residential),Health Care and Social Assistance,11
2012,Carlton,Other Services,3
2012,Docklands,Admin and Support Services,22
2012,Docklands,Construction,2
2012,Docklands,Public Administration and Safety,5
2012,Docklands,Rental and Hiring Services,4
2012,East Melbourne,Food and Beverage Services,1
2012,East Melbourne,Arts and Recreation Services,16
2012,East Melbourne,Education and Training,4
2012,East Melbourne,Other Services,6
2012,East Melbourne,Business Services,22
2012,East Melbourne,Real Estate Services,5
2012,Kensington,Food and Beverage Services,1
2012,Kensington,Admin and Support Services,1
2012,Kensington,Construction,1
2012,Kensington,Manufacturing,9
2012,Kensington,Rental and Hiring Services,5
2012,Kensington,"Transport, Postal and Storage",2
2012,Kensington,"Transport, Postal and Storage",9
2012,Melbourne (CBD),Food Catering Services,4
2012,Melbourne (CBD),Education and Training,173
2012,Melbourne (CBD),Finance and Insurance,518
2012,Melbourne (CBD),Public Administration and Safety,1
2012,Melbourne (CBD),Wholesale Trade,12
2012,Melbourne (CBD),Wholesale Trade,1
2012,Melbourne (Remainder),Arts and Recreation Services,25
2012,Melbourne (Remainder),Finance and Insurance,8
2012,Melbourne (Remainder),"Transport, Postal and Storage",5
2012,North Melbourne,Admin and Support Services,7
2012,Parkville,Manufacturing,4
2012,Parkville,Retail Trade,1
2012,Parkville,Retail Trade,23
2012,Port Melbourne,Admin and Support Services,11
2012,Port Melbourne,Manufacturing,7
2012,Port Melbourne,Public Administration and Safety,2
2012,Port Melbourne,"Transport, Postal and Storage",2
2012,Port Melbourne,Wholesale Trade,52
2012,South Yarra,Food Catering Services,8
2011,Melbourne (Remainder),Finance and Insurance,8
2011,North Melbourne,Food and Beverage Services,92
2011,North Melbourne,Retail Trade,109
2011,Port Melbourne,Food and Beverage Services,2
2011,Port Melbourne,Business Services,14
2011,Southbank,"Electricity, Gas, Water",12
2011,Southbank,Business Services,79
2011,West Melbourne (Industrial),Arts and Recreation Services,8
2011,West Melbourne (Industrial),Rental and Hiring Services,4
2011,West Melbourne (Residential),Other Services,53
2010,Carlton,"Transport, Postal and Storage",1
2010,Docklands,Arts and Recreation Services,18
2010,East Melbourne,Arts and Recreation Services,17
2010,Kensington,Arts and Recreation Services,20
2010,Kensington,Real Estate Services,1
2010,Melbourne (CBD),Arts and Recreation Services,131
2010,Melbourne (CBD),Information Media,24
2010,Melbourne (CBD),Information Media,36
2010,Melbourne (CBD),Manufacturing,1
2010,Melbourne (CBD),Manufacturing,274
2010,Melbourne (CBD),Real Estate Services,1
2010,Melbourne (Remainder),Food and Beverage Services,3
2010,Melbourne (Remainder),Construction,5
2010,Melbourne (Remainder),Other Services,2
2010,North Melbourne,Arts and Recreation Services,31
2010,North Melbourne,Construction,2
2010,North Melbourne,"Electricity, Gas, Water",1
2010,North Melbourne,Public Administration and Safety,9
2010,Parkville,Food and Beverage Services,39
2010,Parkville,Arts and Recreation Services,1
2010,Parkville,Information Media,1
2010,Port Melbourne,"Electricity, Gas, Water",6
2010,Port Melbourne,Health Care and Social Assistance,1
2010,South Yarra,Health Care and Social Assistance,3
2010,South Yarra,Other Services,10
2010,South Yarra,Retail Trade,9
2010,Southbank,Food and Beverage Services,45
2010,Southbank,"Electricity, Gas, Water",19
2010,Southbank,Information Media,17
2010,Southbank,Rental and Hiring Services,6
2010,West Melbourne (Residential),Education and Training,7
2009,Carlton,Construction,4
2009,Carlton,Retail Trade,154
2009,Carlton,"Transport, Postal and Storage",4
2009,Carlton,Wholesale Trade,3
2009,Docklands,Admin and Support Services,21
2009,Docklands,Education and Training,2
2009,Docklands,Information Media,9
2009,Docklands,Business Services,3
2009,Docklands,Public Administration and Safety,5
2009,Docklands,Wholesale Trade,2
2009,East Melbourne,Admin and Support Services,5
2009,East Melbourne,Manufacturing,5
2009,East Melbourne,Agriculture and Mining,1
2009,Kensington,Education and Training,3
2009,Kensington,"Electricity, Gas, Water",2
2009,Kensington,"Transport, Postal and Storage",8
2009,Melbourne (CBD),Education and Training,89
2009,Melbourne (CBD),Finance and Insurance,39
2009,Melbourne (Remainder),Manufacturing,1
2009,Melbourne (Remainder),Wholesale Trade,6
2009,North Melbourne,Finance and Insurance,21
2009,North Melbourne,Health Care and Social Assistance,2
2009,Parkville,Construction,1
2009,Parkville,Health Care and Social Assistance,6
2009,Port Melbourne,Admin and Support Services,9
2009,Port Melbourne,Health Care and Social Assistance,1
2009,Port Melbourne,Agriculture and Mining,2
2009,Port Melbourne,"Transport, Postal and Storage",2
2009,South Yarra,Education and Training,7
2009,Southbank,Construction,11
2009,West Melbourne (Industrial),Manufacturing,6
2009,West Melbourne (Residential),Arts and Recreation Services,3
2009,West Melbourne (Residential),Retail Trade,44
2008,Carlton,Arts and Recreation Services,5
2008,Carlton,Arts and Recreation Services,17
2008,Carlton,Construction,9
2008,Carlton,Real Estate Services,14
2008,Docklands,Food Catering Services,1
2008,Docklands,Arts and Recreation Services,1
2008,Docklands,Information Media,3
2008,Docklands,Business Services,3
2008,Docklands,Public Administration and Safety,2
2008,East Melbourne,"Electricity, Gas, Water",5
2008,Kensington,Food and Beverage Services,24
2008,Kensington,Arts and Recreation Services,52
2008,Kensington,Finance and Insurance,4
2008,Kensington,"Transport, Postal and Storage",2
2008,Melbourne (CBD),Arts and Recreation Services,105
2008,Melbourne (CBD),Information Media,46
2008,Melbourne (CBD),Agriculture and Mining,3
2008,Melbourne (Remainder),"Electricity, Gas, Water",3
2008,Melbourne (Remainder),"Transport, Postal and Storage",1
2008,North Melbourne,Arts and Recreation Services,29
2008,North Melbourne,Education and Training,19
2008,Parkville,Business Services,6
2008,Port Melbourne,Information Media,1
2008,South Yarra,Food Catering Services,8
2008,Southbank,"Electricity, Gas, Water",1
2008,Southbank,Business Services,51
2008,Southbank,Public Administration and Safety,2
2008,Southbank,Wholesale Trade,3
2008,West Melbourne (Industrial),Information Media,1
2008,West Melbourne (Industrial),Rental and Hiring Services,12
2008,West Melbourne (Industrial),"Transport, Postal and Storage",3
2004,Kensington,"Transport, Postal and Storage",1
2004,Melbourne (CBD),Food and Beverage Services,893
2004,Melbourne (CBD),Education and Training,4
2004,Melbourne (CBD),Finance and Insurance,144
2004,Melbourne (CBD),Other Services,37
2004,Melbourne (CBD),Real Estate Services,101
2004,North Melbourne,Admin and Support Services,27
2004,North Melbourne,Construction,4
2004,Port Melbourne,Information Media,1
2004,Port Melbourne,Business Services,23
2004,South Yarra,Business Services,3
2004,South Yarra,Retail Trade,10
2004,Southbank,Food and Beverage Services,56
2004,Southbank,Admin and Support Services,3
2004,Southbank,Admin and Support Services,6
2004,Southbank,Arts and Recreation Services,7
2004,Southbank,Arts and Recreation Services,22
2004,Southbank,Construction,4
2004,Southbank,Education and Training,3
2004,Southbank,Finance and Insurance,9
2004,Southbank,Business Services,1
2004,Southbank,Business Services,52
2004,West Melbourne (Residential),Admin and Support Services,1
2004,West Melbourne (Residential),Arts and Recreation Services,3
2004,West Melbourne (Residential),Information Media,14
2004,West Melbourne (Residential),Manufacturing,8
2003,Carlton,Arts and Recreation Services,2
2003,Docklands,Food and Beverage Services,2
2003,East Melbourne,Agriculture and Mining,1
2003,East Melbourne,Business Services,15
2003,East Melbourne,Business Services,1
2003,East Melbourne,Public Administration and Safety,3
2003,East Melbourne,Retail Trade,15
2003,Kensington,Education and Training,1
2003,Kensington,Health Care and Social Assistance,1
2003,Melbourne (CBD),Admin and Support Services,404
2003,Melbourne (CBD),Construction,1
2003,Melbourne (CBD),Education and Training,98
2003,Melbourne (CBD),Agriculture and Mining,3
2003,Melbourne (Remainder),Food and Beverage Services,16
2003,Melbourne (Remainder),Admin and Support Services,1
2003,Melbourne (Remainder),Public Administration and Safety,2
2003,Melbourne (Remainder),Public Administration and Safety,2
2003,Melbourne (Remainder),Wholesale Trade,3
2003,North Melbourne,Construction,15
2003,North Melbourne,Information Media,26
2003,North Melbourne,Manufacturing,8
2003,North Melbourne,Business Services,127
2003,Parkville,Public Administration and Safety,1
2003,Port Melbourne,Arts and Recreation Services,3
2003,South Yarra,Education and Training,2
2003,Southbank,Health Care and Social Assistance,9
2003,Southbank,Rental and Hiring Services,7
2003,West Melbourne (Industrial),Construction,4
2003,West Melbourne (Industrial),Manufacturing,5
2003,West Melbourne (Industrial),Manufacturing,14
2003,West Melbourne (Residential),Finance and Insurance,14
2003,West Melbourne (Residential),Public Administration and Safety,3
2003,West Melbourne (Residential),"Transport, Postal and Storage",1
2002,Carlton,Admin and Support Services,4
2002,Carlton,Education and Training,43
2002,Carlton,Health Care and Social Assistance,1
2002,Carlton,Real Estate Services,12
2002,Docklands,Information Media,2
2002,Docklands,Other Services,2
2002,Docklands,Public Administration and Safety,3
2002,Docklands,"Transport, Postal and Storage",1
2002,East Melbourne,Food and Beverage Services,27
2002,East Melbourne,Arts and Recreation Services,1
2002,East Melbourne,Health Care and Social Assistance,10
2002,East Melbourne,Other Services,5
2002,East Melbourne,"Transport, Postal and Storage",4
2002,Melbourne (CBD),Food Catering Services,50
2002,Melbourne (CBD),Arts and Recreation Services,16
2002,Melbourne (CBD),Construction,1
2002,Melbourne (CBD),Education and Training,98
2002,Melbourne (CBD),"Electricity, Gas, Water",6
2002,Melbourne (CBD),Rental and Hiring Services,1
2002,Melbourne (CBD),Wholesale Trade,2
2002,North Melbourne,Information Media,22
2002,North Melbourne,Public Administration and Safety,5
2002,North Melbourne,Real Estate Services,6
2002,North Melbourne,Retail Trade,4
2002,North Melbourne,"Transport, Postal and Storage",6
2002,Parkville,Food Catering Services,6
2002,Parkville,Arts and Recreation Services,2
2002,Parkville,Other Services,1
2002,Port Melbourne,Admin and Support Services,1
2002,Port Melbourne,Retail Trade,3
2002,South Yarra,Arts and Recreation Services,1
2002,South Yarra,Education and Training,2
2002,South Yarra,Business Services,2
2002,Southbank,Public Administration and Safety,1
2002,Southbank,Rental and Hiring Services,7
2002,Southbank,Real Estate Services,6
2002,Southbank,Retail Trade,8
2002,West Melbourne (Residential),Admin and Support Services,2
2002,West Melbourne (Residential),Arts and Recreation Services,8
2002,West Melbourne (Residential),Education and Training,4
2023,City of Melbourne (total),Admin and Support Services,103
2023,City of Melbourne (total),Construction,10
2022,City of Melbourne (total),Food and Beverage Services,2127
2022,City of Melbourne (total),Arts and Recreation Services,107
2022,City of Melbourne (total),Manufacturing,61
2021,City of Melbourne (total),Health Care and Social Assistance,13
2021,City of Melbourne (total),Health Care and Social Assistance,161
2021,City of Melbourne (total),Agriculture and Mining,5
2021,City of Melbourne (total),Rental and Hiring Services,3
2021,City of Melbourne (total),Wholesale Trade,37
2020,City of Melbourne (total),Education and Training,341
2020,City of Melbourne (total),Education and Training,234
2020,City of Melbourne (total),"Electricity, Gas, Water",16
2020,City of Melbourne (total),Other Services,3
2020,City of Melbourne (total),Business Services,1710
2020,City of Melbourne (total),Real Estate Services,13
2020,City of Melbourne (total),Real Estate Services,65
2019,City of Melbourne (total),Education and Training,32
2019,City of Melbourne (total),Health Care and Social Assistance,23
2019,City of Melbourne (total),Other Services,117
2019,City of Melbourne (total),Business Services,2020
2015,City of Melbourne (total),Health Care and Social Assistance,942
2015,City of Melbourne (total),Information Media,25
2015,City of Melbourne (total),Manufacturing,14
2015,City of Melbourne (total),Other Services,100
2015,City of Melbourne (total),Public Administration and Safety,43
2014,City of Melbourne (total),Food Catering Services,39
2014,City of Melbourne (total),Agriculture and Mining,12
2011,City of Melbourne (total),Agriculture and Mining,11
2011,City of Melbourne (total),Arts and Recreation Services,15
2011,City of Melbourne (total),Manufacturing,493
2010,City of Melbourne (total),Arts and Recreation Services,16
2010,City of Melbourne (total),Education and Training,307
2010,City of Melbourne (total),Information Media,35
2005,City of Melbourne (total),Rental and Hiring Services,61
2004,City of Melbourne (total),Food and Beverage Services,13
2004,City of Melbourne (total),"Electricity, Gas, Water",7
2004,City of Melbourne (total),Public Administration and Safety,93
2004,City of Melbourne (total),Public Administration and Safety,108
2004,City of Melbourne (total),Public Administration and Safety,43
2004,City of Melbourne (total),Real Estate Services,25
2003,City of Melbourne (total),Arts and Recreation Services,11
2003,City of Melbourne (total),Other Services,114
2003,City of Melbourne (total),Public Administration and Safety,42
2003,City of Melbourne (total),Retail Trade,1707
2002,City of Melbourne (total),Food and Beverage Services,13
2002,City of Melbourne (total),Arts and Recreation Services,190
2002,City of Melbourne (total),Education and Training,14
2002,City of Melbourne (total),Manufacturing,59
2002,City of Melbourne (total),Manufacturing,14
2002,City of Melbourne (total),Agriculture and Mining,31
2002,City of Melbourne (total),Real Estate Services,2
2002,City of Melbourne (total),Rental and Hiring Services,50
2008,West Melbourne (Residential),"Electricity, Gas, Water",1
2008,West Melbourne (Residential),Information Media,14
2007,Carlton,Education and Training,26
2007,Carlton,Education and Training,4
2007,Carlton,Finance and Insurance,33
2007,Docklands,Information Media,3
2007,East Melbourne,Food Catering Services,2
2007,East Melbourne,Admin and Support Services,9
2007,East Melbourne,Arts and Recreation Services,1
2007,East Melbourne,Education and Training,9
2007,East Melbourne,Real Estate Services,1
2007,Kensington,Construction,3
2007,Kensington,Education and Training,1
2007,Melbourne (CBD),Arts and Recreation Services,1
2007,Melbourne (CBD),Education and Training,2
2007,Melbourne (CBD),Information Media,53
2007,Melbourne (CBD),Information Media,12
2007,Melbourne (CBD),Other Services,45
2007,Melbourne (CBD),Retail Trade,1535
2007,Melbourne (CBD),Wholesale Trade,1
2007,Melbourne (Remainder),Information Media,6
2007,Melbourne (Remainder),Other Services,21
2007,Melbourne (Remainder),Business Services,61
2007,North Melbourne,Finance and Insurance,21
2007,North Melbourne,Retail Trade,107
2007,Parkville,Business Services,1
2007,Port Melbourne,Admin and Support Services,1
2007,Port Melbourne,Finance and Insurance,1
2007,Port Melbourne,"Transport, Postal and Storage",5
2007,Southbank,Information Media,6
2007,Southbank,Agriculture and Mining,1
2007,Southbank,Business Services,35
2007,Southbank,Business Services,1
2007,West Melbourne (Industrial),Manufacturing,6
2007,West Melbourne (Industrial),Manufacturing,1
2007,West Melbourne (Industrial),Manufacturing,5
2007,West Melbourne (Residential),Arts and Recreation Services,8
2007,West Melbourne (Residential),"Electricity, Gas, Water",1
2007,West Melbourne (Residential),Other Services,57
2007,West Melbourne (Residential),Rental and Hiring Services,3
2007,West Melbourne (Residential),"Transport, Postal and Storage",2
2006,Carlton,Finance and Insurance,35
2006,Docklands,Food Catering Services,1
2006,Docklands,Admin and Support Services,3
2006,Docklands,Agriculture and Mining,2
2006,Docklands,Arts and Recreation Services,12
2006,Docklands,Finance and Insurance,5
2006,Docklands,Manufacturing,2
2006,Docklands,Other Services,16
2006,Docklands,Public Administration and Safety,2
2006,Docklands,Public Administration and Safety,4
2006,East Melbourne,"Electricity, Gas, Water",1
2006,East Melbourne,"Electricity, Gas, Water",1
2006,East Melbourne,Health Care and Social Assistance,10
2006,East Melbourne,Manufacturing,4
2006,East Melbourne,Business Services,11
2006,Kensington,Information Media,1
2006,Kensington,Real Estate Services,1
2006,Kensington,Rental and Hiring Services,1
2006,Kensington,"Transport, Postal and Storage",2
2006,Melbourne (CBD),Education and Training,8
2006,Melbourne (CBD),Manufacturing,1
2006,Melbourne (CBD),Manufacturing,8
2006,Melbourne (CBD),Retail Trade,71
2006,Melbourne (Remainder),Information Media,4
2006,North Melbourne,Admin and Support Services,7
2006,North Melbourne,Construction,14
2006,Parkville,Food Catering Services,7
2006,Parkville,Education and Training,1
2006,Southbank,Food and Beverage Services,41
2006,Southbank,Education and Training,4
2005,Carlton,Other Services,16
2005,Docklands,Arts and Recreation Services,12
2005,Docklands,Education and Training,1
2005,Docklands,Finance and Insurance,5
2005,Docklands,Manufacturing,2
2005,East Melbourne,Food and Beverage Services,4
2005,East Melbourne,Other Services,1
2005,East Melbourne,Public Administration and Safety,6
2005,Kensington,Food and Beverage Services,1
2005,Kensington,Food Catering Services,1
2005,Kensington,Public Administration and Safety,1
2005,Kensington,"Transport, Postal and Storage",3
2005,Melbourne (CBD),Food and Beverage Services,125
2005,Melbourne (CBD),"Electricity, Gas, Water",5
2005,Melbourne (CBD),Information Media,46
2005,Melbourne (CBD),Wholesale Trade,1
2005,Melbourne (Remainder),Finance and Insurance,10
2005,North Melbourne,Health Care and Social Assistance,1
2005,North Melbourne,"Transport, Postal and Storage",31
2005,Parkville,Arts and Recreation Services,2
2005,Parkville,Retail Trade,17
2005,Port Melbourne,Manufacturing,5
2005,Port Melbourne,Other Services,1
2005,Southbank,Admin and Support Services,3
2005,West Melbourne (Residential),Construction,8
2005,West Melbourne (Residential),Education and Training,4
2004,Carlton,Information Media,1
2004,Docklands,Business Services,1
2004,Docklands,Retail Trade,1
2004,East Melbourne,Finance and Insurance,6
2004,East Melbourne,Health Care and Social Assistance,85
2004,East Melbourne,Information Media,1
2004,Kensington,Business Services,8
2004,Southbank,"Transport, Postal and Storage",4
2004,West Melbourne (Residential),Health Care and Social Assistance,5
2004,West Melbourne (Residential),Information Media,4
2004,West Melbourne (Residential),Business Services,80
2004,West Melbourne (Residential),"Transport, Postal and Storage",1
2003,Carlton,Food Catering Services,4
2003,Carlton,"Transport, Postal and Storage",7
2003,Carlton,Wholesale Trade,1
2003,Docklands,Food Catering Services,1
2003,Docklands,Other Services,10
2003,East Melbourne,Education and Training,7
2003,East Melbourne,Real Estate Services,7
2003,East Melbourne,Wholesale Trade,6
2003,Kensington,Admin and Support Services,1
2003,Kensington,Arts and Recreation Services,1
2003,Kensington,Health Care and Social Assistance,1
2003,Kensington,Real Estate Services,1
2003,Kensington,Retail Trade,7
2003,Kensington,"Transport, Postal and Storage",1
2003,Melbourne (CBD),Agriculture and Mining,1
2003,Melbourne (CBD),Finance and Insurance,428
2003,Melbourne (CBD),Information Media,49
2003,Melbourne (Remainder),Health Care and Social Assistance,2
2003,Melbourne (Remainder),Real Estate Services,5
2003,North Melbourne,Food and Beverage Services,2
2003,North Melbourne,Food Catering Services,9
2003,North Melbourne,Public Administration and Safety,3
2003,North Melbourne,Rental and Hiring Services,9
2003,North Melbourne,Wholesale Trade,4
2003,Parkville,Manufacturing,2
2003,Port Melbourne,Rental and Hiring Services,2
2002,Kensington,Arts and Recreation Services,13
2002,Melbourne (CBD),Admin and Support Services,404
2002,Melbourne (CBD),Agriculture and Mining,1
2002,Melbourne (CBD),"Electricity, Gas, Water",33
2002,Melbourne (CBD),Agriculture and Mining,3
2002,Melbourne (CBD),Rental and Hiring Services,1
2002,Melbourne (Remainder),Admin and Support Services,1
2002,Melbourne (Remainder),Admin and Support Services,23
2002,Melbourne (Remainder),Retail Trade,1
2002,North Melbourne,Food and Beverage Services,1
2002,North Melbourne,Arts and Recreation Services,6
2002,North Melbourne,Construction,4
2002,North Melbourne,Health Care and Social Assistance,1
2002,North Melbourne,Other Services,114
2002,Parkville,Education and Training,3
2002,Parkville,Retail Trade,1
2002,Port Melbourne,Education and Training,1
2002,Port Melbourne,Information Media,6
2002,Port Melbourne,"Transport, Postal and Storage",2
2002,South Yarra,Food Catering Services,1
2002,Southbank,Food and Beverage Services,38
2002,Southbank,Food Catering Services,1
2002,Southbank,Admin and Support Services,3
2002,Southbank,Admin and Support Services,4
2022,City of Melbourne (total),Health Care and Social Assistance,799
2022,City of Melbourne (total),Public Administration and Safety,13
2021,City of Melbourne (total),Construction,206
2021,City of Melbourne (total),"Electricity, Gas, Water",17
2021,City of Melbourne (total),"Electricity, Gas, Water",11
2021,City of Melbourne (total),Information Media,17
2020,City of Melbourne (total),Business Services,8
2019,City of Melbourne (total),Food Catering Services,10
2019,City of Melbourne (total),Agriculture and Mining,4
2019,City of Melbourne (total),Arts and Recreation Services,290
2019,City of Melbourne (total),Manufacturing,61
2019,City of Melbourne (total),Other Services,4
2017,City of Melbourne (total),"Electricity, Gas, Water",17
2017,City of Melbourne (total),Agriculture and Mining,28
2009,City of Melbourne (total),Construction,53
2009,City of Melbourne (total),"Electricity, Gas, Water",15
2009,City of Melbourne (total),Manufacturing,3
2009,City of Melbourne (total),Manufacturing,480
2009,City of Melbourne (total),Retail Trade,97
2009,City of Melbourne (total),"Transport, Postal and Storage",79
2009,City of Melbourne (total),Wholesale Trade,9
2008,City of Melbourne (total),Admin and Support Services,609
2008,City of Melbourne (total),Admin and Support Services,117
2008,City of Melbourne (total),Agriculture and Mining,12
2008,City of Melbourne (total),Arts and Recreation Services,248
2008,City of Melbourne (total),"Electricity, Gas, Water",160
2008,City of Melbourne (total),Finance and Insurance,202
2008,City of Melbourne (total),Manufacturing,64
2008,City of Melbourne (total),"Transport, Postal and Storage",12
2008,City of Melbourne (total),Wholesale Trade,562
2007,City of Melbourne (total),Food Catering Services,131
2007,City of Melbourne (total),Food and Beverage Services,12
2007,City of Melbourne (total),Admin and Support Services,589
2007,City of Melbourne (total),"Transport, Postal and Storage",13
2006,City of Melbourne (total),Food and Beverage Services,5
2006,City of Melbourne (total),Agriculture and Mining,14
2006,City of Melbourne (total),Other Services,1004
2006,City of Melbourne (total),Other Services,87
2006,City of Melbourne (total),Business Services,18
2006,City of Melbourne (total),Business Services,360
2006,City of Melbourne (total),Rental and Hiring Services,60
2006,City of Melbourne (total),Rental and Hiring Services,1
2006,City of Melbourne (total),"Transport, Postal and Storage",212
2005,City of Melbourne (total),Food Catering Services,17
2005,City of Melbourne (total),Agriculture and Mining,14
2005,City of Melbourne (total),Arts and Recreation Services,56
2005,City of Melbourne (total),Education and Training,13
2005,City of Melbourne (total),Finance and Insurance,2
2005,City of Melbourne (total),Other Services,84
2005,City of Melbourne (total),Real Estate Services,171
2004,City of Melbourne (total),Food and Beverage Services,4
2004,City of Melbourne (total),Arts and Recreation Services,203
2004,City of Melbourne (total),Education and Training,185
2004,City of Melbourne (total),"Electricity, Gas, Water",136
2004,City of Melbourne (total),"Electricity, Gas, Water",18
2004,City of Melbourne (total),"Electricity, Gas, Water",13
2004,City of Melbourne (total),Finance and Insurance,182
2004,City of Melbourne (total),Health Care and Social Assistance,18
2004,City of Melbourne (total),Other Services,4
2004,City of Melbourne (total),Business Services,14
2003,City of Melbourne (total),Education and Training,14
2007,South Yarra,Food and Beverage Services,4
2007,Southbank,Admin and Support Services,3
2007,Southbank,"Electricity, Gas, Water",1
2007,Southbank,Health Care and Social Assistance,1
2007,Southbank,Agriculture and Mining,3
2007,Southbank,Real Estate Services,5
2007,West Melbourne (Industrial),Finance and Insurance,1
2007,West Melbourne (Industrial),"Transport, Postal and Storage",3
2007,West Melbourne (Residential),Business Services,2
2007,West Melbourne (Residential),Rental and Hiring Services,1
2006,Carlton,Construction,5
2006,Carlton,Education and Training,37
2006,Carlton,Finance and Insurance,1
2006,Carlton,Wholesale Trade,24
2006,Docklands,Food and Beverage Services,1
2006,Docklands,Food Catering Services,2
2006,Docklands,Food and Beverage Services,77
2006,East Melbourne,Food and Beverage Services,4
2006,East Melbourne,Admin and Support Services,3
2006,Kensington,Admin and Support Services,2
2006,Kensington,Health Care and Social Assistance,1
2006,Kensington,"Transport, Postal and Storage",2
2006,Melbourne (CBD),Admin and Support Services,3
2006,Melbourne (CBD),Rental and Hiring Services,1
2006,Melbourne (CBD),Retail Trade,6
2006,North Melbourne,Manufacturing,6
2006,Port Melbourne,Rental and Hiring Services,2
2006,South Yarra,Food and Beverage Services,4
2006,South Yarra,"Electricity, Gas, Water",5
2006,Southbank,Food Catering Services,3
2006,Southbank,Information Media,22
2006,Southbank,Business Services,35
2006,Southbank,Rental and Hiring Services,1
2006,West Melbourne (Industrial),Arts and Recreation Services,7
2006,West Melbourne (Industrial),Finance and Insurance,1
2006,West Melbourne (Residential),Education and Training,6
2006,West Melbourne (Residential),Manufacturing,5
2006,West Melbourne (Residential),Retail Trade,1
2005,Carlton,Construction,1
2005,Carlton,"Electricity, Gas, Water",16
2005,Carlton,Public Administration and Safety,9
2005,Carlton,"Transport, Postal and Storage",3
2005,Docklands,Finance and Insurance,1
2005,Docklands,Information Media,2
2005,Docklands,Information Media,3
2005,Docklands,"Transport, Postal and Storage",24
2005,East Melbourne,Arts and Recreation Services,1
2005,East Melbourne,Health Care and Social Assistance,5
2005,East Melbourne,Business Services,1
2005,East Melbourne,Business Services,67
2005,East Melbourne,Public Administration and Safety,7
2005,Kensington,Food and Beverage Services,9
2005,Kensington,"Transport, Postal and Storage",1
2005,Melbourne (CBD),Food Catering Services,2
2005,Melbourne (CBD),Food Catering Services,48
2005,Melbourne (CBD),Health Care and Social Assistance,331
2005,Melbourne (CBD),Other Services,35
2005,Melbourne (CBD),Business Services,1211
2005,Melbourne (CBD),Wholesale Trade,7
2005,Melbourne (Remainder),Food Catering Services,1
2005,Melbourne (Remainder),Food and Beverage Services,20
2005,Melbourne (Remainder),Construction,5
2005,Melbourne (Remainder),Finance and Insurance,18
2005,Melbourne (Remainder),Health Care and Social Assistance,4
2005,Melbourne (Remainder),Manufacturing,5
2005,Parkville,Manufacturing,1
2005,Port Melbourne,Admin and Support Services,1
2005,Southbank,Admin and Support Services,6
2005,Southbank,Agriculture and Mining,2
2005,Southbank,Construction,4
2005,Southbank,Education and Training,2
2005,Southbank,Other Services,4
2005,Southbank,Business Services,1
2005,Southbank,Real Estate Services,1
2005,Southbank,Real Estate Services,9
2005,West Melbourne (Industrial),Rental and Hiring Services,15
2005,West Melbourne (Residential),Admin and Support Services,19
2005,West Melbourne (Residential),Retail Trade,3
2005,West Melbourne (Residential),"Transport, Postal and Storage",1
2004,Carlton,Business Services,5
2004,Carlton,Retail Trade,7
2004,Docklands,"Electricity, Gas, Water",1
2004,Docklands,Wholesale Trade,3
2004,East Melbourne,Food Catering Services,4
2004,East Melbourne,Food Catering Services,16
2004,East Melbourne,Education and Training,7
2004,East Melbourne,Business Services,15
2004,Kensington,Other Services,1
2023,Carlton,Construction,8
2023,Carlton,Health Care and Social Assistance,88
2023,Carlton,Information Media,7
2023,Carlton,Other Services,87
2023,Carlton,Real Estate Services,12
2023,Carlton,Retail Trade,98
2023,Docklands,Food and Beverage Services,207
2023,Docklands,Education and Training,8
2023,Docklands,Agriculture and Mining,2
2023,Docklands,Other Services,14
2023,Docklands,Business Services,17
2023,Docklands,Retail Trade,1
2023,Docklands,"Transport, Postal and Storage",4
2023,East Melbourne,Food and Beverage Services,1
2023,East Melbourne,Arts and Recreation Services,11
2023,East Melbourne,Education and Training,2
2023,East Melbourne,"Electricity, Gas, Water",7
2023,East Melbourne,Finance and Insurance,6
2023,East Melbourne,Other Services,2
2023,Kensington,Food and Beverage Services,4
2023,Kensington,Finance and Insurance,2
2023,Kensington,Real Estate Services,5
2023,Melbourne (CBD),Agriculture and Mining,1
2023,Melbourne (CBD),Agriculture and Mining,2
2023,Melbourne (CBD),"Electricity, Gas, Water",14
2023,Melbourne (CBD),Finance and Insurance,177
2023,Melbourne (CBD),Health Care and Social Assistance,54
2023,Melbourne (CBD),Agriculture and Mining,8
2023,Melbourne (CBD),Agriculture and Mining,16
2023,Melbourne (CBD),Other Services,52
2023,Melbourne (CBD),Business Services,928
2023,Melbourne (CBD),Public Administration and Safety,78
2023,Melbourne (CBD),Retail Trade,4
2023,Melbourne (CBD),"Transport, Postal and Storage",40
2023,Melbourne (Remainder),Food Catering Services,1
2023,Melbourne (Remainder),Construction,1
2023,Melbourne (Remainder),Education and Training,4
2023,Melbourne (Remainder),Education and Training,3
2023,Melbourne (Remainder),Other Services,1
2023,Melbourne (Remainder),Public Administration and Safety,1
2023,Melbourne (Remainder),Public Administration and Safety,2
2023,North Melbourne,Food Catering Services,6
2023,North Melbourne,Admin and Support Services,20
2023,North Melbourne,Education and Training,1
2023,North Melbourne,"Electricity, Gas, Water",24
2023,North Melbourne,"Transport, Postal and Storage",1
2023,Parkville,Food and Beverage Services,9
2023,Parkville,Food Catering Services,7
2023,Parkville,Education and Training,10
2023,Parkville,Other Services,6
2023,Parkville,Public Administration and Safety,1
2023,Port Melbourne,Food and Beverage Services,3
2023,Port Melbourne,Admin and Support Services,5
2023,Port Melbourne,Arts and Recreation Services,5
2023,Port Melbourne,Construction,45
2023,Port Melbourne,"Electricity, Gas, Water",6
2023,Port Melbourne,"Electricity, Gas, Water",4
2023,Port Melbourne,Information Media,2
2023,Port Melbourne,Manufacturing,4
2023,Port Melbourne,Other Services,15
2023,Port Melbourne,Public Administration and Safety,2
2023,Port Melbourne,Public Administration and Safety,8
2023,Port Melbourne,"Transport, Postal and Storage",19
2023,South Yarra,Health Care and Social Assistance,1
2023,Southbank,Education and Training,8
2023,Southbank,Education and Training,5
2023,Southbank,"Electricity, Gas, Water",4
2023,Southbank,Health Care and Social Assistance,8
2023,Southbank,Business Services,41
2023,West Melbourne (Industrial),Arts and Recreation Services,1
2023,West Melbourne (Industrial),Information Media,3
2023,West Melbourne (Industrial),Retail Trade,5
2023,West Melbourne (Industrial),"Transport, Postal and Storage",18
2023,West Melbourne (Residential),Food and Beverage Services,56
2023,West Melbourne (Residential),Admin and Support Services,1
2023,West Melbourne (Residential),"Electricity, Gas, Water",8
2023,West Melbourne (Residential),Manufacturing,11
2023,West Melbourne (Residential),Public Administration and Safety,1
2022,Carlton,Business Services,1
2022,Docklands,Finance and Insurance,25
2022,Docklands,Business Services,1
2022,Docklands,"Transport, Postal and Storage",16
2022,Docklands,Wholesale Trade,1
2022,Docklands,Wholesale Trade,12
2022,East Melbourne,Food and Beverage Services,33
2022,East Melbourne,Admin and Support Services,3
2022,East Melbourne,Construction,3
2022,East Melbourne,Health Care and Social Assistance,176
2022,East Melbourne,Other Services,8
2022,East Melbourne,"Transport, Postal and Storage",3
2022,East Melbourne,Wholesale Trade,2
2022,Kensington,Arts and Recreation Services,13
2022,Kensington,Public Administration and Safety,2
2022,Melbourne (CBD),Food Catering Services,7
2022,Melbourne (CBD),Food and Beverage Services,23
2022,Melbourne (CBD),Admin and Support Services,175
2022,Melbourne (CBD),Education and Training,5
2022,Melbourne (CBD),Finance and Insurance,376
2022,Melbourne (CBD),Business Services,928
2022,Melbourne (CBD),Retail Trade,1015
2022,Melbourne (CBD),Wholesale Trade,5
2022,Melbourne (Remainder),Admin and Support Services,1
2022,Melbourne (Remainder),Construction,6
2022,Melbourne (Remainder),Health Care and Social Assistance,2
2022,Melbourne (Remainder),Health Care and Social Assistance,2
2022,Melbourne (Remainder),Other Services,1
2022,Melbourne (Remainder),Retail Trade,14
2022,Melbourne (Remainder),"Transport, Postal and Storage",2
2022,Port Melbourne,Manufacturing,5
2022,Port Melbourne,Public Administration and Safety,9
2022,South Yarra,Public Administration and Safety,1
2022,Southbank,Arts and Recreation Services,6
2022,Southbank,Construction,11
2022,Southbank,Education and Training,5
2022,Southbank,Public Administration and Safety,6
2021,North Melbourne,Construction,7
2021,North Melbourne,Health Care and Social Assistance,73
2021,North Melbourne,Public Administration and Safety,4
2021,North Melbourne,"Transport, Postal and Storage",14
2021,Parkville,Food Catering Services,7
2021,Parkville,Health Care and Social Assistance,17
2021,Parkville,Business Services,9
2021,Parkville,Real Estate Services,1
2021,Port Melbourne,Agriculture and Mining,1
2021,Port Melbourne,Construction,42
2021,Port Melbourne,"Electricity, Gas, Water",6
2021,West Melbourne (Residential),Business Services,12
2021,West Melbourne (Residential),Public Administration and Safety,3
2020,Carlton,Arts and Recreation Services,1
2020,Carlton,Construction,1
2020,Carlton,Health Care and Social Assistance,4
2020,Carlton,Information Media,1
2020,Carlton,Other Services,85
2020,Carlton,Retail Trade,101
2019,North Melbourne,Finance and Insurance,3
2019,North Melbourne,Other Services,119
2019,Parkville,Food and Beverage Services,8
2019,Parkville,Education and Training,3
2019,Parkville,"Electricity, Gas, Water",5
2019,Port Melbourne,Construction,4
2019,Port Melbourne,Real Estate Services,7
2019,Port Melbourne,Retail Trade,7
2019,South Yarra,Public Administration and Safety,1
2019,Southbank,Food and Beverage Services,150
2019,Southbank,Agriculture and Mining,1
2019,Southbank,Construction,17
2019,Southbank,Retail Trade,1
2019,Southbank,Retail Trade,213
2019,West Melbourne (Industrial),Arts and Recreation Services,3
2019,West Melbourne (Industrial),Construction,6
2019,West Melbourne (Residential),Arts and Recreation Services,5
2019,West Melbourne (Residential),Finance and Insurance,9
2019,West Melbourne (Residential),Health Care and Social Assistance,4
2019,West Melbourne (Residential),Information Media,5
2019,West Melbourne (Residential),Other Services,4
2019,West Melbourne (Residential),Other Services,44
2019,West Melbourne (Residential),Public Administration and Safety,2
2019,West Melbourne (Residential),"Transport, Postal and Storage",15
2019,West Melbourne (Residential),Wholesale Trade,22
2018,Carlton,Admin and Support Services,3
2018,Carlton,Admin and Support Services,2
2018,Carlton,Health Care and Social Assistance,22
2018,Carlton,Business Services,21
2018,East Melbourne,Health Care and Social Assistance,204
2018,East Melbourne,Public Administration and Safety,6
2018,Kensington,Food and Beverage Services,3
2018,Kensington,Construction,25
2018,Kensington,"Electricity, Gas, Water",11
2018,Melbourne (CBD),Real Estate Services,196
2018,Melbourne (CBD),"Transport, Postal and Storage",22
2018,Melbourne (Remainder),Food and Beverage Services,39
2018,Melbourne (Remainder),Arts and Recreation Services,12
2018,North Melbourne,Education and Training,1
2018,North Melbourne,Manufacturing,2
2018,North Melbourne,"Transport, Postal and Storage",16
2018,North Melbourne,Wholesale Trade,4
2018,Parkville,Information Media,1
2018,Parkville,Retail Trade,22
2018,Parkville,Wholesale Trade,1
2012,Port Melbourne,Other Services,3
2012,Southbank,Arts and Recreation Services,15
2012,Southbank,Information Media,2
2012,Southbank,Information Media,13
2012,Southbank,Other Services,29
2012,Southbank,"Transport, Postal and Storage",1
2012,Southbank,"Transport, Postal and Storage",1
2012,Southbank,Wholesale Trade,2
2012,West Melbourne (Industrial),Information Media,1
2012,West Melbourne (Industrial),Information Media,3
2012,West Melbourne (Industrial),"Transport, Postal and Storage",18
2012,West Melbourne (Residential),Food and Beverage Services,54
2012,West Melbourne (Residential),Admin and Support Services,11
2012,West Melbourne (Residential),Other Services,3
2012,West Melbourne (Residential),Rental and Hiring Services,2
2012,West Melbourne (Residential),"Transport, Postal and Storage",1
2012,West Melbourne (Residential),Wholesale Trade,31
2011,Carlton,Arts and Recreation Services,14
2011,Carlton,Wholesale Trade,3
2011,Docklands,Food Catering Services,4
2011,Docklands,Finance and Insurance,5
2011,Kensington,Construction,1
2011,Kensington,Education and Training,1
2011,Kensington,Health Care and Social Assistance,7
2011,Kensington,Business Services,27
2011,Kensington,Retail Trade,38
2011,Melbourne (CBD),Admin and Support Services,421
2011,Melbourne (CBD),Information Media,130
2011,Melbourne (CBD),Agriculture and Mining,39
2011,Melbourne (CBD),Business Services,52
2011,Melbourne (Remainder),Manufacturing,9
2011,North Melbourne,Admin and Support Services,6
2011,North Melbourne,"Electricity, Gas, Water",22
2011,North Melbourne,Information Media,29
2011,North Melbourne,Retail Trade,4
2011,North Melbourne,Wholesale Trade,3
2011,Parkville,Food Catering Services,5
2011,Parkville,Arts and Recreation Services,1
2011,Parkville,Finance and Insurance,6
2011,Parkville,Health Care and Social Assistance,72
2011,Parkville,Manufacturing,3
2011,Port Melbourne,Food Catering Services,1
2011,Port Melbourne,Health Care and Social Assistance,1
2011,Southbank,Finance and Insurance,11
2011,Southbank,Other Services,19
2011,Southbank,Business Services,1
2011,West Melbourne (Industrial),Food and Beverage Services,7
2011,West Melbourne (Industrial),Information Media,1
2011,West Melbourne (Industrial),Other Services,5
2011,West Melbourne (Residential),Education and Training,10
2011,West Melbourne (Residential),Other Services,5
2011,West Melbourne (Residential),Retail Trade,1
2011,West Melbourne (Residential),Wholesale Trade,39
2010,Carlton,Construction,4
2010,Carlton,Health Care and Social Assistance,1
2010,Carlton,Health Care and Social Assistance,14
2010,Carlton,Health Care and Social Assistance,84
2010,Carlton,Real Estate Services,13
2010,Docklands,Food and Beverage Services,2
2010,Docklands,Food Catering Services,4
2010,Docklands,Admin and Support Services,7
2010,Docklands,Admin and Support Services,21
2010,Docklands,Arts and Recreation Services,1
2010,Docklands,"Electricity, Gas, Water",9
2010,Docklands,Finance and Insurance,20
2010,Docklands,Information Media,5
2010,Docklands,Other Services,38
2010,Docklands,Business Services,3
2010,Docklands,Business Services,82
2010,Docklands,Real Estate Services,3
2010,East Melbourne,Food Catering Services,17
2010,East Melbourne,Information Media,1
2010,East Melbourne,Manufacturing,1
2010,East Melbourne,Other Services,9
2010,East Melbourne,Other Services,5
2010,East Melbourne,Business Services,1
2010,East Melbourne,Business Services,62
2010,East Melbourne,Public Administration and Safety,3
2010,East Melbourne,Retail Trade,18
2010,Kensington,Admin and Support Services,1
2010,Kensington,Construction,13
2010,Kensington,Education and Training,3
2010,Kensington,Health Care and Social Assistance,14
2010,Kensington,Other Services,1
2010,Melbourne (CBD),Food and Beverage Services,4
2010,Melbourne (CBD),Food Catering Services,60
2010,Melbourne (CBD),Arts and Recreation Services,24
2010,Melbourne (CBD),Construction,61
2010,Melbourne (CBD),Education and Training,9
2010,Melbourne (CBD),"Electricity, Gas, Water",11
2010,Melbourne (CBD),Finance and Insurance,507
2010,Melbourne (CBD),Public Administration and Safety,85
2010,Melbourne (CBD),Public Administration and Safety,1
2010,Melbourne (CBD),Retail Trade,11
2010,Melbourne (CBD),"Transport, Postal and Storage",6
2010,Melbourne (CBD),Wholesale Trade,109
2010,Melbourne (Remainder),Admin and Support Services,18
2010,Melbourne (Remainder),Arts and Recreation Services,10
2010,Melbourne (Remainder),Construction,5
2010,Melbourne (Remainder),"Electricity, Gas, Water",3
2010,Melbourne (Remainder),Information Media,6
2010,Melbourne (Remainder),Public Administration and Safety,3
2010,Melbourne (Remainder),"Transport, Postal and Storage",1
2010,North Melbourne,Food and Beverage Services,3
2010,North Melbourne,Admin and Support Services,6
2010,North Melbourne,Education and Training,1
2010,North Melbourne,Information Media,3
2010,North Melbourne,Business Services,15
2010,North Melbourne,Business Services,2
2010,North Melbourne,Real Estate Services,8
2010,North Melbourne,Wholesale Trade,68
2010,Parkville,Agriculture and Mining,1
2010,Parkville,Arts and Recreation Services,23
2010,Parkville,Health Care and Social Assistance,6
2010,Parkville,Retail Trade,23
2010,Parkville,"Transport, Postal and Storage",4
2010,Port Melbourne,Arts and Recreation Services,5
2010,Port Melbourne,Retail Trade,3
2010,South Yarra,Food and Beverage Services,1
2010,South Yarra,Education and Training,2
2010,South Yarra,"Electricity, Gas, Water",5
2010,Southbank,Construction,11
2010,Southbank,Other Services,41
2010,West Melbourne (Industrial),Food and Beverage Services,1
2010,West Melbourne (Industrial),Information Media,2
2010,West Melbourne (Industrial),Manufacturing,4
2010,West Melbourne (Industrial),Retail Trade,8
2010,West Melbourne (Industrial),"Transport, Postal and Storage",4
2010,West Melbourne (Industrial),"Transport, Postal and Storage",26
2010,West Melbourne (Industrial),Wholesale Trade,48
2010,West Melbourne (Residential),"Electricity, Gas, Water",2
2010,West Melbourne (Residential),Health Care and Social Assistance,4
2010,West Melbourne (Residential),Other Services,5
2010,West Melbourne (Residential),Wholesale Trade,3
2009,Carlton,Business Services,2
2009,Carlton,Business Services,12
2009,Carlton,Public Administration and Safety,12
2009,Carlton,Retail Trade,5
2009,Docklands,Food and Beverage Services,11
2009,Docklands,Arts and Recreation Services,18
2009,Docklands,Finance and Insurance,20
2009,Docklands,Information Media,1
2009,Docklands,Other Services,2
2009,Docklands,Other Services,14
2009,Docklands,Other Services,38
2009,Docklands,Real Estate Services,3
2009,Docklands,"Transport, Postal and Storage",4
2009,East Melbourne,Education and Training,1
2009,East Melbourne,Education and Training,8
2009,East Melbourne,Information Media,6
2009,East Melbourne,Other Services,5
2009,Kensington,Food Catering Services,1
2009,Kensington,Food and Beverage Services,24
2009,Kensington,Information Media,2
2009,Melbourne (CBD),Food and Beverage Services,6
2009,Melbourne (CBD),Food Catering Services,63
2009,Melbourne (CBD),Food and Beverage Services,1121
2009,Melbourne (CBD),Construction,2
2009,Melbourne (CBD),Health Care and Social Assistance,357
2009,Melbourne (CBD),Other Services,39
2009,Melbourne (CBD),Business Services,12
2009,Melbourne (CBD),Public Administration and Safety,82
2009,Melbourne (CBD),Real Estate Services,4
2009,Melbourne (Remainder),Agriculture and Mining,1
2009,Melbourne (Remainder),Arts and Recreation Services,4
2009,Melbourne (Remainder),Arts and Recreation Services,22
2009,Melbourne (Remainder),Construction,2
2009,North Melbourne,Food and Beverage Services,3
2009,North Melbourne,Food Catering Services,4
2009,North Melbourne,Food and Beverage Services,3
2009,North Melbourne,Construction,32
2009,North Melbourne,Health Care and Social Assistance,5
2009,North Melbourne,Manufacturing,8
2009,North Melbourne,Other Services,128
2009,North Melbourne,Public Administration and Safety,4
2009,North Melbourne,Rental and Hiring Services,13
2009,Parkville,Admin and Support Services,2
2009,Parkville,Manufacturing,1
2009,Parkville,Business Services,1
2009,Parkville,Public Administration and Safety,2
2009,Port Melbourne,Admin and Support Services,2
2009,Port Melbourne,Information Media,1
2009,Port Melbourne,Business Services,43
2009,South Yarra,Food and Beverage Services,1
2009,South Yarra,Arts and Recreation Services,5
2009,South Yarra,Other Services,10
2009,Southbank,Food Catering Services,2
2009,Southbank,Agriculture and Mining,2
2009,Southbank,Finance and Insurance,8
2009,Southbank,Information Media,8
2009,Southbank,Rental and Hiring Services,1
2009,West Melbourne (Industrial),Food and Beverage Services,1
2009,West Melbourne (Industrial),Agriculture and Mining,1
2009,West Melbourne (Residential),"Electricity, Gas, Water",1
2009,West Melbourne (Residential),Rental and Hiring Services,4
2008,Carlton,Food and Beverage Services,16
2008,Carlton,Agriculture and Mining,1
2008,Carlton,Education and Training,4
2008,Carlton,Health Care and Social Assistance,74
2008,Carlton,Wholesale Trade,1
2008,Carlton,Wholesale Trade,1
2008,Docklands,Admin and Support Services,16
2008,Docklands,Construction,3
2008,Docklands,Construction,10
2008,Docklands,Manufacturing,8
2008,Docklands,Business Services,1
2008,Docklands,Real Estate Services,27
2008,East Melbourne,Admin and Support Services,3
2008,East Melbourne,Arts and Recreation Services,9
2008,East Melbourne,Education and Training,1
2008,East Melbourne,"Electricity, Gas, Water",2
2008,East Melbourne,Finance and Insurance,10
2008,East Melbourne,Finance and Insurance,7
2008,East Melbourne,Real Estate Services,1
2008,Kensington,Admin and Support Services,6
2008,Kensington,Construction,1
2008,Kensington,Business Services,14
2008,Kensington,Rental and Hiring Services,3
2008,Melbourne (CBD),"Electricity, Gas, Water",6
2008,Melbourne (CBD),Health Care and Social Assistance,28
2008,Melbourne (CBD),Agriculture and Mining,38
2008,Parkville,Manufacturing,1
2008,Port Melbourne,Business Services,43
2008,Southbank,Agriculture and Mining,1
2008,Southbank,Public Administration and Safety,9
2017,Parkville,Other Services,4
2017,Port Melbourne,Wholesale Trade,18
2017,Southbank,Construction,1
2017,Southbank,Education and Training,9
2017,Southbank,Other Services,2
2017,Southbank,Rental and Hiring Services,4
2017,West Melbourne (Industrial),Food and Beverage Services,6
2017,West Melbourne (Industrial),Wholesale Trade,1
2017,West Melbourne (Residential),Admin and Support Services,14
2017,West Melbourne (Residential),Wholesale Trade,2
2016,Carlton,Food Catering Services,6
2016,Carlton,Public Administration and Safety,1
2016,Docklands,Food and Beverage Services,1
2016,Docklands,Admin and Support Services,9
2016,Docklands,Arts and Recreation Services,15
2016,Docklands,"Transport, Postal and Storage",6
2016,East Melbourne,Food Catering Services,8
2016,East Melbourne,Arts and Recreation Services,7
2016,East Melbourne,Finance and Insurance,9
2016,East Melbourne,Retail Trade,12
2016,Kensington,Wholesale Trade,25
2016,Melbourne (CBD),Health Care and Social Assistance,4
2016,Melbourne (CBD),Manufacturing,1
2016,Melbourne (CBD),Other Services,814
2016,Melbourne (CBD),Retail Trade,14
2016,Melbourne (Remainder),Food and Beverage Services,6
2016,Melbourne (Remainder),Food and Beverage Services,42
2016,Melbourne (Remainder),Finance and Insurance,2
2016,Melbourne (Remainder),Information Media,4
2016,North Melbourne,Agriculture and Mining,1
2016,North Melbourne,Education and Training,1
2016,North Melbourne,Health Care and Social Assistance,94
2016,North Melbourne,Other Services,10
2016,North Melbourne,Other Services,121
2016,North Melbourne,Rental and Hiring Services,1
2016,Parkville,Health Care and Social Assistance,13
2016,Parkville,Real Estate Services,1
2016,Port Melbourne,Information Media,4
2016,Port Melbourne,Retail Trade,20
2016,South Yarra,Education and Training,6
2016,Southbank,Other Services,23
2016,Southbank,Business Services,5
2016,West Melbourne (Industrial),Manufacturing,2
2016,West Melbourne (Industrial),Public Administration and Safety,1
2016,West Melbourne (Residential),Health Care and Social Assistance,1
2016,West Melbourne (Residential),Business Services,80
2016,West Melbourne (Residential),Public Administration and Safety,1
2015,Carlton,Admin and Support Services,7
2015,Carlton,Education and Training,4
2015,Carlton,Real Estate Services,21
2015,Docklands,Arts and Recreation Services,2
2015,Docklands,Construction,12
2015,Docklands,Business Services,6
2015,Docklands,Retail Trade,4
2015,East Melbourne,Food Catering Services,2
2015,East Melbourne,Other Services,34
2015,Kensington,Arts and Recreation Services,1
2015,Kensington,"Transport, Postal and Storage",9
2015,Melbourne (CBD),Admin and Support Services,341
2015,Melbourne (CBD),Finance and Insurance,491
2015,Melbourne (Remainder),Food Catering Services,1
2015,Melbourne (Remainder),Health Care and Social Assistance,2
2015,Melbourne (Remainder),Other Services,16
2015,Melbourne (Remainder),Retail Trade,1
2015,Melbourne (Remainder),Wholesale Trade,4
2015,Parkville,Admin and Support Services,4
2015,Parkville,Arts and Recreation Services,28
2015,Parkville,Health Care and Social Assistance,7
2015,Parkville,Business Services,7
2015,Port Melbourne,Education and Training,2
2015,Port Melbourne,Wholesale Trade,1
2015,South Yarra,Education and Training,4
2015,South Yarra,Health Care and Social Assistance,1
2015,Southbank,Information Media,11
2015,Southbank,Business Services,66
2015,West Melbourne (Industrial),"Electricity, Gas, Water",3
2015,West Melbourne (Industrial),Information Media,4
2015,West Melbourne (Industrial),Other Services,1
2015,West Melbourne (Industrial),Business Services,4
2015,West Melbourne (Industrial),Real Estate Services,1
2015,West Melbourne (Residential),Business Services,15
2015,West Melbourne (Residential),Wholesale Trade,3
2014,Carlton,Arts and Recreation Services,17
2014,Carlton,Other Services,104
2014,Carlton,Business Services,15
2014,Docklands,Food and Beverage Services,1
2014,Docklands,Education and Training,3
2014,Docklands,Manufacturing,2
2014,Docklands,Other Services,3
2014,East Melbourne,Admin and Support Services,3
2014,East Melbourne,Finance and Insurance,2
2014,East Melbourne,Health Care and Social Assistance,205
2014,Kensington,"Electricity, Gas, Water",9
2014,Melbourne (CBD),Food Catering Services,47
2014,Melbourne (CBD),Construction,3
2014,Melbourne (CBD),Real Estate Services,1
2014,Melbourne (CBD),Rental and Hiring Services,1
2014,Melbourne (Remainder),Food and Beverage Services,4
2014,Melbourne (Remainder),Food Catering Services,1
2014,Melbourne (Remainder),Finance and Insurance,3
2014,Melbourne (Remainder),Health Care and Social Assistance,58
2014,Melbourne (Remainder),"Transport, Postal and Storage",5
2014,North Melbourne,Arts and Recreation Services,14
2014,North Melbourne,Finance and Insurance,17
2014,North Melbourne,Business Services,19
2014,North Melbourne,Rental and Hiring Services,1
2014,Parkville,Other Services,6
2014,Parkville,"Transport, Postal and Storage",2
2014,Port Melbourne,Health Care and Social Assistance,4
2014,Port Melbourne,Public Administration and Safety,1
2014,Port Melbourne,Retail Trade,4
2014,South Yarra,Education and Training,1
2014,South Yarra,"Electricity, Gas, Water",5
2014,Southbank,Food and Beverage Services,52
2014,Southbank,Finance and Insurance,16
2014,Southbank,Manufacturing,4
2014,Southbank,Retail Trade,9
2014,West Melbourne (Industrial),Construction,1
2014,West Melbourne (Residential),Health Care and Social Assistance,3
2014,West Melbourne (Residential),Other Services,4
2014,West Melbourne (Residential),Retail Trade,1
2014,West Melbourne (Residential),"Transport, Postal and Storage",3
2013,Carlton,Admin and Support Services,22
2013,Carlton,Arts and Recreation Services,1
2013,Carlton,Other Services,3
2013,Carlton,Rental and Hiring Services,1
2013,Carlton,Retail Trade,4
2013,Carlton,Wholesale Trade,22
2013,Docklands,Admin and Support Services,7
2013,Docklands,Admin and Support Services,22
2013,Docklands,Agriculture and Mining,2
2013,Docklands,Real Estate Services,2
2013,East Melbourne,Manufacturing,1
2013,Kensington,Food Catering Services,1
2013,Kensington,Agriculture and Mining,3
2013,Kensington,"Electricity, Gas, Water",9
2013,Kensington,Wholesale Trade,2
2013,Melbourne (CBD),Admin and Support Services,405
2013,Melbourne (CBD),Other Services,2
2013,Melbourne (CBD),Real Estate Services,29
2013,Melbourne (CBD),"Transport, Postal and Storage",59
2013,Melbourne (CBD),Wholesale Trade,1
2013,North Melbourne,Other Services,5
2013,North Melbourne,Real Estate Services,2
2013,Parkville,Food Catering Services,5
2013,Parkville,Arts and Recreation Services,6
2013,Parkville,Education and Training,1
2013,Parkville,Other Services,5
2013,Port Melbourne,Admin and Support Services,12
2013,Port Melbourne,Education and Training,5
2013,Port Melbourne,Other Services,4
2013,Port Melbourne,Wholesale Trade,1
2013,South Yarra,Arts and Recreation Services,4
2013,Southbank,Public Administration and Safety,3
2013,Southbank,Retail Trade,232
2013,West Melbourne (Industrial),Construction,1
2013,West Melbourne (Residential),Food Catering Services,1
2013,West Melbourne (Residential),Food and Beverage Services,54
2013,West Melbourne (Residential),"Transport, Postal and Storage",1
2013,West Melbourne (Residential),"Transport, Postal and Storage",1
2012,Carlton,Business Services,1
2012,Docklands,Information Media,5
2012,Docklands,Public Administration and Safety,5
2012,East Melbourne,Food Catering Services,6
2012,East Melbourne,Finance and Insurance,2
2012,East Melbourne,Manufacturing,3
2012,Kensington,Education and Training,7
2012,Melbourne (CBD),Health Care and Social Assistance,2
2012,Melbourne (CBD),Information Media,114
2012,Melbourne (CBD),Business Services,9
2012,Melbourne (CBD),Rental and Hiring Services,1
2012,Melbourne (CBD),"Transport, Postal and Storage",6
2012,Melbourne (Remainder),Admin and Support Services,4
2012,Melbourne (Remainder),Information Media,3
2012,Melbourne (Remainder),Manufacturing,1
2012,Melbourne (Remainder),Public Administration and Safety,3
2012,North Melbourne,Arts and Recreation Services,13
2012,North Melbourne,"Electricity, Gas, Water",1
2012,North Melbourne,Information Media,2
2012,Port Melbourne,Finance and Insurance,1
2012,Port Melbourne,Manufacturing,48
2012,Port Melbourne,Business Services,59
2012,Port Melbourne,Retail Trade,1
2012,Port Melbourne,Wholesale Trade,16
2012,Southbank,Health Care and Social Assistance,19
2012,Southbank,Manufacturing,7
2012,Southbank,Rental and Hiring Services,1
2012,Southbank,Real Estate Services,20
2011,Carlton,"Electricity, Gas, Water",14
2011,Carlton,Finance and Insurance,35
2011,Carlton,Business Services,3
2011,Carlton,Real Estate Services,1
2011,Carlton,"Transport, Postal and Storage",4
2011,Docklands,Arts and Recreation Services,2
2011,Docklands,Information Media,1
2011,East Melbourne,Food and Beverage Services,1
2011,East Melbourne,Public Administration and Safety,3
2011,Kensington,Public Administration and Safety,3
2011,Melbourne (CBD),Agriculture and Mining,7
2011,Melbourne (Remainder),Food Catering Services,1
2004,Melbourne (CBD),Admin and Support Services,420
2004,Melbourne (CBD),"Electricity, Gas, Water",14
2004,Melbourne (CBD),Business Services,4
2004,North Melbourne,Food Catering Services,2
2004,North Melbourne,Food Catering Services,3
2004,North Melbourne,Finance and Insurance,3
2004,North Melbourne,Business Services,15
2004,North Melbourne,Business Services,127
2004,North Melbourne,Rental and Hiring Services,9
2004,North Melbourne,Retail Trade,3
2004,Parkville,Other Services,3
2004,Parkville,Business Services,3
2004,Port Melbourne,Food and Beverage Services,4
2004,Port Melbourne,Admin and Support Services,1
2004,Port Melbourne,Information Media,8
2004,Port Melbourne,Other Services,2
2004,South Yarra,Education and Training,3
2004,Southbank,Finance and Insurance,7
2004,Southbank,Information Media,4
2004,Southbank,Information Media,12
2004,Southbank,Manufacturing,3
2004,Southbank,Public Administration and Safety,1
2004,Southbank,Rental and Hiring Services,6
2004,West Melbourne (Industrial),Admin and Support Services,4
2004,West Melbourne (Industrial),Rental and Hiring Services,1
2004,West Melbourne (Industrial),"Transport, Postal and Storage",25
2004,West Melbourne (Residential),Public Administration and Safety,4
2004,West Melbourne (Residential),Rental and Hiring Services,2
2003,Carlton,Admin and Support Services,33
2003,Carlton,Education and Training,4
2003,Carlton,Education and Training,43
2003,Carlton,Health Care and Social Assistance,78
2003,Carlton,Wholesale Trade,23
2003,Docklands,Food and Beverage Services,7
2003,Docklands,Admin and Support Services,3
2003,Docklands,Arts and Recreation Services,3
2003,Docklands,Finance and Insurance,1
2003,Docklands,Health Care and Social Assistance,6
2003,Docklands,Manufacturing,2
2003,Docklands,Other Services,3
2003,Docklands,Wholesale Trade,3
2003,East Melbourne,Business Services,57
2003,Kensington,Arts and Recreation Services,13
2003,Kensington,"Electricity, Gas, Water",4
2003,Kensington,Manufacturing,1
2003,Kensington,Public Administration and Safety,1
2003,Melbourne (CBD),"Electricity, Gas, Water",4
2003,Melbourne (CBD),Manufacturing,275
2003,Melbourne (CBD),Business Services,1072
2003,Melbourne (CBD),Real Estate Services,105
2003,Melbourne (CBD),Wholesale Trade,1
2003,Melbourne (Remainder),Education and Training,2
2003,Melbourne (Remainder),Education and Training,1
2003,Melbourne (Remainder),Education and Training,5
2003,Melbourne (Remainder),"Electricity, Gas, Water",3
2003,Melbourne (Remainder),Manufacturing,1
2003,North Melbourne,Agriculture and Mining,1
2003,North Melbourne,"Electricity, Gas, Water",1
2003,North Melbourne,"Electricity, Gas, Water",20
2003,North Melbourne,Wholesale Trade,57
2003,Parkville,Food Catering Services,7
2003,Parkville,Food Catering Services,9
2003,Parkville,Arts and Recreation Services,1
2003,Parkville,Education and Training,1
2003,Parkville,Education and Training,6
2003,Parkville,Manufacturing,1
2003,Parkville,Business Services,1
2003,Parkville,Retail Trade,1
2003,Port Melbourne,Public Administration and Safety,2
2003,Port Melbourne,Wholesale Trade,21
2003,South Yarra,Education and Training,6
2003,Southbank,Food and Beverage Services,48
2003,Southbank,Arts and Recreation Services,20
2003,Southbank,Finance and Insurance,15
2003,Southbank,Other Services,8
2003,Southbank,"Transport, Postal and Storage",11
2003,West Melbourne (Residential),Construction,3
2003,West Melbourne (Residential),"Electricity, Gas, Water",1
2003,West Melbourne (Residential),Other Services,61
2003,West Melbourne (Residential),Business Services,7
2003,West Melbourne (Residential),Public Administration and Safety,2
2003,West Melbourne (Residential),Real Estate Services,4
2002,Docklands,Information Media,1
2002,Docklands,Information Media,2
2002,Kensington,Admin and Support Services,1
2002,Kensington,"Transport, Postal and Storage",1
2002,Melbourne (CBD),Admin and Support Services,78
2002,Melbourne (CBD),Finance and Insurance,39
2002,Melbourne (CBD),Real Estate Services,105
2002,Melbourne (CBD),Wholesale Trade,10
2002,Melbourne (Remainder),Manufacturing,1
2002,Melbourne (Remainder),Other Services,2
2002,North Melbourne,Arts and Recreation Services,8
2002,North Melbourne,Education and Training,8
2002,North Melbourne,Finance and Insurance,21
2002,North Melbourne,Public Administration and Safety,2
2002,North Melbourne,Retail Trade,87
2002,Parkville,Food and Beverage Services,23
2002,Parkville,Arts and Recreation Services,1
2002,Parkville,Arts and Recreation Services,8
2002,Parkville,Finance and Insurance,4
2002,Parkville,Health Care and Social Assistance,4
2002,Parkville,Manufacturing,1
2002,Port Melbourne,Arts and Recreation Services,3
2002,Port Melbourne,Information Media,1
2002,Port Melbourne,Public Administration and Safety,1
2002,Port Melbourne,"Transport, Postal and Storage",7
2002,South Yarra,Information Media,1
2002,South Yarra,Retail Trade,10
2002,Southbank,Food Catering Services,3
2002,Southbank,Admin and Support Services,12
2002,Southbank,Education and Training,5
2002,Southbank,Other Services,2
2002,Southbank,Other Services,8
2002,Southbank,"Transport, Postal and Storage",11
2002,West Melbourne (Residential),Arts and Recreation Services,7
2002,West Melbourne (Residential),Health Care and Social Assistance,4
2002,West Melbourne (Residential),Manufacturing,1
2002,West Melbourne (Residential),Other Services,55
2023,City of Melbourne (total),Construction,216
2023,City of Melbourne (total),Finance and Insurance,462
2023,City of Melbourne (total),Information Media,17
2023,City of Melbourne (total),Manufacturing,13
2023,City of Melbourne (total),Other Services,118
2023,City of Melbourne (total),Rental and Hiring Services,39
2022,City of Melbourne (total),Admin and Support Services,5
2022,City of Melbourne (total),Agriculture and Mining,8
2022,City of Melbourne (total),Education and Training,331
2022,City of Melbourne (total),Public Administration and Safety,86
2022,City of Melbourne (total),Rental and Hiring Services,3
2022,City of Melbourne (total),Retail Trade,1626
2022,City of Melbourne (total),Wholesale Trade,6
2021,City of Melbourne (total),Education and Training,22
2021,City of Melbourne (total),Information Media,102
2021,City of Melbourne (total),Manufacturing,6
2021,City of Melbourne (total),Real Estate Services,12
2021,City of Melbourne (total),Wholesale Trade,7
2020,City of Melbourne (total),Construction,228
2020,City of Melbourne (total),Information Media,114
2020,City of Melbourne (total),Manufacturing,57
2020,City of Melbourne (total),Public Administration and Safety,99
2020,City of Melbourne (total),"Transport, Postal and Storage",45
2019,City of Melbourne (total),Education and Training,241
2019,City of Melbourne (total),Retail Trade,23
2018,City of Melbourne (total),Food and Beverage Services,2405
2018,City of Melbourne (total),Health Care and Social Assistance,15
2018,City of Melbourne (total),Health Care and Social Assistance,22
2018,City of Melbourne (total),Retail Trade,5
2018,City of Melbourne (total),"Transport, Postal and Storage",196
2018,City of Melbourne (total),Wholesale Trade,6
2017,City of Melbourne (total),Food and Beverage Services,348
2017,City of Melbourne (total),Finance and Insurance,4
2017,City of Melbourne (total),Agriculture and Mining,4
2017,City of Melbourne (total),Rental and Hiring Services,55
2016,City of Melbourne (total),Food Catering Services,50
2016,City of Melbourne (total),"Transport, Postal and Storage",20
2015,City of Melbourne (total),Manufacturing,72
2015,City of Melbourne (total),Agriculture and Mining,37
2015,City of Melbourne (total),Real Estate Services,1
2014,City of Melbourne (total),Food Catering Services,10
2014,City of Melbourne (total),Admin and Support Services,18
2014,City of Melbourne (total),Information Media,18
2014,City of Melbourne (total),Other Services,7
2014,City of Melbourne (total),Rental and Hiring Services,60
2013,City of Melbourne (total),Admin and Support Services,7
2013,City of Melbourne (total),Information Media,188
2013,City of Melbourne (total),Information Media,30
2013,City of Melbourne (total),Manufacturing,471
2013,City of Melbourne (total),Agriculture and Mining,9
2013,City of Melbourne (total),Retail Trade,98
2013,City of Melbourne (total),"Transport, Postal and Storage",50
2012,City of Melbourne (total),Admin and Support Services,561
2012,City of Melbourne (total),Arts and Recreation Services,260
2012,City of Melbourne (total),Agriculture and Mining,46
2012,City of Melbourne (total),Agriculture and Mining,4
2012,City of Melbourne (total),Wholesale Trade,500
2011,City of Melbourne (total),Admin and Support Services,11
2011,City of Melbourne (total),Admin and Support Services,131
2011,City of Melbourne (total),Education and Training,24
2011,City of Melbourne (total),"Electricity, Gas, Water",19
2011,City of Melbourne (total),Health Care and Social Assistance,101
2011,City of Melbourne (total),Business Services,462
2010,City of Melbourne (total),Food Catering Services,141
2010,City of Melbourne (total),Education and Training,170
2010,City of Melbourne (total),Manufacturing,3
2010,City of Melbourne (total),Other Services,4
2010,City of Melbourne (total),Rental and Hiring Services,68
2010,City of Melbourne (total),Wholesale Trade,517
2009,City of Melbourne (total),Agriculture and Mining,8
2009,City of Melbourne (total),Public Administration and Safety,116
2008,City of Melbourne (total),Construction,182
2008,City of Melbourne (total),Finance and Insurance,699
2008,City of Melbourne (total),Information Media,32
2008,City of Melbourne (total),Rental and Hiring Services,1
2008,City of Melbourne (total),Rental and Hiring Services,3
2007,City of Melbourne (total),Food Catering Services,8
2007,City of Melbourne (total),Construction,2
2007,City of Melbourne (total),Information Media,27
2006,City of Melbourne (total),Admin and Support Services,119
2006,City of Melbourne (total),Construction,2
2006,City of Melbourne (total),Manufacturing,4
2006,City of Melbourne (total),Wholesale Trade,523
2005,City of Melbourne (total),Food and Beverage Services,11
2005,City of Melbourne (total),Other Services,100
2005,City of Melbourne (total),Other Services,993
2005,City of Melbourne (total),Real Estate Services,7
2005,City of Melbourne (total),"Transport, Postal and Storage",215
2004,City of Melbourne (total),Food Catering Services,68
2004,City of Melbourne (total),Agriculture and Mining,4
2004,City of Melbourne (total),Construction,115
2004,City of Melbourne (total),Construction,33
2004,City of Melbourne (total),Education and Training,88
2004,City of Melbourne (total),Finance and Insurance,4
2004,City of Melbourne (total),Finance and Insurance,515
2004,City of Melbourne (total),Health Care and Social Assistance,632
2004,City of Melbourne (total),Other Services,974
2003,City of Melbourne (total),Food and Beverage Services,4
2003,City of Melbourne (total),Admin and Support Services,6
2003,City of Melbourne (total),Manufacturing,57
2003,City of Melbourne (total),Agriculture and Mining,32
2003,City of Melbourne (total),Other Services,5
2003,City of Melbourne (total),Business Services,341
2003,City of Melbourne (total),Business Services,42
2003,City of Melbourne (total),Wholesale Trade,71
2002,City of Melbourne (total),Agriculture and Mining,4
2002,City of Melbourne (total),Arts and Recreation Services,57
2002,City of Melbourne (total),Education and Training,181
2002,City of Melbourne (total),Health Care and Social Assistance,6
2002,City of Melbourne (total),Information Media,27
2002,City of Melbourne (total),Other Services,82
2002,City of Melbourne (total),Retail Trade,1695
2002,City of Melbourne (total),Retail Trade,9
2002,City of Melbourne (total),Wholesale Trade,7
2008,West Melbourne (Industrial),Wholesale Trade,216
2008,West Melbourne (Residential),Food and Beverage Services,45
2008,West Melbourne (Residential),Other Services,4
2008,West Melbourne (Residential),Retail Trade,48
2007,Carlton,Food Catering Services,6
2007,Carlton,Food Catering Services,8
2007,Carlton,Food Catering Services,23
2007,Carlton,Construction,3
2007,Carlton,Health Care and Social Assistance,17
2007,Carlton,"Transport, Postal and Storage",1
2007,Docklands,Admin and Support Services,16
2007,Docklands,Finance and Insurance,1
2007,Docklands,Retail Trade,153
2007,East Melbourne,Food and Beverage Services,2
2007,East Melbourne,Health Care and Social Assistance,13
2007,East Melbourne,Information Media,1
2007,East Melbourne,Retail Trade,1
2007,East Melbourne,"Transport, Postal and Storage",1
2007,Kensington,Arts and Recreation Services,41
2007,Kensington,Manufacturing,14
2007,Kensington,Other Services,1
2007,Kensington,Other Services,12
2007,Kensington,Retail Trade,11
2007,Kensington,Wholesale Trade,1
2007,Melbourne (CBD),Food and Beverage Services,142
2007,Melbourne (CBD),Food Catering Services,3
2007,Melbourne (CBD),Admin and Support Services,2
2007,Melbourne (CBD),Admin and Support Services,444
2007,Melbourne (CBD),Finance and Insurance,9
2007,Melbourne (CBD),Public Administration and Safety,71
2007,Melbourne (CBD),Retail Trade,15
2007,Melbourne (Remainder),Finance and Insurance,25
2007,Melbourne (Remainder),Health Care and Social Assistance,2
2007,Melbourne (Remainder),Health Care and Social Assistance,3
2007,Melbourne (Remainder),Public Administration and Safety,5
2007,Melbourne (Remainder),Wholesale Trade,2
2007,North Melbourne,Arts and Recreation Services,13
2007,North Melbourne,Arts and Recreation Services,29
2007,North Melbourne,Construction,28
2007,North Melbourne,Other Services,7
2007,North Melbourne,Public Administration and Safety,3
2007,Parkville,Agriculture and Mining,1
2007,Parkville,Information Media,1
2007,Parkville,Other Services,19
2007,Parkville,Public Administration and Safety,1
2007,Parkville,Real Estate Services,1
2007,Port Melbourne,Manufacturing,7
2007,Port Melbourne,Other Services,6
2007,South Yarra,Arts and Recreation Services,5
2007,South Yarra,Public Administration and Safety,1
2007,Southbank,Food Catering Services,2
2007,Southbank,Agriculture and Mining,3
2007,Southbank,Construction,8
2007,Southbank,Education and Training,2
2007,Southbank,Health Care and Social Assistance,1
2007,Southbank,Manufacturing,3
2007,Southbank,"Transport, Postal and Storage",7
2007,West Melbourne (Industrial),Retail Trade,7
2007,West Melbourne (Industrial),"Transport, Postal and Storage",19
2007,West Melbourne (Industrial),Wholesale Trade,1
2007,West Melbourne (Residential),Construction,3
2007,West Melbourne (Residential),Information Media,14
2007,West Melbourne (Residential),Other Services,6
2007,West Melbourne (Residential),Other Services,4
2007,West Melbourne (Residential),Business Services,76
2007,West Melbourne (Residential),Public Administration and Safety,1
2007,West Melbourne (Residential),"Transport, Postal and Storage",1
2006,Carlton,Food Catering Services,5
2006,Carlton,Arts and Recreation Services,17
2006,Carlton,Education and Training,6
2006,Carlton,Health Care and Social Assistance,12
2006,Carlton,Information Media,8
2006,Carlton,Manufacturing,31
2006,Carlton,Business Services,12
2006,Carlton,Retail Trade,155
2006,Docklands,Arts and Recreation Services,3
2006,Docklands,Construction,6
2006,Docklands,Finance and Insurance,3
2006,Docklands,Information Media,2
2006,Docklands,Business Services,34
2006,Docklands,Real Estate Services,12
2006,Docklands,Wholesale Trade,1
2006,Docklands,Wholesale Trade,2
2006,East Melbourne,Food Catering Services,2
2006,East Melbourne,Arts and Recreation Services,1
2006,East Melbourne,Arts and Recreation Services,7
2006,East Melbourne,Other Services,6
2006,Kensington,Food Catering Services,1
2006,Kensington,Construction,3
2006,Kensington,Finance and Insurance,2
2006,Kensington,Other Services,1
2006,Melbourne (CBD),Food and Beverage Services,6
2006,Melbourne (CBD),Business Services,11
2006,Melbourne (CBD),Rental and Hiring Services,18
2006,Melbourne (Remainder),Information Media,6
2006,Melbourne (Remainder),Business Services,28
2006,Melbourne (Remainder),Retail Trade,1
2006,Melbourne (Remainder),"Transport, Postal and Storage",1
2006,North Melbourne,Arts and Recreation Services,12
2006,North Melbourne,Education and Training,4
2006,North Melbourne,Finance and Insurance,2
2006,North Melbourne,Real Estate Services,10
2006,North Melbourne,Wholesale Trade,2
2006,Parkville,Arts and Recreation Services,2
2006,Parkville,Arts and Recreation Services,14
2006,Parkville,Business Services,7
2006,Parkville,"Transport, Postal and Storage",1
2006,Port Melbourne,Arts and Recreation Services,2
2006,Port Melbourne,"Electricity, Gas, Water",6
2006,Port Melbourne,Information Media,1
2006,Port Melbourne,Information Media,1
2006,Port Melbourne,Business Services,41
2006,Port Melbourne,"Transport, Postal and Storage",12
2006,Port Melbourne,"Transport, Postal and Storage",19
2006,Port Melbourne,Wholesale Trade,35
2006,South Yarra,Admin and Support Services,1
2006,South Yarra,Information Media,1
2006,Southbank,Food Catering Services,2
2006,Southbank,"Electricity, Gas, Water",1
2006,Southbank,"Electricity, Gas, Water",1
2006,Southbank,Finance and Insurance,18
2006,Southbank,Health Care and Social Assistance,1
2006,West Melbourne (Industrial),Arts and Recreation Services,3
2006,West Melbourne (Industrial),Manufacturing,7
2006,West Melbourne (Industrial),Manufacturing,11
2006,West Melbourne (Industrial),Other Services,5
2006,West Melbourne (Industrial),Rental and Hiring Services,15
2006,West Melbourne (Industrial),Retail Trade,7
2006,West Melbourne (Industrial),"Transport, Postal and Storage",31
2006,West Melbourne (Residential),Food Catering Services,1
2006,West Melbourne (Residential),Construction,8
2006,West Melbourne (Residential),Education and Training,4
2006,West Melbourne (Residential),Rental and Hiring Services,4
2005,Carlton,Food Catering Services,17
2005,Carlton,Arts and Recreation Services,4
2005,Carlton,Arts and Recreation Services,15
2005,Carlton,Other Services,2
2005,Carlton,Business Services,12
2005,Docklands,Food and Beverage Services,1
2005,Docklands,Business Services,3
2005,Docklands,Rental and Hiring Services,1
2005,Docklands,"Transport, Postal and Storage",1
2005,East Melbourne,Food Catering Services,16
2005,East Melbourne,Education and Training,10
2005,East Melbourne,Finance and Insurance,1
2005,East Melbourne,Health Care and Social Assistance,151
2005,East Melbourne,Manufacturing,1
2005,East Melbourne,Other Services,36
2005,East Melbourne,Wholesale Trade,2
2005,Kensington,Construction,1
2005,Kensington,Education and Training,1
2005,Kensington,Other Services,1
2005,Kensington,Wholesale Trade,2
2005,Melbourne (CBD),Arts and Recreation Services,10
2005,Melbourne (CBD),Construction,10
2005,Melbourne (CBD),Construction,1
2005,Melbourne (CBD),Information Media,16
2005,Melbourne (CBD),Information Media,6
2005,Melbourne (CBD),Agriculture and Mining,4
2005,Melbourne (CBD),Agriculture and Mining,30
2005,Melbourne (CBD),Other Services,2
2005,Melbourne (CBD),Other Services,37
2005,Melbourne (CBD),Other Services,529
2005,Melbourne (CBD),Public Administration and Safety,2
2005,Melbourne (CBD),Rental and Hiring Services,2
2005,Melbourne (CBD),"Transport, Postal and Storage",5
2005,Melbourne (CBD),"Transport, Postal and Storage",25
2005,Melbourne (Remainder),Food and Beverage Services,1
2005,Melbourne (Remainder),Admin and Support Services,21
2005,Melbourne (Remainder),Health Care and Social Assistance,43
2005,Melbourne (Remainder),Public Administration and Safety,3
2005,North Melbourne,Admin and Support Services,7
2005,North Melbourne,Agriculture and Mining,2
2005,North Melbourne,Construction,14
2005,North Melbourne,"Electricity, Gas, Water",20
2005,North Melbourne,Business Services,1
2005,North Melbourne,Rental and Hiring Services,2
2005,North Melbourne,Rental and Hiring Services,1
2005,Parkville,Food Catering Services,7
2005,Parkville,Food Catering Services,10
2005,Parkville,Food and Beverage Services,26
2005,Parkville,Education and Training,1
2005,Parkville,Health Care and Social Assistance,2
2005,Parkville,Other Services,19
2005,Port Melbourne,Admin and Support Services,1
2005,Port Melbourne,"Electricity, Gas, Water",5
2005,South Yarra,Food Catering Services,1
2005,Southbank,Construction,4
2005,Southbank,Agriculture and Mining,2
2005,Southbank,Agriculture and Mining,1
2005,Southbank,Business Services,1
2005,West Melbourne (Industrial),Manufacturing,11
2005,West Melbourne (Residential),Food and Beverage Services,1
2005,West Melbourne (Residential),Arts and Recreation Services,2
2005,West Melbourne (Residential),"Electricity, Gas, Water",8
2005,West Melbourne (Residential),Finance and Insurance,2
2005,West Melbourne (Residential),Public Administration and Safety,1
2005,West Melbourne (Residential),Rental and Hiring Services,1
2005,West Melbourne (Residential),"Transport, Postal and Storage",3
2005,West Melbourne (Residential),Wholesale Trade,44
2004,Carlton,Construction,1
2004,Carlton,Other Services,13
2004,Carlton,Public Administration and Safety,9
2004,Carlton,Wholesale Trade,1
2004,Docklands,Admin and Support Services,1
2004,Docklands,Construction,4
2004,Docklands,"Electricity, Gas, Water",5
2004,East Melbourne,Food and Beverage Services,27
2004,East Melbourne,Manufacturing,5
2004,East Melbourne,Real Estate Services,7
2004,Kensington,Arts and Recreation Services,8
2004,Kensington,Construction,1
2023,Docklands,Information Media,9
2023,East Melbourne,Construction,1
2023,Kensington,Admin and Support Services,6
2023,Kensington,Business Services,11
2023,Kensington,Rental and Hiring Services,5
2023,Kensington,Wholesale Trade,21
2023,Melbourne (CBD),Information Media,39
2023,Melbourne (CBD),Other Services,2
2023,Melbourne (CBD),Business Services,11
2023,Melbourne (CBD),Public Administration and Safety,6
2023,Melbourne (Remainder),Admin and Support Services,1
2023,Melbourne (Remainder),Health Care and Social Assistance,47
2023,Melbourne (Remainder),Other Services,9
2023,North Melbourne,Admin and Support Services,5
2023,North Melbourne,Arts and Recreation Services,1
2023,North Melbourne,Arts and Recreation Services,40
2023,North Melbourne,Construction,1
2023,North Melbourne,Finance and Insurance,7
2023,North Melbourne,Retail Trade,1
2023,Parkville,Admin and Support Services,2
2023,Port Melbourne,Information Media,9
2023,Port Melbourne,Information Media,12
2023,Port Melbourne,Public Administration and Safety,7
2023,Port Melbourne,Wholesale Trade,1
2023,Port Melbourne,Wholesale Trade,10
2023,South Yarra,Admin and Support Services,1
2023,South Yarra,Other Services,6
2023,Southbank,Admin and Support Services,9
2023,Southbank,Construction,11
2023,Southbank,"Electricity, Gas, Water",20
2023,Southbank,Manufacturing,2
2023,Southbank,Manufacturing,7
2023,Southbank,Other Services,3
2023,West Melbourne (Residential),Business Services,16
2022,Carlton,Food and Beverage Services,2
2022,Docklands,Admin and Support Services,1
2022,Docklands,Construction,9
2022,East Melbourne,Other Services,26
2022,East Melbourne,Real Estate Services,1
2022,Kensington,Public Administration and Safety,1
2022,Kensington,"Transport, Postal and Storage",5
2022,Melbourne (CBD),"Electricity, Gas, Water",15
2022,Melbourne (CBD),Wholesale Trade,86
2022,Melbourne (Remainder),Food and Beverage Services,37
2022,Melbourne (Remainder),"Electricity, Gas, Water",1
2022,Melbourne (Remainder),Health Care and Social Assistance,45
2022,North Melbourne,Other Services,15
2022,North Melbourne,Real Estate Services,12
2022,North Melbourne,"Transport, Postal and Storage",9
2022,North Melbourne,Wholesale Trade,2
2022,Parkville,Other Services,9
2022,Port Melbourne,"Electricity, Gas, Water",1
2022,Port Melbourne,Health Care and Social Assistance,1
2022,Port Melbourne,Real Estate Services,5
2022,South Yarra,Education and Training,3
2022,South Yarra,Health Care and Social Assistance,1
2022,Southbank,Food Catering Services,5
2022,Southbank,Food and Beverage Services,133
2022,West Melbourne (Industrial),Other Services,4
2022,West Melbourne (Industrial),Real Estate Services,1
2021,Carlton,Food and Beverage Services,1
2021,Carlton,Food and Beverage Services,207
2021,Carlton,Construction,1
2021,Carlton,Real Estate Services,17
2021,Docklands,Food and Beverage Services,233
2021,Docklands,Public Administration and Safety,7
2021,Docklands,Wholesale Trade,1
2021,Docklands,Wholesale Trade,12
2021,Kensington,Construction,1
2021,Kensington,Education and Training,5
2021,Kensington,Information Media,2
2021,Kensington,Business Services,1
2021,Melbourne (CBD),Public Administration and Safety,5
2021,Melbourne (CBD),Real Estate Services,8
2021,Melbourne (CBD),Wholesale Trade,91
2021,Melbourne (Remainder),Retail Trade,1
2021,North Melbourne,Wholesale Trade,4
2021,Parkville,"Electricity, Gas, Water",7
2021,Parkville,Other Services,4
2021,Port Melbourne,Admin and Support Services,5
2021,Port Melbourne,Health Care and Social Assistance,3
2021,Port Melbourne,Information Media,2
2021,Port Melbourne,Other Services,10
2021,Port Melbourne,"Transport, Postal and Storage",12
2021,Southbank,Food and Beverage Services,61
2021,Southbank,Construction,11
2021,Southbank,"Electricity, Gas, Water",20
2021,Southbank,Health Care and Social Assistance,20
2021,Southbank,Manufacturing,3
2021,Southbank,Wholesale Trade,2
2021,West Melbourne (Industrial),Admin and Support Services,1
2021,West Melbourne (Industrial),"Electricity, Gas, Water",5
2021,West Melbourne (Industrial),Wholesale Trade,1
2021,West Melbourne (Industrial),Wholesale Trade,23
2021,West Melbourne (Residential),Public Administration and Safety,1
2021,West Melbourne (Residential),Public Administration and Safety,1
2020,Carlton,Food Catering Services,41
2020,Carlton,Education and Training,33
2020,Carlton,"Electricity, Gas, Water",14
2020,Carlton,"Transport, Postal and Storage",4
2020,Docklands,Other Services,3
2020,East Melbourne,Health Care and Social Assistance,4
2020,East Melbourne,Health Care and Social Assistance,2
2020,East Melbourne,Agriculture and Mining,1
2020,Kensington,Food and Beverage Services,2
2020,Kensington,Arts and Recreation Services,63
2020,Kensington,"Electricity, Gas, Water",9
2020,Kensington,Finance and Insurance,2
2020,Kensington,Health Care and Social Assistance,6
2020,Kensington,Information Media,3
2020,Kensington,Retail Trade,26
2020,Melbourne (CBD),Food and Beverage Services,161
2020,Melbourne (CBD),Education and Training,106
2020,Melbourne (CBD),Education and Training,9
2020,Melbourne (CBD),Finance and Insurance,443
2020,Melbourne (CBD),Information Media,2
2020,Melbourne (CBD),Business Services,448
2020,Melbourne (CBD),Rental and Hiring Services,1
2020,Melbourne (CBD),Real Estate Services,48
2020,Melbourne (CBD),Real Estate Services,155
2020,Melbourne (CBD),Wholesale Trade,3
2020,Melbourne (Remainder),"Electricity, Gas, Water",2
2020,Melbourne (Remainder),Health Care and Social Assistance,55
2020,Melbourne (Remainder),Real Estate Services,9
2020,North Melbourne,Arts and Recreation Services,12
2020,North Melbourne,Arts and Recreation Services,30
2020,North Melbourne,Wholesale Trade,4
2020,Parkville,Food Catering Services,7
2020,Parkville,Education and Training,3
2020,Parkville,Manufacturing,1
2020,Parkville,"Transport, Postal and Storage",2
2020,Port Melbourne,Food Catering Services,2
2020,Southbank,Food Catering Services,2
2020,Southbank,Finance and Insurance,1
2020,Southbank,Finance and Insurance,13
2020,Southbank,Health Care and Social Assistance,7
2020,Southbank,Information Media,3
2020,Southbank,Manufacturing,6
2020,Southbank,Public Administration and Safety,6
2020,West Melbourne (Industrial),Business Services,4
2020,West Melbourne (Industrial),"Transport, Postal and Storage",12
2020,West Melbourne (Residential),Health Care and Social Assistance,17
2020,West Melbourne (Residential),Business Services,2
2020,West Melbourne (Residential),Public Administration and Safety,1
2020,West Melbourne (Residential),Wholesale Trade,20
2019,Carlton,Admin and Support Services,2
2019,Carlton,Health Care and Social Assistance,4
2019,Carlton,Information Media,1
2019,Carlton,Business Services,21
2019,Carlton,Public Administration and Safety,3
2019,Docklands,Agriculture and Mining,1
2019,East Melbourne,Real Estate Services,6
2021,Carlton,Arts and Recreation Services,1
2021,Carlton,Education and Training,3
2021,Carlton,Wholesale Trade,10
2021,Docklands,Arts and Recreation Services,3
2021,Docklands,Finance and Insurance,14
2021,Kensington,Business Services,9
2021,Kensington,Rental and Hiring Services,6
2021,Melbourne (CBD),Admin and Support Services,2
2021,Melbourne (CBD),Education and Training,4
2021,Melbourne (Remainder),Retail Trade,1
2021,North Melbourne,"Electricity, Gas, Water",24
2021,Parkville,Admin and Support Services,2
2021,Parkville,Arts and Recreation Services,29
2021,Parkville,Education and Training,50
2021,Parkville,Health Care and Social Assistance,8
2021,Parkville,"Transport, Postal and Storage",2
2021,Port Melbourne,Arts and Recreation Services,1
2021,Port Melbourne,Arts and Recreation Services,6
2021,Port Melbourne,Education and Training,2
2021,Port Melbourne,Information Media,13
2021,Port Melbourne,Wholesale Trade,2
2021,South Yarra,Education and Training,1
2021,Southbank,Food Catering Services,13
2021,Southbank,Admin and Support Services,13
2021,Southbank,Arts and Recreation Services,19
2021,Southbank,Arts and Recreation Services,16
2021,Southbank,Information Media,5
2021,Southbank,Other Services,17
2021,Southbank,Real Estate Services,2
2021,Southbank,Real Estate Services,18
2021,Southbank,Retail Trade,20
2021,Southbank,"Transport, Postal and Storage",4
2021,West Melbourne (Industrial),"Electricity, Gas, Water",1
2021,West Melbourne (Industrial),"Transport, Postal and Storage",4
2021,West Melbourne (Industrial),"Transport, Postal and Storage",12
2020,Carlton,Food Catering Services,39
2020,Carlton,Education and Training,3
2020,Carlton,Information Media,7
2020,East Melbourne,Construction,1
2020,East Melbourne,Education and Training,3
2020,East Melbourne,Other Services,8
2020,East Melbourne,Public Administration and Safety,11
2020,Kensington,Admin and Support Services,7
2020,Kensington,Business Services,25
2020,Kensington,Public Administration and Safety,2
2020,Kensington,Wholesale Trade,3
2020,Melbourne (CBD),Food Catering Services,4
2020,Melbourne (CBD),Agriculture and Mining,6
2020,Melbourne (CBD),Construction,2
2020,Melbourne (CBD),Education and Training,6
2020,Melbourne (CBD),Health Care and Social Assistance,306
2020,Melbourne (Remainder),Other Services,12
2020,Melbourne (Remainder),Retail Trade,16
2020,North Melbourne,Food Catering Services,15
2020,North Melbourne,Admin and Support Services,3
2020,Parkville,Wholesale Trade,1
2020,Port Melbourne,Food and Beverage Services,14
2020,Port Melbourne,Information Media,16
2020,Port Melbourne,Manufacturing,6
2020,Port Melbourne,Rental and Hiring Services,3
2020,South Yarra,Education and Training,3
2020,West Melbourne (Industrial),Other Services,1
2020,West Melbourne (Industrial),Rental and Hiring Services,1
2020,West Melbourne (Industrial),Real Estate Services,1
2020,West Melbourne (Industrial),"Transport, Postal and Storage",4
2020,West Melbourne (Residential),Health Care and Social Assistance,1
2019,Carlton,Food Catering Services,5
2019,Carlton,Health Care and Social Assistance,3
2019,Carlton,Retail Trade,4
2019,Docklands,Education and Training,13
2019,Docklands,"Electricity, Gas, Water",9
2019,East Melbourne,Admin and Support Services,3
2019,East Melbourne,Finance and Insurance,4
2019,Kensington,Construction,20
2019,Kensington,Public Administration and Safety,3
2019,Melbourne (CBD),Food and Beverage Services,1472
2019,Melbourne (CBD),Arts and Recreation Services,2
2019,Melbourne (CBD),Business Services,3
2019,Melbourne (CBD),Retail Trade,3
2019,Melbourne (CBD),"Transport, Postal and Storage",21
2019,Melbourne (Remainder),Admin and Support Services,1
2019,Melbourne (Remainder),Arts and Recreation Services,3
2019,Melbourne (Remainder),Arts and Recreation Services,10
2019,Melbourne (Remainder),Education and Training,1
2019,Melbourne (Remainder),Education and Training,4
2019,North Melbourne,Food Catering Services,6
2019,North Melbourne,Other Services,9
2019,North Melbourne,"Transport, Postal and Storage",4
2019,Parkville,Arts and Recreation Services,10
2019,Parkville,Information Media,1
2018,Docklands,Food Catering Services,5
2018,Docklands,Agriculture and Mining,1
2018,Docklands,Public Administration and Safety,10
2018,Kensington,Health Care and Social Assistance,6
2018,Kensington,Public Administration and Safety,2
2018,Kensington,Public Administration and Safety,3
2018,Kensington,Retail Trade,36
2018,Melbourne (CBD),Food Catering Services,52
2018,Melbourne (CBD),Agriculture and Mining,2
2018,Melbourne (CBD),Education and Training,9
2018,Melbourne (CBD),Wholesale Trade,110
2018,Melbourne (Remainder),Admin and Support Services,1
2018,Melbourne (Remainder),Construction,5
2018,Melbourne (Remainder),Finance and Insurance,15
2018,Melbourne (Remainder),Health Care and Social Assistance,6
2018,Melbourne (Remainder),Manufacturing,6
2018,Melbourne (Remainder),"Transport, Postal and Storage",4
2018,North Melbourne,Arts and Recreation Services,1
2018,North Melbourne,Construction,1
2018,North Melbourne,Information Media,12
2018,North Melbourne,Real Estate Services,14
2018,Port Melbourne,Food and Beverage Services,5
2018,Port Melbourne,Health Care and Social Assistance,2
2018,Port Melbourne,Rental and Hiring Services,11
2018,Southbank,"Electricity, Gas, Water",1
2018,Southbank,Retail Trade,10
2018,Southbank,"Transport, Postal and Storage",2
2018,Southbank,"Transport, Postal and Storage",6
2018,West Melbourne (Industrial),Construction,6
2018,West Melbourne (Industrial),"Transport, Postal and Storage",4
2018,West Melbourne (Industrial),"Transport, Postal and Storage",23
2018,West Melbourne (Residential),Information Media,4
2017,Carlton,Food and Beverage Services,1
2017,Carlton,Arts and Recreation Services,18
2017,Carlton,Construction,16
2017,Carlton,Education and Training,28
2017,Carlton,Retail Trade,7
2017,Carlton,"Transport, Postal and Storage",4
2017,Carlton,Wholesale Trade,3
2017,Docklands,Food Catering Services,4
2017,Docklands,Arts and Recreation Services,26
2017,Docklands,Wholesale Trade,2
2017,East Melbourne,Other Services,10
2017,Kensington,Construction,25
2017,Melbourne (CBD),"Electricity, Gas, Water",10
2017,Melbourne (CBD),Retail Trade,1421
2017,Melbourne (Remainder),Food Catering Services,1
2017,Melbourne (Remainder),Other Services,14
2017,North Melbourne,Food and Beverage Services,104
2017,North Melbourne,Arts and Recreation Services,36
2017,North Melbourne,Education and Training,1
2017,Parkville,Admin and Support Services,1
2017,Port Melbourne,Agriculture and Mining,1
2017,Port Melbourne,Arts and Recreation Services,5
2017,Port Melbourne,Business Services,1
2017,Port Melbourne,Public Administration and Safety,3
2017,South Yarra,Food Catering Services,3
2017,Southbank,Food Catering Services,1
2017,Southbank,Admin and Support Services,15
2017,Southbank,Arts and Recreation Services,17
2017,Southbank,"Electricity, Gas, Water",18
2017,Southbank,Finance and Insurance,11
2017,Southbank,Real Estate Services,26
2017,Southbank,Retail Trade,1
2017,Southbank,Retail Trade,227
2017,West Melbourne (Residential),Food Catering Services,1
2017,West Melbourne (Residential),"Transport, Postal and Storage",1
2016,Carlton,Admin and Support Services,20
2016,Carlton,Finance and Insurance,25
2016,Docklands,Food and Beverage Services,23
2016,Docklands,Health Care and Social Assistance,7
2016,Docklands,Manufacturing,2
2016,Docklands,"Transport, Postal and Storage",3
2016,East Melbourne,Construction,4
2016,East Melbourne,Finance and Insurance,3
2016,East Melbourne,Business Services,2
2016,Kensington,Food and Beverage Services,3
2016,Kensington,Construction,19
2016,Kensington,Business Services,1
2016,Melbourne (CBD),Food Catering Services,55
2016,Melbourne (CBD),Agriculture and Mining,5
2016,Melbourne (CBD),"Electricity, Gas, Water",36
2016,Melbourne (CBD),Finance and Insurance,31
2016,Melbourne (CBD),Information Media,7
2016,Melbourne (CBD),Other Services,3
2016,Melbourne (Remainder),Health Care and Social Assistance,61
2016,Melbourne (Remainder),Public Administration and Safety,5
2016,Melbourne (Remainder),Real Estate Services,2
2016,North Melbourne,Health Care and Social Assistance,1
2016,North Melbourne,Real Estate Services,2
2016,North Melbourne,Retail Trade,4
2016,Parkville,Admin and Support Services,4
2016,Parkville,Wholesale Trade,1
2016,Southbank,Food Catering Services,1
2016,Southbank,Other Services,1
2016,Southbank,Public Administration and Safety,4
2016,West Melbourne (Residential),Food and Beverage Services,1
2016,West Melbourne (Residential),Finance and Insurance,2
2016,West Melbourne (Residential),Manufacturing,3
2016,West Melbourne (Residential),Manufacturing,10
2016,West Melbourne (Residential),Business Services,12
2015,Docklands,Other Services,3
2015,Docklands,Public Administration and Safety,3
2015,East Melbourne,Information Media,1
2015,East Melbourne,Information Media,3
2015,East Melbourne,Manufacturing,2
2015,Kensington,Food and Beverage Services,42
2015,Kensington,Health Care and Social Assistance,17
2015,Melbourne (CBD),Education and Training,10
2015,Melbourne (CBD),"Electricity, Gas, Water",37
2015,Melbourne (CBD),Manufacturing,2
2015,Melbourne (CBD),Retail Trade,1451
2015,Melbourne (Remainder),Finance and Insurance,6
2015,North Melbourne,Admin and Support Services,5
2015,North Melbourne,Arts and Recreation Services,3
2015,North Melbourne,Other Services,116
2015,North Melbourne,Business Services,19
2015,North Melbourne,Real Estate Services,10
2015,North Melbourne,"Transport, Postal and Storage",5
2015,Parkville,Food Catering Services,5
2015,Port Melbourne,Arts and Recreation Services,6
2015,Port Melbourne,Finance and Insurance,2
2015,Port Melbourne,Other Services,4
2015,Port Melbourne,Rental and Hiring Services,7
2015,South Yarra,Education and Training,6
2015,Southbank,Food Catering Services,4
2015,Southbank,Food Catering Services,5
2015,Southbank,Education and Training,12
2015,Southbank,Manufacturing,3
2015,West Melbourne (Industrial),Business Services,2
2015,West Melbourne (Industrial),"Transport, Postal and Storage",10
2015,West Melbourne (Residential),Food Catering Services,1
2015,West Melbourne (Residential),Health Care and Social Assistance,1
2015,West Melbourne (Residential),Wholesale Trade,2
2014,Carlton,Finance and Insurance,5
2014,Carlton,Wholesale Trade,1
2014,Docklands,Admin and Support Services,2
2014,East Melbourne,Food Catering Services,3
2014,East Melbourne,"Electricity, Gas, Water",6
2014,East Melbourne,Health Care and Social Assistance,1
2014,East Melbourne,Information Media,1
2014,East Melbourne,Business Services,2
2014,Kensington,Food and Beverage Services,2
2014,Kensington,Finance and Insurance,3
2014,Kensington,Health Care and Social Assistance,6
2014,Kensington,Information Media,1
2014,Kensington,Other Services,2
2014,Kensington,Business Services,2
2014,Melbourne (CBD),Food Catering Services,4
2014,Melbourne (CBD),Education and Training,11
2014,Melbourne (CBD),Finance and Insurance,155
2014,Melbourne (CBD),Real Estate Services,144
2014,Melbourne (CBD),Retail Trade,70
2013,East Melbourne,Business Services,66
2013,Kensington,Food Catering Services,1
2013,Kensington,Health Care and Social Assistance,6
2013,Kensington,Information Media,5
2013,Kensington,Business Services,8
2013,Melbourne (CBD),Arts and Recreation Services,2
2013,Melbourne (CBD),Finance and Insurance,38
2013,Melbourne (CBD),Health Care and Social Assistance,40
2013,North Melbourne,Food and Beverage Services,1
2013,North Melbourne,Health Care and Social Assistance,88
2013,Parkville,Health Care and Social Assistance,4
2013,Parkville,Other Services,3
2013,Parkville,"Transport, Postal and Storage",4
2013,Port Melbourne,Construction,11
2013,Port Melbourne,Construction,42
2013,Port Melbourne,Education and Training,2
2013,Port Melbourne,Finance and Insurance,1
2013,Port Melbourne,Manufacturing,58
2013,Port Melbourne,Business Services,1
2013,Port Melbourne,"Transport, Postal and Storage",11
2013,Southbank,Manufacturing,4
2013,Southbank,Real Estate Services,1
2013,West Melbourne (Industrial),"Transport, Postal and Storage",13
2013,West Melbourne (Industrial),Wholesale Trade,168
2013,West Melbourne (Residential),Education and Training,7
2013,West Melbourne (Residential),Business Services,1
2013,West Melbourne (Residential),Retail Trade,41
2012,Carlton,Arts and Recreation Services,17
2012,Carlton,Public Administration and Safety,11
2012,Docklands,Public Administration and Safety,2
2012,Kensington,Education and Training,1
2012,Kensington,Information Media,6
2012,Kensington,Real Estate Services,1
2012,Kensington,Wholesale Trade,25
2012,Melbourne (CBD),"Electricity, Gas, Water",7
2012,Melbourne (CBD),Public Administration and Safety,33
2012,Melbourne (CBD),Wholesale Trade,2
2012,Melbourne (Remainder),Admin and Support Services,1
2012,Melbourne (Remainder),Agriculture and Mining,1
2012,Melbourne (Remainder),Arts and Recreation Services,5
2012,Melbourne (Remainder),Education and Training,2
2012,Melbourne (Remainder),Agriculture and Mining,1
2012,Melbourne (Remainder),Business Services,5
2012,Melbourne (Remainder),Wholesale Trade,3
2012,North Melbourne,Food Catering Services,3
2012,North Melbourne,Food Catering Services,8
2012,North Melbourne,Finance and Insurance,1
2012,North Melbourne,Manufacturing,51
2012,North Melbourne,Business Services,18
2012,North Melbourne,Wholesale Trade,8
2012,Port Melbourne,Education and Training,5
2012,Port Melbourne,Finance and Insurance,9
2012,Port Melbourne,Other Services,2
2012,Port Melbourne,Other Services,8
2012,Port Melbourne,Retail Trade,18
2012,South Yarra,Public Administration and Safety,1
2012,Southbank,Agriculture and Mining,3
2011,Carlton,Public Administration and Safety,1
2011,Carlton,Real Estate Services,13
2011,Carlton,Rental and Hiring Services,2
2011,Carlton,Retail Trade,5
2011,Docklands,Agriculture and Mining,1
2011,Docklands,"Electricity, Gas, Water",9
2011,Docklands,Manufacturing,12
2011,Docklands,Real Estate Services,3
2011,Docklands,"Transport, Postal and Storage",7
2011,East Melbourne,Construction,1
2011,East Melbourne,Education and Training,1
2011,East Melbourne,Information Media,1
2011,Kensington,Education and Training,3
2011,Kensington,"Electricity, Gas, Water",1
2011,Kensington,Retail Trade,1
2011,Melbourne (CBD),Admin and Support Services,88
2011,Melbourne (CBD),Construction,16
2011,Melbourne (CBD),Manufacturing,1
2011,Melbourne (CBD),Other Services,57
2011,Melbourne (CBD),Rental and Hiring Services,1
2011,Melbourne (Remainder),Construction,5
2011,Melbourne (Remainder),Public Administration and Safety,3
2011,Melbourne (Remainder),"Transport, Postal and Storage",5
2011,North Melbourne,Arts and Recreation Services,5
2011,North Melbourne,Arts and Recreation Services,31
2011,North Melbourne,"Electricity, Gas, Water",1
2011,North Melbourne,"Transport, Postal and Storage",1
2011,Port Melbourne,Business Services,1
2011,Port Melbourne,Rental and Hiring Services,7
2011,Port Melbourne,Retail Trade,18
2011,Port Melbourne,"Transport, Postal and Storage",9
2011,South Yarra,Other Services,10
2011,Southbank,Food and Beverage Services,96
2011,Southbank,Education and Training,9
2011,West Melbourne (Industrial),"Electricity, Gas, Water",2
2011,West Melbourne (Industrial),Information Media,2
2011,West Melbourne (Residential),"Electricity, Gas, Water",2
2011,West Melbourne (Residential),Finance and Insurance,1
2011,West Melbourne (Residential),Business Services,14
2010,Carlton,Food Catering Services,11
2010,Carlton,Agriculture and Mining,1
2010,Docklands,Agriculture and Mining,1
2010,Docklands,Retail Trade,4
2010,East Melbourne,Arts and Recreation Services,15
2010,East Melbourne,Manufacturing,1
2010,East Melbourne,Real Estate Services,1
2010,East Melbourne,"Transport, Postal and Storage",2
2010,Kensington,Education and Training,3
2010,Kensington,Wholesale Trade,3
2010,Melbourne (CBD),Food and Beverage Services,155
2010,Melbourne (CBD),Food and Beverage Services,1177
2010,Melbourne (CBD),Other Services,1
2010,Melbourne (Remainder),Education and Training,3
2010,Melbourne (Remainder),Retail Trade,1
2010,North Melbourne,Food Catering Services,8
2010,North Melbourne,Food and Beverage Services,92
2010,North Melbourne,Manufacturing,8
2010,Parkville,Health Care and Social Assistance,72
2010,Port Melbourne,Food and Beverage Services,2
2010,Port Melbourne,Finance and Insurance,9
2010,Port Melbourne,Public Administration and Safety,1
2010,Port Melbourne,Public Administration and Safety,2
2010,Port Melbourne,Real Estate Services,1
2010,Port Melbourne,"Transport, Postal and Storage",9
2010,Port Melbourne,"Transport, Postal and Storage",4
2010,Port Melbourne,"Transport, Postal and Storage",20
2010,South Yarra,Food and Beverage Services,7
2010,Southbank,Finance and Insurance,8
2010,Southbank,Manufacturing,8
2010,Southbank,Business Services,1
2010,Southbank,"Transport, Postal and Storage",2
2010,West Melbourne (Industrial),Construction,2
2010,West Melbourne (Industrial),"Electricity, Gas, Water",8
2010,West Melbourne (Industrial),Other Services,1
2010,West Melbourne (Industrial),Other Services,5
2010,West Melbourne (Residential),Food and Beverage Services,52
2010,West Melbourne (Residential),"Electricity, Gas, Water",9
2010,West Melbourne (Residential),Finance and Insurance,13
2010,West Melbourne (Residential),Business Services,14
2009,Carlton,Food Catering Services,28
2009,Carlton,Arts and Recreation Services,4
2009,Carlton,Health Care and Social Assistance,84
2009,Carlton,Other Services,16
2009,Carlton,Other Services,110
2009,Docklands,Admin and Support Services,2
2009,Docklands,Education and Training,4
2009,Docklands,Health Care and Social Assistance,12
2009,East Melbourne,Food Catering Services,2
2009,East Melbourne,Admin and Support Services,4
2009,East Melbourne,Arts and Recreation Services,17
2009,East Melbourne,Other Services,1
2009,East Melbourne,Public Administration and Safety,7
2009,East Melbourne,Public Administration and Safety,9
2009,East Melbourne,Public Administration and Safety,3
2009,Kensington,Food and Beverage Services,2
2009,Kensington,Agriculture and Mining,1
2009,Kensington,Retail Trade,25
2009,Melbourne (CBD),Admin and Support Services,9
2009,Melbourne (CBD),Agriculture and Mining,1
2009,Melbourne (CBD),Rental and Hiring Services,20
2009,Melbourne (CBD),"Transport, Postal and Storage",63
2009,Melbourne (Remainder),Admin and Support Services,19
2009,Melbourne (Remainder),Education and Training,4
2009,North Melbourne,Health Care and Social Assistance,82
2009,North Melbourne,Real Estate Services,1
2009,North Melbourne,Rental and Hiring Services,1
2009,Port Melbourne,Manufacturing,7
2009,Port Melbourne,Public Administration and Safety,1
2009,Port Melbourne,Retail Trade,5
2009,South Yarra,Admin and Support Services,1
2009,Southbank,Health Care and Social Assistance,16
2009,Southbank,Agriculture and Mining,3
2009,West Melbourne (Industrial),Arts and Recreation Services,8
2009,West Melbourne (Residential),Finance and Insurance,2
2009,West Melbourne (Residential),Finance and Insurance,1
2009,West Melbourne (Residential),Business Services,1
2009,West Melbourne (Residential),Retail Trade,1
2008,Carlton,Information Media,7
2008,Carlton,Manufacturing,31
2008,Carlton,Other Services,120
2008,Carlton,Wholesale Trade,2
2008,Docklands,Arts and Recreation Services,14
2008,Docklands,Information Media,3
2008,Docklands,Other Services,12
2008,Docklands,"Transport, Postal and Storage",2
2008,Docklands,"Transport, Postal and Storage",9
2008,Docklands,Wholesale Trade,9
2008,Kensington,Public Administration and Safety,2
2008,Kensington,Wholesale Trade,1
2008,Melbourne (CBD),Arts and Recreation Services,21
2008,Melbourne (CBD),Health Care and Social Assistance,1
2008,Melbourne (CBD),Other Services,1
2008,Melbourne (Remainder),Health Care and Social Assistance,2
2008,Melbourne (Remainder),Rental and Hiring Services,1
2008,Melbourne (Remainder),Retail Trade,17
2008,North Melbourne,"Electricity, Gas, Water",26
2008,North Melbourne,Information Media,40
2008,North Melbourne,Public Administration and Safety,9
2008,Port Melbourne,Finance and Insurance,9
2008,Port Melbourne,Rental and Hiring Services,2
2008,South Yarra,Arts and Recreation Services,5
2008,South Yarra,Information Media,1
2008,Southbank,Food and Beverage Services,45
2008,Southbank,Admin and Support Services,9
2008,Southbank,Education and Training,5
2008,Southbank,Finance and Insurance,8
2008,Southbank,Finance and Insurance,19
2008,Southbank,Information Media,1
2003,City of Melbourne (total),Finance and Insurance,185
2003,City of Melbourne (total),Information Media,96
2003,City of Melbourne (total),Real Estate Services,1
2003,City of Melbourne (total),Rental and Hiring Services,1
2003,City of Melbourne (total),Retail Trade,23
2003,City of Melbourne (total),Retail Trade,88
2003,City of Melbourne (total),"Transport, Postal and Storage",12
2002,City of Melbourne (total),Food Catering Services,58
2002,City of Melbourne (total),Admin and Support Services,554
2002,City of Melbourne (total),Admin and Support Services,7
2007,Carlton,Wholesale Trade,1
2007,Docklands,Finance and Insurance,4
2007,Docklands,Finance and Insurance,12
2007,Docklands,Business Services,1
2007,Docklands,Wholesale Trade,9
2007,East Melbourne,Admin and Support Services,3
2007,East Melbourne,Finance and Insurance,1
2007,Kensington,Food Catering Services,1
2007,Kensington,Food and Beverage Services,8
2007,Kensington,Other Services,1
2007,Melbourne (CBD),Agriculture and Mining,1
2007,Melbourne (CBD),Construction,61
2007,Melbourne (CBD),"Electricity, Gas, Water",36
2007,Melbourne (CBD),Rental and Hiring Services,19
2007,Melbourne (CBD),"Transport, Postal and Storage",4
2007,Melbourne (Remainder),Food Catering Services,1
2007,Melbourne (Remainder),Arts and Recreation Services,5
2007,Melbourne (Remainder),Construction,2
2007,Melbourne (Remainder),Health Care and Social Assistance,57
2007,North Melbourne,Education and Training,19
2007,Parkville,Education and Training,2
2007,Parkville,Information Media,3
2007,Parkville,Retail Trade,23
2007,Port Melbourne,Construction,6
2007,Southbank,Food Catering Services,4
2007,Southbank,Food Catering Services,3
2007,Southbank,Arts and Recreation Services,5
2007,Southbank,Arts and Recreation Services,18
2007,Southbank,Education and Training,4
2007,Southbank,Wholesale Trade,13
2007,West Melbourne (Industrial),Admin and Support Services,2
2007,West Melbourne (Residential),Food and Beverage Services,1
2007,West Melbourne (Residential),Education and Training,5
2007,West Melbourne (Residential),Retail Trade,1
2007,West Melbourne (Residential),Wholesale Trade,5
2006,Carlton,"Electricity, Gas, Water",16
2006,Docklands,Arts and Recreation Services,1
2006,Docklands,Retail Trade,1
2006,Melbourne (CBD),Food Catering Services,58
2006,Melbourne (CBD),Food and Beverage Services,1010
2006,Melbourne (CBD),Agriculture and Mining,6
2006,Melbourne (CBD),Other Services,2
2006,Melbourne (CBD),Business Services,231
2006,Melbourne (CBD),Business Services,1303
2006,Melbourne (CBD),Wholesale Trade,1
2006,Melbourne (Remainder),Food Catering Services,1
2006,Melbourne (Remainder),Arts and Recreation Services,23
2006,Melbourne (Remainder),Retail Trade,1
2006,North Melbourne,Food and Beverage Services,82
2006,North Melbourne,Education and Training,1
2006,North Melbourne,"Electricity, Gas, Water",1
2006,North Melbourne,Other Services,6
2006,North Melbourne,Public Administration and Safety,3
2006,Parkville,Education and Training,2
2006,Port Melbourne,Arts and Recreation Services,1
2006,Southbank,Food and Beverage Services,71
2006,Southbank,Admin and Support Services,12
2006,Southbank,Education and Training,2
2006,Southbank,Information Media,6
2006,West Melbourne (Industrial),Construction,4
2006,West Melbourne (Industrial),Retail Trade,2
2006,West Melbourne (Residential),Arts and Recreation Services,1
2006,West Melbourne (Residential),Arts and Recreation Services,9
2006,West Melbourne (Residential),Wholesale Trade,4
2005,Carlton,Rental and Hiring Services,2
2005,Docklands,Food Catering Services,2
2005,Docklands,Real Estate Services,2
2005,Docklands,Retail Trade,106
2005,East Melbourne,Food Catering Services,2
2005,East Melbourne,Education and Training,5
2005,East Melbourne,"Electricity, Gas, Water",1
2005,East Melbourne,Information Media,3
2005,Melbourne (CBD),"Electricity, Gas, Water",11
2005,Melbourne (CBD),Wholesale Trade,2
2005,Melbourne (Remainder),Education and Training,2
2005,North Melbourne,Education and Training,4
2005,North Melbourne,Other Services,6
2005,North Melbourne,Other Services,12
2005,Parkville,Public Administration and Safety,3
2005,Southbank,Food and Beverage Services,41
2005,Southbank,Food Catering Services,2
2005,West Melbourne (Residential),Public Administration and Safety,3
2004,Carlton,Food and Beverage Services,12
2004,Carlton,Food Catering Services,4
2004,Carlton,Food and Beverage Services,162
2004,Docklands,Manufacturing,1
2004,East Melbourne,Admin and Support Services,4
2004,East Melbourne,Business Services,57
2004,East Melbourne,Retail Trade,15
2004,East Melbourne,Wholesale Trade,6
2004,Kensington,Food and Beverage Services,9
2004,Kensington,Education and Training,1
2004,Kensington,Health Care and Social Assistance,9
2023,Carlton,Food and Beverage Services,30
2023,Carlton,Education and Training,12
2023,Carlton,Real Estate Services,2
2023,Carlton,"Transport, Postal and Storage",3
2023,Docklands,Education and Training,1
2023,Docklands,"Electricity, Gas, Water",1
2023,Docklands,Finance and Insurance,15
2023,East Melbourne,Finance and Insurance,1
2023,East Melbourne,Public Administration and Safety,12
2023,Kensington,Construction,19
2023,Kensington,Retail Trade,32
2023,Melbourne (CBD),Construction,74
2023,Melbourne (CBD),Education and Training,5
2023,Melbourne (Remainder),Arts and Recreation Services,10
2023,Melbourne (Remainder),Finance and Insurance,2
2023,North Melbourne,Health Care and Social Assistance,3
2023,North Melbourne,Information Media,7
2023,Parkville,Food and Beverage Services,52
2023,Parkville,Arts and Recreation Services,1
2023,Port Melbourne,Arts and Recreation Services,1
2023,Port Melbourne,Construction,22
2023,South Yarra,Other Services,1
2023,Southbank,Public Administration and Safety,6
2023,Southbank,Retail Trade,20
2023,West Melbourne (Industrial),Manufacturing,4
2023,West Melbourne (Industrial),Manufacturing,2
2023,West Melbourne (Industrial),"Transport, Postal and Storage",5
2023,West Melbourne (Residential),Public Administration and Safety,1
2023,West Melbourne (Residential),Real Estate Services,1
2023,West Melbourne (Residential),Real Estate Services,6
2023,West Melbourne (Residential),Retail Trade,34
2023,West Melbourne (Residential),Wholesale Trade,1
2022,Carlton,Food and Beverage Services,194
2022,Carlton,Admin and Support Services,2
2022,Carlton,Manufacturing,3
2022,Carlton,Manufacturing,3
2022,Carlton,Wholesale Trade,9
2022,Docklands,Education and Training,1
2022,Docklands,"Electricity, Gas, Water",1
2022,Docklands,Business Services,17
2022,Docklands,Rental and Hiring Services,4
2022,Docklands,Retail Trade,135
2022,Docklands,"Transport, Postal and Storage",4
2022,East Melbourne,Information Media,4
2022,East Melbourne,Agriculture and Mining,1
2022,Kensington,Arts and Recreation Services,1
2022,Kensington,Information Media,2
2022,Kensington,Manufacturing,2
2022,Kensington,Business Services,9
2022,Melbourne (CBD),Information Media,33
2022,Melbourne (CBD),"Transport, Postal and Storage",16
2022,North Melbourne,Food and Beverage Services,106
2022,North Melbourne,Business Services,1
2022,Parkville,Arts and Recreation Services,1
2022,Parkville,Arts and Recreation Services,28
2022,Parkville,Manufacturing,1
2022,Parkville,Other Services,3
2022,Port Melbourne,Food and Beverage Services,13
2022,Port Melbourne,Arts and Recreation Services,5
2022,Port Melbourne,Construction,42
2022,Port Melbourne,Education and Training,6
2022,Port Melbourne,"Electricity, Gas, Water",6
2022,Southbank,Information Media,5
2022,Southbank,Business Services,6
2022,Southbank,Real Estate Services,2
2022,Southbank,Retail Trade,196
2022,West Melbourne (Industrial),"Electricity, Gas, Water",5
2022,West Melbourne (Residential),Food and Beverage Services,1
2022,West Melbourne (Residential),Arts and Recreation Services,10
2022,West Melbourne (Residential),Real Estate Services,1
2021,Docklands,Arts and Recreation Services,27
2021,Docklands,Manufacturing,1
2021,Docklands,Agriculture and Mining,2
2021,Docklands,Business Services,17
2021,Docklands,Rental and Hiring Services,4
2021,Docklands,Wholesale Trade,1
2021,East Melbourne,Admin and Support Services,1
2021,East Melbourne,Admin and Support Services,7
2021,East Melbourne,Finance and Insurance,4
2021,East Melbourne,Health Care and Social Assistance,2
2021,East Melbourne,Public Administration and Safety,11
2021,Kensington,Education and Training,5
2021,Melbourne (CBD),Food and Beverage Services,15
2021,Melbourne (CBD),Admin and Support Services,83
2021,Melbourne (CBD),Construction,1
2021,Melbourne (CBD),"Electricity, Gas, Water",6
2021,Melbourne (CBD),Information Media,37
2021,Melbourne (CBD),Agriculture and Mining,16
2021,Melbourne (CBD),Business Services,43
2021,Melbourne (CBD),Public Administration and Safety,36
2021,Melbourne (Remainder),Food and Beverage Services,5
2021,Melbourne (Remainder),Arts and Recreation Services,12
2021,Melbourne (Remainder),Arts and Recreation Services,24
2021,Melbourne (Remainder),Business Services,6
2021,Melbourne (Remainder),Business Services,11
2021,Melbourne (Remainder),Real Estate Services,2
2021,North Melbourne,Admin and Support Services,27
2021,North Melbourne,Information Media,4
2021,North Melbourne,Information Media,2
2021,North Melbourne,Wholesale Trade,2
2021,Parkville,Food Catering Services,1
2021,Parkville,Food Catering Services,4
2020,Carlton,Other Services,19
2020,Docklands,Education and Training,19
2020,Docklands,"Electricity, Gas, Water",9
2020,Docklands,Health Care and Social Assistance,9
2020,Docklands,Other Services,54
2020,Docklands,Real Estate Services,1
2020,Docklands,"Transport, Postal and Storage",21
2020,East Melbourne,Public Administration and Safety,1
2020,East Melbourne,"Transport, Postal and Storage",3
2020,Kensington,Admin and Support Services,3
2020,Melbourne (CBD),Food and Beverage Services,1414
2020,Melbourne (CBD),Manufacturing,2
2020,Melbourne (CBD),Agriculture and Mining,4
2020,Melbourne (CBD),Public Administration and Safety,58
2020,Melbourne (CBD),"Transport, Postal and Storage",4
2020,Melbourne (Remainder),Arts and Recreation Services,22
2020,Melbourne (Remainder),Arts and Recreation Services,10
2020,North Melbourne,Agriculture and Mining,1
2020,North Melbourne,Health Care and Social Assistance,2
2020,North Melbourne,Manufacturing,1
2020,North Melbourne,Public Administration and Safety,3
2020,Parkville,Health Care and Social Assistance,8
2020,Parkville,Health Care and Social Assistance,61
2020,Port Melbourne,Admin and Support Services,4
2020,Port Melbourne,Admin and Support Services,1
2020,Port Melbourne,Education and Training,1
2020,Port Melbourne,"Electricity, Gas, Water",3
2020,Port Melbourne,Rental and Hiring Services,8
2020,Port Melbourne,"Transport, Postal and Storage",4
2020,Port Melbourne,Wholesale Trade,1
2020,South Yarra,Food and Beverage Services,6
2020,South Yarra,Arts and Recreation Services,4
2020,South Yarra,"Electricity, Gas, Water",6
2020,Southbank,Admin and Support Services,15
2020,Southbank,Finance and Insurance,19
2020,Southbank,Information Media,5
2020,West Melbourne (Industrial),Arts and Recreation Services,1
2020,West Melbourne (Industrial),"Electricity, Gas, Water",1
2020,West Melbourne (Residential),Food Catering Services,3
2020,West Melbourne (Residential),Business Services,71
2020,West Melbourne (Residential),Real Estate Services,1
2019,Carlton,Food and Beverage Services,209
2019,Carlton,Business Services,125
2019,Docklands,Food and Beverage Services,1
2019,Docklands,Public Administration and Safety,9
2019,Melbourne (CBD),Health Care and Social Assistance,356
2019,Melbourne (Remainder),"Electricity, Gas, Water",1
2019,Melbourne (Remainder),Health Care and Social Assistance,3
2019,Melbourne (Remainder),Health Care and Social Assistance,10
2019,North Melbourne,Information Media,4
2019,North Melbourne,Retail Trade,86
2019,North Melbourne,"Transport, Postal and Storage",16
2019,Parkville,Education and Training,45
2019,Parkville,Real Estate Services,1
2019,Port Melbourne,Agriculture and Mining,1
2019,Port Melbourne,Health Care and Social Assistance,1
2019,Port Melbourne,Manufacturing,1
2019,Port Melbourne,Public Administration and Safety,5
2013,West Melbourne (Industrial),Arts and Recreation Services,1
2013,West Melbourne (Residential),Finance and Insurance,2
2008,Kensington,Arts and Recreation Services,2
2008,Kensington,Education and Training,3
2008,Kensington,Real Estate Services,3
2008,Melbourne (CBD),Food Catering Services,46
2008,Melbourne (CBD),Food Catering Services,61
2008,Melbourne (CBD),Education and Training,1
2008,Melbourne (CBD),"Electricity, Gas, Water",40
2008,Melbourne (CBD),Real Estate Services,2
2008,Melbourne (Remainder),Construction,2
2008,Melbourne (Remainder),Health Care and Social Assistance,4
2008,Melbourne (Remainder),Business Services,25
2008,Melbourne (Remainder),Wholesale Trade,2
2008,North Melbourne,Health Care and Social Assistance,63
2008,North Melbourne,"Transport, Postal and Storage",4
2008,Parkville,Education and Training,5
2008,Parkville,Other Services,5
2008,Port Melbourne,Arts and Recreation Services,1
2008,Southbank,Manufacturing,8
2008,Southbank,Agriculture and Mining,2
2008,Southbank,Rental and Hiring Services,6
2008,West Melbourne (Industrial),Information Media,2
2004,Melbourne (CBD),"Electricity, Gas, Water",6
2004,Melbourne (CBD),"Electricity, Gas, Water",34
2004,Melbourne (CBD),Finance and Insurance,3
2004,Melbourne (CBD),Information Media,150
2004,Melbourne (CBD),Manufacturing,7
2004,Melbourne (CBD),Business Services,35
2004,Melbourne (Remainder),Business Services,53
2004,North Melbourne,Food Catering Services,9
2004,North Melbourne,Agriculture and Mining,1
2004,Parkville,Health Care and Social Assistance,1
2004,Port Melbourne,Public Administration and Safety,1
2004,South Yarra,Food and Beverage Services,4
2004,Southbank,Education and Training,5
2004,Southbank,Other Services,4
2004,West Melbourne (Residential),Food Catering Services,6
2003,Carlton,Education and Training,6
2003,Carlton,Finance and Insurance,36
2003,Carlton,Information Media,9
2003,Carlton,Other Services,134
2003,Carlton,Business Services,135
2003,Carlton,Retail Trade,1
2003,Carlton,Retail Trade,4
2003,Docklands,Business Services,4
2003,Docklands,Retail Trade,14
2003,East Melbourne,Food and Beverage Services,2
2003,Kensington,Business Services,6
2003,Melbourne (CBD),"Electricity, Gas, Water",10
2003,Melbourne (CBD),Finance and Insurance,39
2003,Melbourne (CBD),Agriculture and Mining,25
2003,Melbourne (Remainder),Finance and Insurance,25
2003,Melbourne (Remainder),Health Care and Social Assistance,3
2003,Melbourne (Remainder),Manufacturing,5
2003,Melbourne (Remainder),Other Services,6
2003,North Melbourne,Admin and Support Services,6
2003,North Melbourne,Health Care and Social Assistance,3
2003,North Melbourne,Rental and Hiring Services,2
2003,North Melbourne,Retail Trade,90
2003,Parkville,Arts and Recreation Services,1
2003,Port Melbourne,Other Services,2
2003,Port Melbourne,"Transport, Postal and Storage",8
2003,Port Melbourne,Wholesale Trade,3
2003,Port Melbourne,Wholesale Trade,11
2003,South Yarra,"Electricity, Gas, Water",6
2003,South Yarra,Other Services,3
2003,Southbank,Education and Training,2
2003,Southbank,Business Services,29
2003,Southbank,Real Estate Services,6
2003,West Melbourne (Residential),Admin and Support Services,1
2003,West Melbourne (Residential),Admin and Support Services,5
2003,West Melbourne (Residential),Retail Trade,1
2002,Carlton,Education and Training,3
2002,Carlton,Health Care and Social Assistance,8
2002,Carlton,Retail Trade,154
2002,Docklands,Construction,1
2002,Docklands,"Electricity, Gas, Water",5
2002,Docklands,Manufacturing,3
2002,Docklands,Business Services,6
2002,Docklands,Retail Trade,1
2002,East Melbourne,Arts and Recreation Services,5
2002,East Melbourne,Real Estate Services,1
2002,East Melbourne,Retail Trade,15
2002,Kensington,Rental and Hiring Services,1
2002,Kensington,Retail Trade,7
2002,Melbourne (CBD),Health Care and Social Assistance,312
2002,Melbourne (CBD),Information Media,143
2002,Melbourne (Remainder),Food and Beverage Services,16
2002,Melbourne (Remainder),Arts and Recreation Services,9
2002,Melbourne (Remainder),Education and Training,2
2002,Melbourne (Remainder),Education and Training,1
2002,Melbourne (Remainder),Manufacturing,1
2002,Melbourne (Remainder),Business Services,18
2002,Melbourne (Remainder),Business Services,1
2002,North Melbourne,Food and Beverage Services,70
2002,Port Melbourne,Food and Beverage Services,2
2002,Port Melbourne,Public Administration and Safety,2
2002,Port Melbourne,Wholesale Trade,21
2002,South Yarra,Admin and Support Services,1
2002,Southbank,"Electricity, Gas, Water",3
2002,Southbank,Health Care and Social Assistance,1
2002,Southbank,Information Media,11
2002,Southbank,Manufacturing,9
2002,West Melbourne (Industrial),Admin and Support Services,3
2002,West Melbourne (Industrial),Construction,1
2002,West Melbourne (Residential),Food Catering Services,1
2002,West Melbourne (Residential),"Electricity, Gas, Water",1
2023,City of Melbourne (total),Public Administration and Safety,61
2023,City of Melbourne (total),Real Estate Services,85
2022,City of Melbourne (total),Finance and Insurance,477
2022,City of Melbourne (total),Agriculture and Mining,4
2022,City of Melbourne (total),Real Estate Services,6
2021,City of Melbourne (total),Food and Beverage Services,2303
2021,City of Melbourne (total),Arts and Recreation Services,243
2020,City of Melbourne (total),"Electricity, Gas, Water",11
2020,City of Melbourne (total),Rental and Hiring Services,4
2019,City of Melbourne (total),Food Catering Services,99
2019,City of Melbourne (total),Arts and Recreation Services,246
2019,City of Melbourne (total),Construction,98
2018,City of Melbourne (total),Health Care and Social Assistance,160
2018,City of Melbourne (total),Public Administration and Safety,9
2018,City of Melbourne (total),Real Estate Services,15
2017,City of Melbourne (total),Food Catering Services,47
2017,City of Melbourne (total),Construction,71
2017,City of Melbourne (total),"Electricity, Gas, Water",13
2017,City of Melbourne (total),Manufacturing,64
2017,City of Melbourne (total),Other Services,106
2016,City of Melbourne (total),Finance and Insurance,46
2016,City of Melbourne (total),Information Media,143
2016,City of Melbourne (total),Manufacturing,14
2016,City of Melbourne (total),Other Services,198
2015,City of Melbourne (total),Food and Beverage Services,21
2015,City of Melbourne (total),Admin and Support Services,9
2015,City of Melbourne (total),Education and Training,17
2014,City of Melbourne (total),Retail Trade,7
2013,City of Melbourne (total),Retail Trade,2358
2012,City of Melbourne (total),Construction,2
2012,City of Melbourne (total),Agriculture and Mining,8
2012,City of Melbourne (total),Business Services,18
2012,City of Melbourne (total),Real Estate Services,2
2012,City of Melbourne (total),"Transport, Postal and Storage",73
2011,City of Melbourne (total),Health Care and Social Assistance,898
2011,City of Melbourne (total),Real Estate Services,40
2010,City of Melbourne (total),Manufacturing,491
2010,City of Melbourne (total),Other Services,134
2010,City of Melbourne (total),Other Services,1160
2010,City of Melbourne (total),Wholesale Trade,96
2009,City of Melbourne (total),Health Care and Social Assistance,83
2009,City of Melbourne (total),Manufacturing,65
2008,City of Melbourne (total),Food Catering Services,8
2008,City of Melbourne (total),Food and Beverage Services,1707
2008,City of Melbourne (total),Admin and Support Services,14
2008,City of Melbourne (total),Public Administration and Safety,127
2007,City of Melbourne (total),Food and Beverage Services,4
2007,City of Melbourne (total),Admin and Support Services,116
2007,City of Melbourne (total),Other Services,1044
2007,City of Melbourne (total),Business Services,398
2007,City of Melbourne (total),Public Administration and Safety,124
2007,City of Melbourne (total),Wholesale Trade,6
2006,City of Melbourne (total),Public Administration and Safety,7
2006,City of Melbourne (total),Public Administration and Safety,39
2006,City of Melbourne (total),Real Estate Services,35
2006,City of Melbourne (total),"Transport, Postal and Storage",85
2006,City of Melbourne (total),"Transport, Postal and Storage",13
2005,City of Melbourne (total),Food Catering Services,7
2005,City of Melbourne (total),Food and Beverage Services,4
2005,City of Melbourne (total),Agriculture and Mining,6
2005,City of Melbourne (total),Public Administration and Safety,112
2005,City of Melbourne (total),Real Estate Services,26
2004,City of Melbourne (total),Food and Beverage Services,188
2004,City of Melbourne (total),Admin and Support Services,8
2004,City of Melbourne (total),Manufacturing,466
2004,City of Melbourne (total),Manufacturing,59
2004,City of Melbourne (total),Agriculture and Mining,30
2004,City of Melbourne (total),Business Services,38
2004,City of Melbourne (total),"Transport, Postal and Storage",63
2004,City of Melbourne (total),"Transport, Postal and Storage",207
2003,City of Melbourne (total),Arts and Recreation Services,56
2003,City of Melbourne (total),Construction,32
2003,City of Melbourne (total),"Electricity, Gas, Water",134
2003,City of Melbourne (total),Agriculture and Mining,6
2003,City of Melbourne (total),Wholesale Trade,5
2002,City of Melbourne (total),Health Care and Social Assistance,54
2002,City of Melbourne (total),Other Services,3
2002,City of Melbourne (total),Business Services,341
2002,City of Melbourne (total),Rental and Hiring Services,1
2008,West Melbourne (Residential),Manufacturing,23
2008,West Melbourne (Residential),Business Services,2
2008,West Melbourne (Residential),Business Services,76
2008,West Melbourne (Residential),Public Administration and Safety,1
2008,West Melbourne (Residential),"Transport, Postal and Storage",2
2007,Carlton,Arts and Recreation Services,17
2007,Carlton,Other Services,9
2007,Carlton,Retail Trade,5
2007,Docklands,Finance and Insurance,1
2007,Docklands,Business Services,1
2007,Docklands,Retail Trade,1
2007,Melbourne (CBD),Manufacturing,3
2007,Melbourne (CBD),Public Administration and Safety,1
2007,Melbourne (Remainder),Other Services,9
2007,North Melbourne,Retail Trade,6
2007,Port Melbourne,Information Media,1
2007,Southbank,Admin and Support Services,13
2007,Southbank,"Electricity, Gas, Water",22
2007,Southbank,Business Services,4
2007,West Melbourne (Industrial),Wholesale Trade,27
2007,West Melbourne (Residential),Food Catering Services,5
2007,West Melbourne (Residential),Admin and Support Services,10
2007,West Melbourne (Residential),Arts and Recreation Services,3
2007,West Melbourne (Residential),Business Services,1
2007,West Melbourne (Residential),Public Administration and Safety,9
2006,Carlton,Admin and Support Services,4
2006,Carlton,Manufacturing,1
2006,Carlton,Business Services,4
2006,Docklands,Food and Beverage Services,12
2006,Docklands,Construction,1
2006,East Melbourne,Construction,3
2006,Kensington,Public Administration and Safety,1
2006,Melbourne (CBD),Arts and Recreation Services,14
2006,Melbourne (CBD),Construction,1
2006,Melbourne (CBD),Finance and Insurance,143
2006,Melbourne (CBD),Manufacturing,256
2006,Melbourne (CBD),Other Services,42
2006,Melbourne (CBD),Other Services,46
2006,Melbourne (CBD),Rental and Hiring Services,1
2006,Melbourne (Remainder),Agriculture and Mining,1
2006,Melbourne (Remainder),Arts and Recreation Services,5
2006,Melbourne (Remainder),Construction,2
2006,Melbourne (Remainder),Manufacturing,8
2006,Melbourne (Remainder),Other Services,9
2006,North Melbourne,Arts and Recreation Services,4
2006,Parkville,Food and Beverage Services,5
2006,Parkville,Admin and Support Services,3
2006,Parkville,Arts and Recreation Services,1
2006,Port Melbourne,Arts and Recreation Services,5
2006,Port Melbourne,Construction,13
2006,Port Melbourne,Public Administration and Safety,1
2006,Port Melbourne,Rental and Hiring Services,1
2006,South Yarra,Education and Training,5
2006,Southbank,Business Services,59
2006,Southbank,Real Estate Services,15
2006,West Melbourne (Industrial),Business Services,1
2006,West Melbourne (Residential),Admin and Support Services,5
2006,West Melbourne (Residential),Admin and Support Services,19
2006,West Melbourne (Residential),Construction,2
2006,West Melbourne (Residential),Health Care and Social Assistance,14
2006,West Melbourne (Residential),Information Media,1
2006,West Melbourne (Residential),Business Services,1
2006,West Melbourne (Residential),Business Services,11
2006,West Melbourne (Residential),Retail Trade,49
2005,Carlton,Information Media,1
2005,Carlton,Other Services,12
2005,Docklands,Food Catering Services,1
2005,Docklands,Other Services,16
2005,Docklands,Business Services,34
2005,East Melbourne,"Transport, Postal and Storage",2
2005,Kensington,Arts and Recreation Services,8
2005,Melbourne (CBD),Food Catering Services,41
2005,Melbourne (CBD),Admin and Support Services,3
2005,Melbourne (CBD),Business Services,213
2005,Melbourne (CBD),Public Administration and Safety,63
2005,Melbourne (CBD),Retail Trade,5
2005,Melbourne (Remainder),Construction,1
2005,Melbourne (Remainder),Manufacturing,1
2005,Melbourne (Remainder),Business Services,53
2005,Melbourne (Remainder),Retail Trade,18
2005,North Melbourne,Construction,5
2005,North Melbourne,Other Services,118
2005,North Melbourne,Wholesale Trade,50
2005,Parkville,Food Catering Services,1
2005,Port Melbourne,Food and Beverage Services,2
2005,Southbank,Food Catering Services,1
2005,Southbank,Arts and Recreation Services,7
2005,Southbank,Health Care and Social Assistance,12
2005,Southbank,Public Administration and Safety,1
2005,Southbank,Rental and Hiring Services,6
2005,Southbank,Retail Trade,8
2005,West Melbourne (Industrial),Food and Beverage Services,9
2005,West Melbourne (Residential),Finance and Insurance,12
2005,West Melbourne (Residential),Information Media,19
2005,West Melbourne (Residential),Business Services,1
2005,West Melbourne (Residential),Public Administration and Safety,7
2004,Carlton,Arts and Recreation Services,2
2004,Carlton,Finance and Insurance,36
2004,Carlton,Information Media,1
2004,Carlton,Rental and Hiring Services,4
2004,East Melbourne,Finance and Insurance,2
2004,Kensington,Manufacturing,1
2004,Kensington,Other Services,11
2013,Parkville,"Transport, Postal and Storage",1
2013,Port Melbourne,Food and Beverage Services,4
2013,Port Melbourne,Information Media,4
2013,Port Melbourne,Manufacturing,24
2013,Port Melbourne,Business Services,58
2013,Port Melbourne,Public Administration and Safety,5
2013,Port Melbourne,"Transport, Postal and Storage",7
2013,Port Melbourne,"Transport, Postal and Storage",24
2013,South Yarra,Education and Training,6
2013,South Yarra,Information Media,1
2013,Southbank,Food and Beverage Services,4
2013,Southbank,Finance and Insurance,16
2013,Southbank,Other Services,2
2013,Southbank,Public Administration and Safety,6
2013,Southbank,Real Estate Services,23
2013,Southbank,"Transport, Postal and Storage",1
2013,West Melbourne (Industrial),Finance and Insurance,1
2012,Carlton,Health Care and Social Assistance,1
2012,Docklands,Admin and Support Services,1
2012,Docklands,Admin and Support Services,7
2012,Docklands,Education and Training,2
2012,Docklands,Manufacturing,1
2012,Docklands,Retail Trade,251
2012,East Melbourne,Arts and Recreation Services,15
2012,Melbourne (CBD),Manufacturing,261
2012,Melbourne (CBD),Agriculture and Mining,1
2011,Southbank,Construction,16
2011,Southbank,"Transport, Postal and Storage",1
2011,West Melbourne (Industrial),Public Administration and Safety,3
2011,West Melbourne (Residential),Manufacturing,8
2011,West Melbourne (Residential),Manufacturing,13
2011,West Melbourne (Residential),"Transport, Postal and Storage",2
2010,Carlton,Admin and Support Services,19
2010,Carlton,Information Media,1
2010,Carlton,Wholesale Trade,1
2010,Docklands,Food and Beverage Services,140
2010,Docklands,Arts and Recreation Services,2
2010,Docklands,Education and Training,2
2007,Port Melbourne,Agriculture and Mining,2
2007,Southbank,Food and Beverage Services,71
2007,Southbank,Agriculture and Mining,1
2007,Southbank,Rental and Hiring Services,6
2007,Southbank,Retail Trade,5
2007,Southbank,Retail Trade,95
2007,Southbank,"Transport, Postal and Storage",1
2007,West Melbourne (Residential),Food Catering Services,1
2007,West Melbourne (Residential),Finance and Insurance,2
2006,East Melbourne,Public Administration and Safety,6
2006,Melbourne (CBD),Admin and Support Services,1
2006,Melbourne (CBD),Agriculture and Mining,1
2006,Melbourne (CBD),Education and Training,131
2006,Melbourne (CBD),Public Administration and Safety,26
2006,Melbourne (Remainder),Food Catering Services,1
2006,Melbourne (Remainder),Food and Beverage Services,18
2006,Melbourne (Remainder),Arts and Recreation Services,4
2006,Melbourne (Remainder),Finance and Insurance,3
2006,Melbourne (Remainder),Agriculture and Mining,1
2006,Melbourne (Remainder),Other Services,21
2006,Melbourne (Remainder),"Transport, Postal and Storage",1
2006,Melbourne (Remainder),Wholesale Trade,2
2006,North Melbourne,Food Catering Services,1
2006,Parkville,Other Services,3
2006,Parkville,Public Administration and Safety,1
2006,South Yarra,Education and Training,3
2006,Southbank,Food Catering Services,4
2006,Southbank,Arts and Recreation Services,9
2006,Southbank,Manufacturing,3
2006,Southbank,Retail Trade,5
2006,Southbank,Wholesale Trade,13
2006,West Melbourne (Industrial),Public Administration and Safety,4
2006,West Melbourne (Residential),Food and Beverage Services,1
2006,West Melbourne (Residential),Information Media,19
2005,Carlton,Finance and Insurance,7
2005,Docklands,Agriculture and Mining,2
2005,Docklands,Arts and Recreation Services,1
2005,Docklands,Public Administration and Safety,3
2005,Docklands,Public Administration and Safety,4
2005,East Melbourne,Food Catering Services,3
2005,East Melbourne,Admin and Support Services,3
2005,East Melbourne,Manufacturing,1
2005,East Melbourne,Other Services,6
2005,Kensington,Construction,1
2005,Kensington,Construction,1
2005,Kensington,"Electricity, Gas, Water",5
2005,Kensington,Finance and Insurance,2
2005,Kensington,Public Administration and Safety,2
2005,Kensington,Wholesale Trade,1
2005,Melbourne (CBD),Admin and Support Services,81
2005,Melbourne (CBD),Arts and Recreation Services,19
2005,Melbourne (CBD),Arts and Recreation Services,71
2005,Melbourne (CBD),Education and Training,4
2005,Melbourne (CBD),Education and Training,122
2005,Melbourne (CBD),"Electricity, Gas, Water",33
2005,Melbourne (CBD),Finance and Insurance,139
2005,Melbourne (CBD),Finance and Insurance,1
2005,Melbourne (CBD),Rental and Hiring Services,1
2005,Melbourne (CBD),Rental and Hiring Services,18
2005,Melbourne (CBD),Wholesale Trade,128
2005,Melbourne (Remainder),"Electricity, Gas, Water",3
2005,Melbourne (Remainder),Agriculture and Mining,2
2005,Melbourne (Remainder),Public Administration and Safety,2
2005,Melbourne (Remainder),Real Estate Services,7
2005,North Melbourne,Food Catering Services,1
2005,North Melbourne,Food and Beverage Services,2
2005,North Melbourne,Arts and Recreation Services,26
2005,North Melbourne,Health Care and Social Assistance,5
2005,Port Melbourne,Information Media,8
2005,Port Melbourne,Agriculture and Mining,1
2005,Port Melbourne,Business Services,23
2005,Port Melbourne,Public Administration and Safety,1
2005,Port Melbourne,"Transport, Postal and Storage",3
2005,Port Melbourne,Wholesale Trade,3
2005,Port Melbourne,Wholesale Trade,13
2005,South Yarra,Food Catering Services,8
2005,South Yarra,Arts and Recreation Services,4
2005,Southbank,Admin and Support Services,13
2023,West Melbourne (Industrial),Construction,4
2023,West Melbourne (Industrial),"Electricity, Gas, Water",2
2023,West Melbourne (Industrial),Other Services,5
2023,West Melbourne (Industrial),Business Services,1
2023,West Melbourne (Residential),Food and Beverage Services,1
2023,West Melbourne (Residential),Arts and Recreation Services,2
2023,West Melbourne (Residential),Health Care and Social Assistance,21
2022,Carlton,Construction,9
2022,Carlton,Education and Training,26
2022,Carlton,Education and Training,44
2022,Carlton,"Electricity, Gas, Water",14
2022,Carlton,Health Care and Social Assistance,15
2022,Carlton,Health Care and Social Assistance,69
2022,Carlton,Information Media,1
2022,Carlton,Manufacturing,14
2022,Carlton,Public Administration and Safety,4
2022,Carlton,Rental and Hiring Services,2
2022,Docklands,Information Media,6
2022,Docklands,Manufacturing,1
2022,Docklands,Other Services,42
2022,Docklands,Wholesale Trade,1
2022,East Melbourne,Arts and Recreation Services,10
2022,East Melbourne,Education and Training,3
2022,East Melbourne,"Electricity, Gas, Water",7
2022,East Melbourne,Finance and Insurance,5
2022,East Melbourne,Finance and Insurance,8
2022,East Melbourne,Business Services,9
2022,East Melbourne,Retail Trade,1
2022,East Melbourne,"Transport, Postal and Storage",1
2022,Kensington,Food and Beverage Services,1
2022,Kensington,Food and Beverage Services,47
2022,Kensington,Agriculture and Mining,1
2022,Kensington,Construction,2
2022,Kensington,Education and Training,5
2022,Kensington,Health Care and Social Assistance,6
2022,Kensington,Manufacturing,26
2022,Kensington,Public Administration and Safety,2
2022,Melbourne (CBD),Food Catering Services,67
2022,Melbourne (CBD),Admin and Support Services,68
2022,Melbourne (CBD),Agriculture and Mining,1
2022,Melbourne (CBD),Agriculture and Mining,2
2022,Melbourne (CBD),Construction,1
2022,Melbourne (CBD),"Electricity, Gas, Water",5
2022,Melbourne (CBD),Health Care and Social Assistance,1
2022,Melbourne (CBD),Health Care and Social Assistance,54
2022,Melbourne (CBD),Manufacturing,12
2022,Melbourne (CBD),Business Services,46
2022,Melbourne (CBD),Retail Trade,10
2022,Melbourne (Remainder),Arts and Recreation Services,10
2022,Melbourne (Remainder),Business Services,6
2022,Melbourne (Remainder),Real Estate Services,2
2022,North Melbourne,Food and Beverage Services,3
2022,North Melbourne,Construction,13
2022,North Melbourne,Education and Training,2
2022,North Melbourne,Finance and Insurance,1
2022,North Melbourne,Health Care and Social Assistance,14
2022,North Melbourne,Manufacturing,6
2022,North Melbourne,Manufacturing,1
2022,Parkville,Business Services,8
2022,Parkville,Wholesale Trade,1
2022,Port Melbourne,Admin and Support Services,5
2022,Port Melbourne,Manufacturing,50
2022,South Yarra,Education and Training,1
2022,South Yarra,"Electricity, Gas, Water",6
2022,South Yarra,Information Media,1
2022,South Yarra,Manufacturing,1
2022,South Yarra,Retail Trade,4
2022,Southbank,Health Care and Social Assistance,8
2022,Southbank,Other Services,16
2022,Southbank,"Transport, Postal and Storage",4
2022,West Melbourne (Industrial),Rental and Hiring Services,1
2022,West Melbourne (Industrial),"Transport, Postal and Storage",12
2022,West Melbourne (Residential),Arts and Recreation Services,2
2022,West Melbourne (Residential),Construction,9
2022,West Melbourne (Residential),Information Media,5
2022,West Melbourne (Residential),Retail Trade,3
2022,West Melbourne (Residential),Wholesale Trade,1
2021,Carlton,Food Catering Services,39
2021,Carlton,Arts and Recreation Services,22
2021,Carlton,Education and Training,13
2021,Carlton,Retail Trade,4
2021,Carlton,Retail Trade,3
2021,Carlton,"Transport, Postal and Storage",4
2021,Docklands,Food and Beverage Services,3
2021,Docklands,"Electricity, Gas, Water",4
2021,Docklands,"Electricity, Gas, Water",1
2021,Docklands,Information Media,15
2021,Docklands,Manufacturing,12
2021,Docklands,Real Estate Services,2
2021,East Melbourne,Food Catering Services,2
2021,East Melbourne,Food and Beverage Services,38
2021,East Melbourne,Food Catering Services,13
2021,East Melbourne,Arts and Recreation Services,7
2021,East Melbourne,Manufacturing,2
2021,East Melbourne,Agriculture and Mining,1
2021,East Melbourne,Other Services,8
2021,East Melbourne,Public Administration and Safety,1
2021,East Melbourne,Real Estate Services,6
2021,Kensington,Food and Beverage Services,5
2021,Kensington,Finance and Insurance,1
2021,Kensington,Information Media,3
2021,Kensington,Other Services,35
2021,Kensington,Real Estate Services,1
2021,Kensington,Rental and Hiring Services,1
2021,Kensington,"Transport, Postal and Storage",1
2021,Melbourne (CBD),Food Catering Services,5
2021,Melbourne (CBD),Arts and Recreation Services,2
2021,Melbourne (CBD),Arts and Recreation Services,33
2021,Melbourne (CBD),Arts and Recreation Services,98
2021,Melbourne (CBD),Finance and Insurance,173
2021,Melbourne (CBD),Manufacturing,184
2021,Melbourne (CBD),Real Estate Services,6
2021,Melbourne (CBD),Rental and Hiring Services,10
2021,Melbourne (CBD),"Transport, Postal and Storage",4
2021,Melbourne (Remainder),Construction,2
2021,Melbourne (Remainder),Finance and Insurance,2
2021,Melbourne (Remainder),Finance and Insurance,6
2021,Melbourne (Remainder),Other Services,7
2021,Melbourne (Remainder),Other Services,12
2021,North Melbourne,Food and Beverage Services,2
2021,North Melbourne,Other Services,110
2021,North Melbourne,Public Administration and Safety,2
2021,Parkville,Food and Beverage Services,55
2021,Parkville,Business Services,8
2021,Port Melbourne,Food and Beverage Services,3
2021,Port Melbourne,Education and Training,1
2021,Port Melbourne,Manufacturing,2
2021,Port Melbourne,Public Administration and Safety,9
2021,Port Melbourne,Real Estate Services,1
2021,Port Melbourne,Rental and Hiring Services,9
2021,Port Melbourne,"Transport, Postal and Storage",14
2021,Port Melbourne,Wholesale Trade,11
2021,South Yarra,"Electricity, Gas, Water",6
2021,Southbank,Food Catering Services,3
2021,Southbank,Food and Beverage Services,4
2021,Southbank,Admin and Support Services,1
2021,Southbank,Agriculture and Mining,1
2021,Southbank,Finance and Insurance,12
2021,Southbank,Other Services,1
2021,Southbank,Public Administration and Safety,1
2021,Southbank,Wholesale Trade,9
2021,West Melbourne (Industrial),"Transport, Postal and Storage",18
2021,West Melbourne (Industrial),"Transport, Postal and Storage",15
2021,West Melbourne (Residential),Food Catering Services,3
2021,West Melbourne (Residential),Arts and Recreation Services,9
2021,West Melbourne (Residential),Construction,3
2021,West Melbourne (Residential),Finance and Insurance,6
2021,West Melbourne (Residential),Wholesale Trade,1
2020,Carlton,Food Catering Services,6
2020,Carlton,Arts and Recreation Services,22
2020,Carlton,Arts and Recreation Services,19
2020,Carlton,Health Care and Social Assistance,16
2020,Carlton,Manufacturing,2
2020,Carlton,Manufacturing,19
2020,Carlton,Other Services,9
2020,Docklands,Agriculture and Mining,1
2020,Docklands,Construction,16
2020,Docklands,Other Services,21
2020,Docklands,Real Estate Services,55
2020,Docklands,Retail Trade,2
2020,Docklands,Retail Trade,170
2020,Docklands,"Transport, Postal and Storage",4
2020,East Melbourne,Food and Beverage Services,38
2020,East Melbourne,Admin and Support Services,7
2020,East Melbourne,Information Media,1
2020,East Melbourne,Other Services,30
2020,East Melbourne,Wholesale Trade,1
2020,Kensington,Other Services,4
2020,Melbourne (CBD),Food Catering Services,11
2020,Melbourne (CBD),Arts and Recreation Services,32
2020,Melbourne (CBD),Construction,35
2020,Melbourne (CBD),"Electricity, Gas, Water",8
2020,Melbourne (CBD),Information Media,31
2020,Melbourne (CBD),Other Services,1
2020,Melbourne (CBD),Other Services,55
2020,Melbourne (CBD),Public Administration and Safety,29
2020,Melbourne (CBD),Public Administration and Safety,85
2020,Melbourne (CBD),Public Administration and Safety,6
2020,Melbourne (CBD),Wholesale Trade,92
2020,Melbourne (Remainder),Food and Beverage Services,1
2020,Melbourne (Remainder),Other Services,7
2020,Melbourne (Remainder),Public Administration and Safety,2
2020,Melbourne (Remainder),Retail Trade,1
2020,Melbourne (Remainder),"Transport, Postal and Storage",6
2020,North Melbourne,Arts and Recreation Services,1
2020,North Melbourne,Education and Training,20
2020,North Melbourne,Finance and Insurance,2
2020,North Melbourne,Finance and Insurance,2
2020,North Melbourne,Public Administration and Safety,4
2020,North Melbourne,Retail Trade,4
2020,Parkville,Food and Beverage Services,9
2020,Parkville,Arts and Recreation Services,10
2020,Parkville,Public Administration and Safety,1
2020,Parkville,Real Estate Services,1
2020,Port Melbourne,Health Care and Social Assistance,1
2020,Port Melbourne,Information Media,6
2020,Port Melbourne,Manufacturing,1
2020,Port Melbourne,Retail Trade,21
2020,South Yarra,Education and Training,6
2020,South Yarra,Other Services,7
2020,South Yarra,Retail Trade,3
2020,Southbank,Food Catering Services,4
2020,Southbank,Agriculture and Mining,1
2020,Southbank,Arts and Recreation Services,19
2020,Southbank,Arts and Recreation Services,12
2020,Southbank,Construction,6
2020,Southbank,Construction,14
2020,Southbank,Education and Training,7
2020,Southbank,Education and Training,1
2020,Southbank,Information Media,12
2020,Southbank,Manufacturing,4
2020,Southbank,Real Estate Services,21
2020,West Melbourne (Residential),Food and Beverage Services,51
2020,West Melbourne (Residential),Admin and Support Services,3
2020,West Melbourne (Residential),Other Services,3
2020,West Melbourne (Residential),Retail Trade,1
2020,West Melbourne (Residential),Wholesale Trade,1
2019,Carlton,Food and Beverage Services,13
2019,Carlton,Admin and Support Services,19
2019,Carlton,"Electricity, Gas, Water",11
2019,Carlton,Real Estate Services,23
2019,Carlton,Wholesale Trade,2
2019,Docklands,Arts and Recreation Services,33
2019,Docklands,Finance and Insurance,12
2019,Docklands,Finance and Insurance,5
2019,Docklands,Information Media,5
2019,Docklands,"Transport, Postal and Storage",4
2019,East Melbourne,Food Catering Services,2
2019,East Melbourne,Food and Beverage Services,1
2019,East Melbourne,Admin and Support Services,8
2019,East Melbourne,Arts and Recreation Services,22
2019,East Melbourne,Arts and Recreation Services,10
2019,East Melbourne,Education and Training,7
2019,East Melbourne,Health Care and Social Assistance,204
2019,East Melbourne,Information Media,5
2019,East Melbourne,Public Administration and Safety,6
2019,East Melbourne,Real Estate Services,1
2019,Kensington,Arts and Recreation Services,14
2019,Kensington,"Electricity, Gas, Water",8
2019,Kensington,Information Media,2
2019,Kensington,Information Media,4
2019,Kensington,Manufacturing,2
2019,Melbourne (CBD),Admin and Support Services,7
2019,Melbourne (CBD),Construction,2
2019,Melbourne (CBD),"Electricity, Gas, Water",34
2019,Melbourne (CBD),"Electricity, Gas, Water",12
2019,Melbourne (CBD),Finance and Insurance,180
2019,Melbourne (CBD),Health Care and Social Assistance,49
2019,Melbourne (CBD),Information Media,34
2019,Melbourne (CBD),Manufacturing,216
2019,Melbourne (CBD),Other Services,859
2019,Melbourne (CBD),Business Services,1305
2019,Melbourne (CBD),Real Estate Services,6
2019,Melbourne (CBD),Real Estate Services,58
2019,Melbourne (CBD),Real Estate Services,9
2019,Melbourne (Remainder),Arts and Recreation Services,11
2019,Melbourne (Remainder),Construction,2
2019,North Melbourne,Admin and Support Services,2
2019,North Melbourne,Manufacturing,34
2019,North Melbourne,Business Services,2
2019,North Melbourne,Public Administration and Safety,1
2019,North Melbourne,Public Administration and Safety,6
2019,Parkville,Food Catering Services,1
2019,Parkville,Food Catering Services,4
2019,Parkville,Health Care and Social Assistance,1
2019,Parkville,Manufacturing,2
2019,Parkville,Public Administration and Safety,1
2019,Parkville,Real Estate Services,1
2019,Parkville,Retail Trade,22
2019,Port Melbourne,Food and Beverage Services,14
2019,Port Melbourne,Admin and Support Services,5
2019,Port Melbourne,Information Media,2
2019,Port Melbourne,Manufacturing,6
2019,Port Melbourne,Retail Trade,23
2019,Port Melbourne,"Transport, Postal and Storage",11
2019,South Yarra,Food Catering Services,1
2019,South Yarra,Arts and Recreation Services,2
2019,South Yarra,Other Services,7
2019,Southbank,Food Catering Services,1
2019,Southbank,Arts and Recreation Services,11
2019,Southbank,Education and Training,2
2019,Southbank,Business Services,41
2019,Southbank,Rental and Hiring Services,2
2019,Southbank,Wholesale Trade,2
2019,West Melbourne (Industrial),Construction,1
2019,West Melbourne (Industrial),Manufacturing,4
2019,West Melbourne (Industrial),Business Services,5
2019,West Melbourne (Residential),Arts and Recreation Services,5
2019,West Melbourne (Residential),Real Estate Services,2
2019,West Melbourne (Residential),Real Estate Services,6
2018,Carlton,Food Catering Services,40
2018,Carlton,Finance and Insurance,26
2018,Carlton,Other Services,21
2018,Carlton,Retail Trade,5
2018,Docklands,Food and Beverage Services,22
2018,Docklands,Food and Beverage Services,1
2018,Docklands,Food Catering Services,5
2018,Docklands,"Electricity, Gas, Water",1
2018,Docklands,Other Services,21
2018,Docklands,"Transport, Postal and Storage",29
2018,East Melbourne,Admin and Support Services,3
2018,East Melbourne,Admin and Support Services,3
2018,East Melbourne,Construction,1
2018,East Melbourne,Education and Training,3
2018,East Melbourne,"Electricity, Gas, Water",6
2018,East Melbourne,Finance and Insurance,3
2018,East Melbourne,Other Services,11
2018,Kensington,Construction,1
2018,Kensington,Other Services,4
2018,Kensington,Wholesale Trade,1
2018,Melbourne (CBD),Food Catering Services,4
2018,Melbourne (CBD),Food Catering Services,62
2018,Melbourne (CBD),Food and Beverage Services,8
2018,Melbourne (CBD),Admin and Support Services,299
2018,Melbourne (CBD),Arts and Recreation Services,2
2018,Melbourne (CBD),Manufacturing,6
2018,Melbourne (CBD),Business Services,431
2018,Melbourne (CBD),Retail Trade,1355
2018,Melbourne (CBD),"Transport, Postal and Storage",57
2018,Melbourne (Remainder),Admin and Support Services,2
2018,Melbourne (Remainder),Admin and Support Services,10
2018,Melbourne (Remainder),Construction,1
2018,Melbourne (Remainder),"Electricity, Gas, Water",2
2018,Melbourne (Remainder),Business Services,33
2018,North Melbourne,Food Catering Services,2
2018,North Melbourne,Food and Beverage Services,2
2018,North Melbourne,Agriculture and Mining,1
2018,North Melbourne,Manufacturing,34
2018,North Melbourne,Business Services,133
2018,Parkville,Food Catering Services,8
2018,Parkville,Manufacturing,2
2018,Port Melbourne,Admin and Support Services,22
2018,Port Melbourne,Rental and Hiring Services,4
2018,South Yarra,Education and Training,7
2018,South Yarra,Manufacturing,1
2018,Southbank,Food Catering Services,3
2018,Southbank,Food and Beverage Services,7
2018,Southbank,"Electricity, Gas, Water",18
2018,Southbank,Finance and Insurance,11
2018,Southbank,Other Services,19
2018,Southbank,Real Estate Services,6
2018,Southbank,Wholesale Trade,2
2018,West Melbourne (Industrial),Arts and Recreation Services,8
2018,West Melbourne (Industrial),Manufacturing,4
2018,West Melbourne (Industrial),Public Administration and Safety,1
2018,West Melbourne (Industrial),Retail Trade,3
2018,West Melbourne (Industrial),Wholesale Trade,27
2018,West Melbourne (Residential),Admin and Support Services,4
2018,West Melbourne (Residential),Arts and Recreation Services,5
2018,West Melbourne (Residential),Education and Training,15
2018,West Melbourne (Residential),Manufacturing,3
2018,West Melbourne (Residential),Manufacturing,5
2018,West Melbourne (Residential),Other Services,44
2018,West Melbourne (Residential),Wholesale Trade,1
2017,Carlton,Food Catering Services,33
2017,Carlton,Admin and Support Services,2
2017,Carlton,Arts and Recreation Services,4
2017,Carlton,Construction,1
2017,Carlton,Finance and Insurance,6
2017,Carlton,Manufacturing,21
2017,Carlton,Real Estate Services,1
2017,Docklands,Food and Beverage Services,1
2017,Docklands,Education and Training,12
2017,Docklands,Manufacturing,12
2017,Docklands,Public Administration and Safety,6
2017,Docklands,Wholesale Trade,23
2017,East Melbourne,Food Catering Services,3
2017,East Melbourne,Food Catering Services,17
2017,East Melbourne,Food and Beverage Services,44
2017,East Melbourne,Education and Training,4
2017,East Melbourne,Business Services,2
2017,East Melbourne,Public Administration and Safety,6
2017,Kensington,"Transport, Postal and Storage",5
2017,Melbourne (CBD),Food and Beverage Services,8
2017,Melbourne (CBD),Education and Training,107
2017,Melbourne (CBD),Education and Training,212
2017,Melbourne (CBD),Finance and Insurance,1
2017,Melbourne (CBD),Agriculture and Mining,6
2017,Melbourne (CBD),Other Services,50
2017,Melbourne (CBD),"Transport, Postal and Storage",22
2017,Melbourne (Remainder),Admin and Support Services,1
2017,Melbourne (Remainder),Education and Training,3
2017,Melbourne (Remainder),Health Care and Social Assistance,55
2017,North Melbourne,Food Catering Services,3
2017,North Melbourne,Arts and Recreation Services,14
2017,North Melbourne,Finance and Insurance,19
2017,North Melbourne,Rental and Hiring Services,5
2017,Parkville,Arts and Recreation Services,28
2017,Parkville,Arts and Recreation Services,9
2017,Parkville,Real Estate Services,1
2017,Port Melbourne,Admin and Support Services,1
2017,Port Melbourne,Education and Training,5
2017,Port Melbourne,Manufacturing,57
2017,Port Melbourne,Other Services,12
2017,Port Melbourne,Retail Trade,3
2017,Port Melbourne,Wholesale Trade,50
2017,South Yarra,Food Catering Services,1
2017,South Yarra,Food and Beverage Services,5
2017,South Yarra,"Electricity, Gas, Water",5
2017,South Yarra,Other Services,7
2017,South Yarra,Public Administration and Safety,1
2017,South Yarra,Retail Trade,4
2017,Southbank,Food and Beverage Services,66
2017,Southbank,Arts and Recreation Services,9
2017,Southbank,"Electricity, Gas, Water",2
2017,Southbank,Public Administration and Safety,4
2017,West Melbourne (Industrial),Arts and Recreation Services,2
2017,West Melbourne (Industrial),Information Media,1
2017,West Melbourne (Industrial),Other Services,1
2017,West Melbourne (Industrial),Other Services,5
2017,West Melbourne (Industrial),Public Administration and Safety,1
2017,West Melbourne (Industrial),Retail Trade,7
2017,West Melbourne (Industrial),"Transport, Postal and Storage",20
2017,West Melbourne (Residential),Food Catering Services,2
2017,West Melbourne (Residential),Construction,10
2017,West Melbourne (Residential),"Electricity, Gas, Water",9
2017,West Melbourne (Residential),Information Media,6
2017,West Melbourne (Residential),Public Administration and Safety,1
2017,West Melbourne (Residential),"Transport, Postal and Storage",14
2017,West Melbourne (Residential),Wholesale Trade,25
2016,Carlton,Arts and Recreation Services,1
2016,Carlton,Other Services,15
2016,Carlton,Real Estate Services,1
2016,Carlton,"Transport, Postal and Storage",4
2016,Carlton,Wholesale Trade,14
2016,Docklands,Public Administration and Safety,6
2016,Docklands,Public Administration and Safety,4
2016,Docklands,Public Administration and Safety,4
2016,Docklands,Wholesale Trade,23
2016,East Melbourne,Admin and Support Services,2
2016,East Melbourne,Education and Training,3
2016,East Melbourne,Health Care and Social Assistance,3
2016,East Melbourne,Other Services,1
2016,East Melbourne,Other Services,31
2016,East Melbourne,Business Services,55
2016,East Melbourne,Rental and Hiring Services,2
2016,East Melbourne,Wholesale Trade,2
2016,Kensington,Food Catering Services,1
2016,Kensington,Construction,3
2016,Kensington,Health Care and Social Assistance,17
2016,Kensington,Other Services,3
2016,Kensington,Other Services,37
2016,Kensington,Business Services,34
2016,Kensington,Public Administration and Safety,3
2016,Kensington,Real Estate Services,1
2016,Kensington,"Transport, Postal and Storage",4
2016,Melbourne (CBD),Admin and Support Services,78
2016,Melbourne (CBD),Admin and Support Services,343
2016,Melbourne (CBD),Education and Training,114
2016,Melbourne (CBD),"Electricity, Gas, Water",8
2016,Melbourne (CBD),Agriculture and Mining,1
2016,Melbourne (CBD),Business Services,45
2016,Melbourne (CBD),Business Services,1403
2016,Melbourne (CBD),Real Estate Services,1
2016,Melbourne (CBD),"Transport, Postal and Storage",56
2016,Melbourne (Remainder),Arts and Recreation Services,28
2016,Melbourne (Remainder),Other Services,14
2016,Melbourne (Remainder),Real Estate Services,8
2016,North Melbourne,Food and Beverage Services,2
2016,North Melbourne,Construction,36
2016,North Melbourne,Business Services,111
2016,North Melbourne,"Transport, Postal and Storage",2
2016,North Melbourne,"Transport, Postal and Storage",23
2016,North Melbourne,Wholesale Trade,1
2016,Parkville,Food Catering Services,1
2016,Parkville,Food Catering Services,7
2016,Port Melbourne,Food and Beverage Services,15
2016,Port Melbourne,Agriculture and Mining,1
2016,Port Melbourne,Arts and Recreation Services,5
2016,Port Melbourne,Education and Training,2
2016,Port Melbourne,Health Care and Social Assistance,2
2016,Port Melbourne,Other Services,12
2016,Port Melbourne,Public Administration and Safety,4
2016,Southbank,Food and Beverage Services,6
2016,Southbank,Construction,21
2016,Southbank,Education and Training,4
2016,Southbank,"Electricity, Gas, Water",2
2016,Southbank,Finance and Insurance,17
2016,Southbank,Business Services,64
2016,West Melbourne (Industrial),Rental and Hiring Services,1
2016,West Melbourne (Industrial),Retail Trade,7
2016,West Melbourne (Industrial),"Transport, Postal and Storage",19
2016,West Melbourne (Industrial),Wholesale Trade,1
2016,West Melbourne (Residential),Admin and Support Services,3
2016,West Melbourne (Residential),Public Administration and Safety,1
2016,West Melbourne (Residential),Retail Trade,1
2016,West Melbourne (Residential),"Transport, Postal and Storage",1
2016,West Melbourne (Residential),Wholesale Trade,2
2015,Carlton,Food Catering Services,15
2015,Carlton,Education and Training,28
2015,Carlton,Other Services,1
2015,Docklands,Agriculture and Mining,1
2015,Docklands,Business Services,13
2015,Docklands,Real Estate Services,44
2015,East Melbourne,Food Catering Services,3
2015,East Melbourne,Education and Training,1
2015,East Melbourne,Other Services,9
2015,East Melbourne,Business Services,55
2015,East Melbourne,Real Estate Services,9
2015,Kensington,Arts and Recreation Services,16
2015,Kensington,Business Services,1
2015,Kensington,Public Administration and Safety,3
2015,Kensington,Wholesale Trade,25
2015,Melbourne (CBD),Admin and Support Services,5
2015,Melbourne (CBD),Agriculture and Mining,5
2015,Melbourne (CBD),Finance and Insurance,147
2015,Melbourne (CBD),Agriculture and Mining,1
2015,Melbourne (CBD),Agriculture and Mining,32
2015,Melbourne (CBD),Other Services,83
2015,Melbourne (CBD),Retail Trade,14
2015,Melbourne (CBD),"Transport, Postal and Storage",53
2015,Melbourne (Remainder),Food and Beverage Services,42
2015,Melbourne (Remainder),Arts and Recreation Services,28
2015,Melbourne (Remainder),Construction,6
2015,Melbourne (Remainder),Finance and Insurance,2
2015,Melbourne (Remainder),Information Media,2
2015,Melbourne (Remainder),Manufacturing,1
2015,Melbourne (Remainder),Business Services,41
2015,Melbourne (Remainder),Real Estate Services,2
2015,Melbourne (Remainder),"Transport, Postal and Storage",1
2015,North Melbourne,Food and Beverage Services,1
2015,North Melbourne,Arts and Recreation Services,14
2015,North Melbourne,Health Care and Social Assistance,8
2015,North Melbourne,Health Care and Social Assistance,2
2015,North Melbourne,Business Services,124
2015,North Melbourne,Retail Trade,3
2015,North Melbourne,Retail Trade,4
2015,North Melbourne,"Transport, Postal and Storage",23
2015,Parkville,Manufacturing,1
2015,Parkville,Real Estate Services,1
2015,Port Melbourne,Food and Beverage Services,4
2015,Port Melbourne,Construction,38
2015,Port Melbourne,Health Care and Social Assistance,3
2015,Port Melbourne,Information Media,2
2015,Port Melbourne,Manufacturing,23
2015,Port Melbourne,Business Services,70
2015,Port Melbourne,"Transport, Postal and Storage",1
2015,Southbank,Food Catering Services,7
2015,Southbank,Education and Training,4
2015,Southbank,Other Services,19
2015,Southbank,Public Administration and Safety,2
2015,Southbank,Rental and Hiring Services,5
2015,Southbank,Real Estate Services,21
2015,Southbank,Retail Trade,3
2015,Southbank,"Transport, Postal and Storage",1
2015,West Melbourne (Industrial),Arts and Recreation Services,1
2015,West Melbourne (Industrial),"Electricity, Gas, Water",3
2015,West Melbourne (Industrial),Public Administration and Safety,2
2015,West Melbourne (Industrial),"Transport, Postal and Storage",20
2015,West Melbourne (Residential),Arts and Recreation Services,8
2015,West Melbourne (Residential),Construction,8
2015,West Melbourne (Residential),Finance and Insurance,1
2015,West Melbourne (Residential),Information Media,10
2015,West Melbourne (Residential),Agriculture and Mining,1
2015,West Melbourne (Residential),Public Administration and Safety,1
2014,Carlton,Admin and Support Services,2
2014,Carlton,Arts and Recreation Services,1
2014,Carlton,Arts and Recreation Services,20
2014,Carlton,Construction,2
2014,Carlton,Education and Training,7
2014,Carlton,Business Services,124
2014,Carlton,Public Administration and Safety,7
2014,Docklands,Admin and Support Services,4
2014,Docklands,Admin and Support Services,23
2014,Docklands,Information Media,7
2014,Docklands,Manufacturing,1
2014,Docklands,Manufacturing,2
2014,Docklands,Other Services,53
2014,Docklands,Public Administration and Safety,5
2014,Docklands,Retail Trade,2
2014,Docklands,"Transport, Postal and Storage",5
2014,Docklands,"Transport, Postal and Storage",4
2014,East Melbourne,Construction,5
2014,East Melbourne,Finance and Insurance,3
2014,East Melbourne,Other Services,3
2014,East Melbourne,Business Services,1
2014,East Melbourne,Business Services,55
2014,East Melbourne,Public Administration and Safety,12
2014,East Melbourne,Public Administration and Safety,1
2014,East Melbourne,Rental and Hiring Services,1
2014,Kensington,Education and Training,4
2014,Kensington,Retail Trade,3
2014,Kensington,"Transport, Postal and Storage",4
2014,Melbourne (CBD),Food and Beverage Services,7
2014,Melbourne (CBD),Agriculture and Mining,3
2014,Melbourne (CBD),Education and Training,96
2014,Melbourne (CBD),Finance and Insurance,32
2014,Melbourne (CBD),Health Care and Social Assistance,41
2014,Melbourne (CBD),Manufacturing,3
2014,Melbourne (CBD),Business Services,350
2014,Melbourne (CBD),Business Services,1413
2014,Melbourne (CBD),Public Administration and Safety,32
2014,Melbourne (Remainder),Finance and Insurance,8
2014,Melbourne (Remainder),Health Care and Social Assistance,3
2014,Melbourne (Remainder),Business Services,21
2014,Melbourne (Remainder),Retail Trade,16
2014,North Melbourne,Food Catering Services,3
2014,North Melbourne,Education and Training,23
2014,North Melbourne,Finance and Insurance,3
2014,North Melbourne,Other Services,8
2014,Parkville,Food Catering Services,5
2014,Parkville,Health Care and Social Assistance,61
2014,Port Melbourne,Information Media,11
2014,Port Melbourne,Rental and Hiring Services,2
2014,Port Melbourne,Wholesale Trade,2
2014,Port Melbourne,Wholesale Trade,16
2014,South Yarra,Food and Beverage Services,2
2014,South Yarra,Food and Beverage Services,5
2014,South Yarra,Arts and Recreation Services,4
2014,Southbank,Food and Beverage Services,4
2014,Southbank,Admin and Support Services,16
2014,Southbank,Education and Training,1
2014,Southbank,Finance and Insurance,1
2014,Southbank,Information Media,9
2014,Southbank,Public Administration and Safety,1
2014,Southbank,Real Estate Services,3
2014,Southbank,Real Estate Services,23
2014,Southbank,"Transport, Postal and Storage",1
2014,West Melbourne (Industrial),Information Media,1
2014,West Melbourne (Industrial),Business Services,4
2014,West Melbourne (Industrial),Public Administration and Safety,2
2014,West Melbourne (Industrial),"Transport, Postal and Storage",23
2014,West Melbourne (Industrial),Wholesale Trade,150
2014,West Melbourne (Residential),Food Catering Services,1
2014,West Melbourne (Residential),Food and Beverage Services,55
2014,West Melbourne (Residential),Health Care and Social Assistance,14
2013,Carlton,"Electricity, Gas, Water",14
2013,Carlton,Public Administration and Safety,11
2013,Docklands,Food Catering Services,1
2013,Docklands,Arts and Recreation Services,4
2013,Docklands,Construction,10
2013,Docklands,Education and Training,9
2013,Docklands,Information Media,5
2013,Docklands,Public Administration and Safety,3
2013,Docklands,Retail Trade,5
2013,Docklands,Retail Trade,251
2013,Docklands,Wholesale Trade,12
2013,East Melbourne,Food and Beverage Services,1
2013,East Melbourne,Food Catering Services,2
2013,East Melbourne,Food Catering Services,2
2013,East Melbourne,Construction,8
2013,East Melbourne,Finance and Insurance,13
2013,East Melbourne,Information Media,3
2013,East Melbourne,Agriculture and Mining,1
2013,East Melbourne,Other Services,2
2013,Kensington,Arts and Recreation Services,14
2013,Kensington,Other Services,4
2013,Kensington,Business Services,23
2013,Kensington,Rental and Hiring Services,6
2013,Kensington,Retail Trade,3
2013,Melbourne (CBD),Food and Beverage Services,195
2013,Melbourne (CBD),Agriculture and Mining,1
2013,Melbourne (CBD),Education and Training,10
2013,Melbourne (CBD),"Electricity, Gas, Water",9
2013,Melbourne (CBD),Finance and Insurance,533
2013,Melbourne (CBD),Information Media,38
2013,Melbourne (CBD),Other Services,715
2013,Melbourne (CBD),Business Services,42
2013,Melbourne (CBD),Retail Trade,4
2013,Melbourne (CBD),Retail Trade,19
2013,Melbourne (Remainder),Food and Beverage Services,4
2013,Melbourne (Remainder),Arts and Recreation Services,8
2013,Melbourne (Remainder),Manufacturing,1
2013,Melbourne (Remainder),Other Services,3
2013,Melbourne (Remainder),Wholesale Trade,5
2013,North Melbourne,Health Care and Social Assistance,1
2013,North Melbourne,Health Care and Social Assistance,9
2013,North Melbourne,Rental and Hiring Services,1
2013,Parkville,Health Care and Social Assistance,7
2013,Parkville,Information Media,2
2013,Port Melbourne,Food and Beverage Services,15
2013,Southbank,Education and Training,7
2013,Southbank,Manufacturing,5
2013,Southbank,Wholesale Trade,5
2013,West Melbourne (Industrial),"Electricity, Gas, Water",2
2013,West Melbourne (Industrial),Business Services,2
2013,West Melbourne (Industrial),Public Administration and Safety,2
2013,West Melbourne (Residential),Food Catering Services,4
2013,West Melbourne (Residential),Health Care and Social Assistance,2
2013,West Melbourne (Residential),Business Services,14
2013,West Melbourne (Residential),Business Services,92
2012,Carlton,Agriculture and Mining,1
2012,Carlton,Finance and Insurance,5
2012,Carlton,Other Services,108
2012,Carlton,Business Services,14
2012,Carlton,Public Administration and Safety,7
2012,Docklands,Admin and Support Services,4
2012,Docklands,Information Media,7
2012,Docklands,Retail Trade,3
2012,Docklands,"Transport, Postal and Storage",22
2012,East Melbourne,Admin and Support Services,4
2012,East Melbourne,Education and Training,1
2012,East Melbourne,"Electricity, Gas, Water",3
2012,East Melbourne,Finance and Insurance,8
2012,East Melbourne,Manufacturing,1
2012,East Melbourne,Other Services,8
2012,East Melbourne,Business Services,66
2012,East Melbourne,Real Estate Services,1
2012,Kensington,Education and Training,3
2012,Kensington,"Electricity, Gas, Water",9
2012,Kensington,"Electricity, Gas, Water",1
2012,Melbourne (CBD),Food and Beverage Services,9
2012,Melbourne (CBD),Agriculture and Mining,1
2012,Melbourne (CBD),Arts and Recreation Services,14
2012,Melbourne (CBD),Education and Training,95
2012,Melbourne (CBD),Agriculture and Mining,38
2012,Melbourne (CBD),Other Services,35
2012,Melbourne (CBD),Business Services,49
2012,Melbourne (CBD),Real Estate Services,25
2012,Melbourne (CBD),Real Estate Services,11
2012,Melbourne (Remainder),Food and Beverage Services,28
2012,Melbourne (Remainder),"Electricity, Gas, Water",3
2012,Melbourne (Remainder),Manufacturing,9
2012,North Melbourne,Food and Beverage Services,1
2012,North Melbourne,Other Services,5
2012,Parkville,Arts and Recreation Services,6
2012,Parkville,Construction,1
2012,Parkville,Other Services,13
2012,Southbank,Health Care and Social Assistance,4
2012,Southbank,Public Administration and Safety,7
2012,Southbank,Wholesale Trade,1
2012,West Melbourne (Industrial),Finance and Insurance,1
2012,West Melbourne (Residential),Admin and Support Services,3
2012,West Melbourne (Residential),Arts and Recreation Services,8
2012,West Melbourne (Residential),Manufacturing,6
2012,West Melbourne (Residential),"Transport, Postal and Storage",1
2011,Carlton,Food and Beverage Services,1
2011,Carlton,Business Services,12
2011,Docklands,Health Care and Social Assistance,12
2011,Docklands,Public Administration and Safety,2
2011,East Melbourne,Finance and Insurance,7
2011,East Melbourne,Other Services,9
2011,East Melbourne,Other Services,5
2011,Kensington,Agriculture and Mining,3
2011,Kensington,Health Care and Social Assistance,17
2011,Kensington,Business Services,5
2011,Melbourne (CBD),Food and Beverage Services,172
2011,Melbourne (CBD),Construction,57
2011,Melbourne (CBD),Finance and Insurance,153
2011,Melbourne (CBD),Manufacturing,2
2011,Melbourne (CBD),Retail Trade,15
2011,Melbourne (Remainder),Information Media,6
2011,Melbourne (Remainder),Business Services,24
2011,Parkville,Food and Beverage Services,4
2011,Parkville,Health Care and Social Assistance,5
2011,Parkville,Information Media,2
2011,Parkville,Other Services,3
2011,Parkville,Business Services,9
2011,Parkville,Retail Trade,23
2011,Port Melbourne,Education and Training,5
2011,Port Melbourne,Health Care and Social Assistance,1
2011,Port Melbourne,Other Services,8
2011,South Yarra,Food and Beverage Services,8
2011,South Yarra,Admin and Support Services,1
2011,South Yarra,Health Care and Social Assistance,2
2011,Southbank,Information Media,13
2011,West Melbourne (Residential),Rental and Hiring Services,1
2010,Carlton,Education and Training,46
2010,Docklands,Information Media,9
2010,Docklands,Manufacturing,12
2010,Docklands,"Transport, Postal and Storage",7
2010,East Melbourne,"Electricity, Gas, Water",4
2010,Kensington,Food and Beverage Services,24
2010,Kensington,"Electricity, Gas, Water",9
2010,Kensington,Other Services,7
2010,Melbourne (CBD),"Electricity, Gas, Water",10
2010,Melbourne (CBD),Wholesale Trade,1
2010,Melbourne (Remainder),Arts and Recreation Services,9
2010,Melbourne (Remainder),Education and Training,2
2010,Melbourne (Remainder),Manufacturing,1
2010,Melbourne (Remainder),Rental and Hiring Services,1
2010,North Melbourne,Finance and Insurance,1
2010,North Melbourne,Health Care and Social Assistance,5
2010,North Melbourne,Information Media,29
2010,North Melbourne,Manufacturing,53
2010,North Melbourne,Business Services,136
2010,North Melbourne,Wholesale Trade,6
2010,Parkville,Education and Training,4
2010,Parkville,Other Services,2
2010,Parkville,Other Services,18
2010,Parkville,Business Services,1
2010,Parkville,Business Services,5
2010,Parkville,Public Administration and Safety,2
2010,Port Melbourne,Food and Beverage Services,14
2010,Port Melbourne,Other Services,2
2010,Port Melbourne,Public Administration and Safety,1
2010,Port Melbourne,"Transport, Postal and Storage",2
2010,Port Melbourne,Wholesale Trade,1
2010,South Yarra,Education and Training,7
2010,Southbank,Food Catering Services,4
2010,Southbank,Admin and Support Services,9
2010,Southbank,Agriculture and Mining,1
2010,Southbank,"Electricity, Gas, Water",1
2010,Southbank,"Electricity, Gas, Water",1
2010,Southbank,Agriculture and Mining,2
2010,Southbank,Business Services,51
2010,Southbank,Public Administration and Safety,9
2010,Southbank,Rental and Hiring Services,1
2010,Southbank,Real Estate Services,6
2010,West Melbourne (Industrial),"Electricity, Gas, Water",2
2010,West Melbourne (Industrial),Finance and Insurance,1
2010,West Melbourne (Industrial),Manufacturing,6
2010,West Melbourne (Industrial),Public Administration and Safety,1
2010,West Melbourne (Industrial),Real Estate Services,1
2010,West Melbourne (Residential),Arts and Recreation Services,3
2010,West Melbourne (Residential),Finance and Insurance,1
2010,West Melbourne (Residential),Information Media,4
2010,West Melbourne (Residential),Other Services,5
2010,West Melbourne (Residential),Public Administration and Safety,2
2010,West Melbourne (Residential),Rental and Hiring Services,4
2010,West Melbourne (Residential),Wholesale Trade,5
2009,Carlton,Food and Beverage Services,1
2009,Carlton,Food and Beverage Services,197
2009,Carlton,Education and Training,3
2009,Carlton,Information Media,14
2009,Docklands,Food and Beverage Services,2
2009,Docklands,Agriculture and Mining,1
2009,Docklands,Finance and Insurance,5
2009,Docklands,Information Media,4
2009,Docklands,Manufacturing,3
2009,Docklands,Agriculture and Mining,2
2009,East Melbourne,Food and Beverage Services,1
2009,East Melbourne,Finance and Insurance,10
2009,East Melbourne,Health Care and Social Assistance,5
2009,East Melbourne,Health Care and Social Assistance,16
2009,East Melbourne,Health Care and Social Assistance,197
2009,East Melbourne,Business Services,62
2009,East Melbourne,Retail Trade,1
2009,Kensington,Admin and Support Services,6
2009,Kensington,Education and Training,3
2009,Kensington,"Electricity, Gas, Water",9
2009,Kensington,Health Care and Social Assistance,14
2009,Kensington,Real Estate Services,3
2009,Kensington,Retail Trade,2
2009,Kensington,Wholesale Trade,1
2009,Melbourne (CBD),Food Catering Services,45
2009,Melbourne (CBD),Agriculture and Mining,2
2009,Melbourne (CBD),Agriculture and Mining,5
2009,Melbourne (CBD),Arts and Recreation Services,9
2009,Melbourne (CBD),Construction,17
2009,Melbourne (CBD),Education and Training,10
2009,Melbourne (CBD),"Electricity, Gas, Water",7
2009,Melbourne (CBD),Finance and Insurance,539
2009,Melbourne (CBD),Information Media,39
2009,Melbourne (CBD),Manufacturing,5
2009,Melbourne (CBD),Agriculture and Mining,41
2009,Melbourne (CBD),Business Services,1469
2009,Melbourne (CBD),Retail Trade,6
2009,Melbourne (CBD),"Transport, Postal and Storage",19
2009,Melbourne (Remainder),Food and Beverage Services,1
2009,Melbourne (Remainder),Food Catering Services,1
2009,Melbourne (Remainder),"Electricity, Gas, Water",3
2009,Melbourne (Remainder),Finance and Insurance,26
2009,Melbourne (Remainder),Agriculture and Mining,1
2009,Melbourne (Remainder),Business Services,1
2009,North Melbourne,Food and Beverage Services,92
2009,North Melbourne,Admin and Support Services,6
2009,North Melbourne,Manufacturing,53
2009,North Melbourne,Retail Trade,4
2009,North Melbourne,"Transport, Postal and Storage",6
2009,Parkville,Arts and Recreation Services,4
2009,Parkville,"Electricity, Gas, Water",7
2009,Parkville,Other Services,19
2009,Parkville,Business Services,1
2009,Port Melbourne,Finance and Insurance,9
2009,Port Melbourne,Manufacturing,34
2009,Port Melbourne,Other Services,6
2009,Port Melbourne,Public Administration and Safety,3
2009,Port Melbourne,Wholesale Trade,40
2009,South Yarra,Admin and Support Services,1
2009,Southbank,Agriculture and Mining,1
2009,Southbank,Arts and Recreation Services,9
2009,Southbank,Education and Training,8
2009,Southbank,Education and Training,5
2009,Southbank,"Electricity, Gas, Water",1
2009,Southbank,Manufacturing,8
2009,Southbank,Other Services,3
2009,Southbank,Business Services,3
2009,Southbank,Real Estate Services,6
2009,Southbank,"Transport, Postal and Storage",4
2009,Southbank,Wholesale Trade,3
2009,Southbank,Wholesale Trade,11
2009,West Melbourne (Industrial),"Electricity, Gas, Water",2
2009,West Melbourne (Industrial),Manufacturing,4
2009,West Melbourne (Industrial),Other Services,5
2009,West Melbourne (Industrial),"Transport, Postal and Storage",16
2009,West Melbourne (Residential),Construction,3
2009,West Melbourne (Residential),Other Services,5
2009,West Melbourne (Residential),Public Administration and Safety,1
2009,West Melbourne (Residential),Real Estate Services,1
2009,West Melbourne (Residential),"Transport, Postal and Storage",2
2009,West Melbourne (Residential),"Transport, Postal and Storage",16
2008,Carlton,Admin and Support Services,22
2008,Carlton,Education and Training,51
2008,Carlton,Other Services,2
2008,Carlton,Business Services,15
2008,Carlton,Business Services,131
2008,Carlton,Retail Trade,5
2008,Carlton,Retail Trade,158
2008,Docklands,Information Media,6
2008,Docklands,Retail Trade,3
2008,Docklands,Wholesale Trade,1
2008,East Melbourne,Arts and Recreation Services,16
2008,East Melbourne,Health Care and Social Assistance,1
2008,East Melbourne,Information Media,3
2008,East Melbourne,Information Media,1
2008,East Melbourne,Other Services,11
2008,East Melbourne,Wholesale Trade,2
2008,Kensington,Food and Beverage Services,1
2008,Kensington,Education and Training,3
2008,Kensington,Health Care and Social Assistance,14
2008,Kensington,Wholesale Trade,29
2008,Melbourne (CBD),Food Catering Services,4
2008,Melbourne (CBD),Construction,3
2008,Melbourne (CBD),Information Media,6
2008,Melbourne (CBD),Information Media,147
2008,Melbourne (CBD),Other Services,603
2008,Melbourne (CBD),Wholesale Trade,10
2008,Melbourne (CBD),Wholesale Trade,1
2008,Parkville,Food and Beverage Services,30
2008,Parkville,Arts and Recreation Services,22
2008,Parkville,Manufacturing,2
2008,Parkville,Public Administration and Safety,2
2008,Port Melbourne,Admin and Support Services,1
2008,Port Melbourne,Information Media,14
2008,Port Melbourne,Manufacturing,1
2008,South Yarra,Other Services,10
2008,South Yarra,Public Administration and Safety,1
2008,Southbank,Food and Beverage Services,76
2008,Southbank,Education and Training,8
2008,Southbank,"Electricity, Gas, Water",19
2008,Southbank,"Electricity, Gas, Water",1
2008,Southbank,Health Care and Social Assistance,1
2008,Southbank,Public Administration and Safety,1
2008,Southbank,"Transport, Postal and Storage",2
2008,West Melbourne (Industrial),Retail Trade,7
2022,East Melbourne,Food Catering Services,6
2022,East Melbourne,Construction,1
2022,East Melbourne,Information Media,1
2022,East Melbourne,Public Administration and Safety,1
2022,East Melbourne,Retail Trade,11
2022,Kensington,Information Media,3
2022,Kensington,Rental and Hiring Services,1
2022,Melbourne (CBD),Arts and Recreation Services,19
2022,Melbourne (CBD),Construction,37
2022,Melbourne (CBD),Health Care and Social Assistance,4
2022,Melbourne (CBD),Agriculture and Mining,16
2022,Melbourne (CBD),Business Services,11
2022,Melbourne (Remainder),Education and Training,1
2022,Melbourne (Remainder),Other Services,7
2022,North Melbourne,Food and Beverage Services,2
2022,North Melbourne,Construction,7
2022,North Melbourne,Education and Training,19
2022,Parkville,Food and Beverage Services,42
2022,Parkville,Real Estate Services,1
2022,Port Melbourne,Food Catering Services,1
2021,Docklands,Health Care and Social Assistance,29
2021,East Melbourne,Food Catering Services,2
2021,East Melbourne,Health Care and Social Assistance,178
2021,East Melbourne,Information Media,4
2021,East Melbourne,Retail Trade,1
2021,East Melbourne,Wholesale Trade,3
2021,Kensington,Food and Beverage Services,1
2021,Kensington,Admin and Support Services,5
2021,Kensington,Arts and Recreation Services,63
2021,Kensington,Construction,18
2021,Kensington,Health Care and Social Assistance,19
2021,Kensington,Information Media,2
2021,Kensington,Manufacturing,5
2021,Kensington,Business Services,22
2021,Kensington,Public Administration and Safety,2
2021,Kensington,Public Administration and Safety,1
2021,Melbourne (CBD),Agriculture and Mining,3
2021,Melbourne (CBD),Construction,4
2021,Melbourne (CBD),Information Media,12
2021,Melbourne (CBD),Information Media,4
2021,Melbourne (CBD),Information Media,39
2021,Melbourne (CBD),Retail Trade,3
2021,Melbourne (Remainder),Food and Beverage Services,5
2021,Melbourne (Remainder),Food and Beverage Services,37
2021,Melbourne (Remainder),Construction,6
2021,Melbourne (Remainder),Health Care and Social Assistance,45
2021,Melbourne (Remainder),Public Administration and Safety,2
2021,Melbourne (Remainder),"Transport, Postal and Storage",5
2021,North Melbourne,Food Catering Services,15
2021,North Melbourne,Admin and Support Services,5
2021,North Melbourne,Arts and Recreation Services,1
2021,North Melbourne,Construction,20
2021,North Melbourne,Education and Training,12
2021,North Melbourne,Finance and Insurance,2
2021,North Melbourne,Health Care and Social Assistance,13
2021,North Melbourne,Business Services,17
2021,Parkville,Admin and Support Services,1
2021,Port Melbourne,Real Estate Services,5
2021,South Yarra,Education and Training,4
2021,Southbank,Agriculture and Mining,1
2021,Southbank,Information Media,9
2021,Southbank,Wholesale Trade,3
2021,West Melbourne (Industrial),Other Services,4
2021,West Melbourne (Residential),Arts and Recreation Services,7
2021,West Melbourne (Residential),Manufacturing,2
2021,West Melbourne (Residential),Business Services,2
2020,Carlton,Construction,11
2020,Docklands,Arts and Recreation Services,4
2020,Docklands,Arts and Recreation Services,26
2020,Docklands,"Electricity, Gas, Water",2
2020,Docklands,Information Media,18
2020,Docklands,Public Administration and Safety,8
2020,Docklands,Wholesale Trade,17
2020,East Melbourne,Arts and Recreation Services,2
2020,East Melbourne,Construction,1
2020,East Melbourne,Health Care and Social Assistance,33
2020,East Melbourne,Business Services,47
2020,Kensington,Manufacturing,35
2020,Kensington,Real Estate Services,1
2020,Melbourne (CBD),Food Catering Services,66
2020,Melbourne (CBD),Arts and Recreation Services,2
2020,Melbourne (CBD),Business Services,1103
2020,Melbourne (CBD),Retail Trade,1051
2020,Melbourne (CBD),"Transport, Postal and Storage",51
2020,Melbourne (Remainder),Arts and Recreation Services,3
2020,Melbourne (Remainder),Health Care and Social Assistance,2
2020,North Melbourne,Construction,20
2020,North Melbourne,"Transport, Postal and Storage",4
2020,Port Melbourne,Wholesale Trade,3
2020,South Yarra,Food Catering Services,1
2020,South Yarra,Health Care and Social Assistance,1
2020,Southbank,Other Services,1
2020,Southbank,Business Services,64
2020,Southbank,"Transport, Postal and Storage",2
2020,West Melbourne (Industrial),Construction,1
2020,West Melbourne (Industrial),"Electricity, Gas, Water",5
2020,West Melbourne (Industrial),Retail Trade,3
2020,West Melbourne (Industrial),"Transport, Postal and Storage",18
2020,West Melbourne (Residential),Education and Training,11
2020,West Melbourne (Residential),Finance and Insurance,2
2020,West Melbourne (Residential),Information Media,3
2020,West Melbourne (Residential),Wholesale Trade,2
2019,Carlton,Arts and Recreation Services,4
2019,Carlton,Health Care and Social Assistance,86
2019,Carlton,Information Media,13
2019,Carlton,Public Administration and Safety,3
2019,Carlton,Real Estate Services,3
2019,Docklands,Food Catering Services,5
2019,Docklands,Construction,1
2019,Docklands,Public Administration and Safety,10
2019,Docklands,Real Estate Services,54
2019,Docklands,Retail Trade,2
2019,Docklands,Wholesale Trade,2
2019,East Melbourne,Education and Training,3
2019,East Melbourne,Health Care and Social Assistance,3
2019,East Melbourne,Public Administration and Safety,9
2019,Kensington,Other Services,2
2019,Kensington,Business Services,28
2019,Kensington,Real Estate Services,6
2019,Melbourne (CBD),Food Catering Services,57
2019,Melbourne (CBD),Admin and Support Services,285
2019,Melbourne (CBD),Arts and Recreation Services,127
2019,Melbourne (CBD),Construction,37
2019,Melbourne (CBD),Education and Training,6
2019,Melbourne (CBD),Information Media,56
2019,Melbourne (CBD),Agriculture and Mining,24
2019,Melbourne (CBD),Business Services,40
2019,Melbourne (CBD),Public Administration and Safety,31
2019,Melbourne (CBD),"Transport, Postal and Storage",54
2019,Melbourne (Remainder),Food and Beverage Services,1
2019,Melbourne (Remainder),Arts and Recreation Services,22
2019,Melbourne (Remainder),Health Care and Social Assistance,2
2019,Melbourne (Remainder),Health Care and Social Assistance,56
2019,Melbourne (Remainder),Other Services,1
2019,Melbourne (Remainder),Business Services,7
2019,Melbourne (Remainder),Public Administration and Safety,2
2019,Melbourne (Remainder),"Transport, Postal and Storage",6
2019,North Melbourne,Food and Beverage Services,6
2019,North Melbourne,Food and Beverage Services,108
2019,North Melbourne,Admin and Support Services,29
2019,North Melbourne,Arts and Recreation Services,33
2019,North Melbourne,Construction,1
2019,North Melbourne,Finance and Insurance,20
2019,North Melbourne,Rental and Hiring Services,1
2019,North Melbourne,Wholesale Trade,4
2019,Parkville,Food and Beverage Services,64
2019,Parkville,Other Services,8
2019,Parkville,Wholesale Trade,1
2019,Port Melbourne,Food and Beverage Services,5
2019,Port Melbourne,Education and Training,1
2019,Port Melbourne,Information Media,6
2019,Port Melbourne,Manufacturing,22
2019,Port Melbourne,"Transport, Postal and Storage",4
2019,Port Melbourne,Wholesale Trade,3
2019,Southbank,"Electricity, Gas, Water",20
2019,Southbank,Finance and Insurance,1
2019,Southbank,Information Media,3
2019,Southbank,Information Media,6
2019,Southbank,Other Services,1
2019,Southbank,Public Administration and Safety,6
2019,West Melbourne (Industrial),Other Services,1
2019,West Melbourne (Industrial),Rental and Hiring Services,1
2019,West Melbourne (Industrial),"Transport, Postal and Storage",4
2019,West Melbourne (Industrial),Wholesale Trade,1
2019,West Melbourne (Industrial),Wholesale Trade,4
2018,Carlton,Arts and Recreation Services,21
2018,Carlton,Education and Training,6
2018,Carlton,Information Media,13
2018,Carlton,Other Services,92
2018,Docklands,Arts and Recreation Services,33
2018,Docklands,"Electricity, Gas, Water",2
2018,Docklands,Business Services,21
2018,East Melbourne,Food and Beverage Services,1
2018,East Melbourne,Food Catering Services,2
2018,East Melbourne,Admin and Support Services,8
2018,East Melbourne,Real Estate Services,1
2018,Kensington,Other Services,3
2018,Melbourne (CBD),Food and Beverage Services,1448
2018,Melbourne (CBD),"Electricity, Gas, Water",9
2018,Melbourne (CBD),Finance and Insurance,171
2018,Melbourne (CBD),Agriculture and Mining,2
2018,Melbourne (CBD),Rental and Hiring Services,2
2018,Melbourne (CBD),Retail Trade,10
2018,Melbourne (Remainder),Admin and Support Services,1
2018,Melbourne (Remainder),Finance and Insurance,2
2018,North Melbourne,Food and Beverage Services,108
2018,North Melbourne,Admin and Support Services,29
2018,North Melbourne,Education and Training,10
2018,North Melbourne,Finance and Insurance,2
2018,North Melbourne,Retail Trade,86
2018,Parkville,Food Catering Services,1
2018,Parkville,Education and Training,45
2018,Parkville,Health Care and Social Assistance,1
2018,Parkville,"Transport, Postal and Storage",2
2018,Port Melbourne,Construction,15
2018,Port Melbourne,Retail Trade,3
2018,Port Melbourne,Wholesale Trade,18
2018,South Yarra,Education and Training,1
2018,Southbank,Education and Training,9
2018,Southbank,Information Media,3
2018,Southbank,Other Services,1
2018,Southbank,Other Services,18
2018,West Melbourne (Industrial),Manufacturing,3
2017,Parkville,"Electricity, Gas, Water",5
2017,Parkville,Finance and Insurance,5
2017,Parkville,Health Care and Social Assistance,13
2017,Parkville,Manufacturing,1
2017,Port Melbourne,Food Catering Services,2
2017,Port Melbourne,Construction,15
2017,Port Melbourne,Manufacturing,7
2017,Port Melbourne,Public Administration and Safety,5
2017,Port Melbourne,"Transport, Postal and Storage",12
2017,South Yarra,Health Care and Social Assistance,1
2017,Southbank,Food Catering Services,12
2017,Southbank,Food and Beverage Services,123
2017,Southbank,Education and Training,7
2017,Southbank,Health Care and Social Assistance,1
2017,Southbank,Other Services,1
2017,Southbank,"Transport, Postal and Storage",4
2017,Southbank,Wholesale Trade,11
2017,West Melbourne (Industrial),Arts and Recreation Services,8
2017,West Melbourne (Industrial),Construction,1
2017,West Melbourne (Industrial),Public Administration and Safety,1
2017,West Melbourne (Industrial),"Transport, Postal and Storage",4
2017,West Melbourne (Industrial),Wholesale Trade,4
2017,West Melbourne (Residential),Manufacturing,3
2017,West Melbourne (Residential),Public Administration and Safety,1
2017,West Melbourne (Residential),Rental and Hiring Services,3
2016,Carlton,Agriculture and Mining,1
2016,Carlton,Arts and Recreation Services,21
2016,Carlton,Construction,1
2016,Carlton,Education and Training,11
2016,Carlton,Education and Training,53
2016,Carlton,Finance and Insurance,6
2016,Carlton,Business Services,16
2016,Carlton,Business Services,127
2016,Carlton,Public Administration and Safety,7
2016,Carlton,Retail Trade,7
2016,Carlton,Wholesale Trade,3
2016,Docklands,Arts and Recreation Services,26
2016,Docklands,Finance and Insurance,4
2016,Docklands,Agriculture and Mining,1
2016,Docklands,Other Services,3
2016,Docklands,Business Services,20
2016,Docklands,Real Estate Services,1
2016,East Melbourne,Food Catering Services,3
2016,East Melbourne,Admin and Support Services,3
2016,East Melbourne,Admin and Support Services,8
2016,East Melbourne,Arts and Recreation Services,2
2016,East Melbourne,"Electricity, Gas, Water",6
2016,Kensington,Education and Training,4
2016,Kensington,Finance and Insurance,4
2016,Melbourne (CBD),"Electricity, Gas, Water",10
2016,Melbourne (CBD),Finance and Insurance,2
2016,Melbourne (CBD),Information Media,64
2016,Melbourne (CBD),Business Services,371
2016,Melbourne (CBD),Business Services,7
2016,Melbourne (CBD),Public Administration and Safety,77
2016,Melbourne (CBD),"Transport, Postal and Storage",22
2016,Melbourne (Remainder),Admin and Support Services,18
2016,Melbourne (Remainder),Arts and Recreation Services,2
2016,Melbourne (Remainder),Manufacturing,6
2016,Melbourne (Remainder),Retail Trade,17
2016,Melbourne (Remainder),"Transport, Postal and Storage",2
2016,Melbourne (Remainder),Wholesale Trade,3
2016,North Melbourne,Food Catering Services,3
2016,North Melbourne,Admin and Support Services,28
2016,North Melbourne,Information Media,3
2016,North Melbourne,Manufacturing,42
2016,North Melbourne,"Transport, Postal and Storage",4
2016,Parkville,Food and Beverage Services,67
2016,Parkville,Arts and Recreation Services,1
2016,Parkville,Arts and Recreation Services,3
2016,Parkville,Health Care and Social Assistance,70
2016,Parkville,Business Services,1
2016,Port Melbourne,Construction,11
2016,Port Melbourne,"Electricity, Gas, Water",6
2016,Port Melbourne,Information Media,2
2016,Port Melbourne,Manufacturing,23
2016,Port Melbourne,Rental and Hiring Services,7
2016,Port Melbourne,Wholesale Trade,15
2016,Port Melbourne,Wholesale Trade,58
2016,South Yarra,Education and Training,3
2016,South Yarra,Education and Training,4
2016,Southbank,Admin and Support Services,15
2016,Southbank,Finance and Insurance,11
2016,Southbank,Health Care and Social Assistance,21
2016,Southbank,Manufacturing,4
2016,Southbank,Public Administration and Safety,2
2016,Southbank,Retail Trade,219
2016,West Melbourne (Industrial),Construction,1
2016,West Melbourne (Industrial),Manufacturing,7
2016,West Melbourne (Residential),Food Catering Services,4
2016,West Melbourne (Residential),Other Services,4
2016,West Melbourne (Residential),Business Services,3
2016,West Melbourne (Residential),Public Administration and Safety,3
2016,West Melbourne (Residential),Retail Trade,41
2016,West Melbourne (Residential),Wholesale Trade,2
2015,Carlton,Construction,1
2015,Carlton,Education and Training,7
2015,Carlton,Education and Training,48
2015,Carlton,Health Care and Social Assistance,1
2014,Melbourne (Remainder),Information Media,5
2014,Melbourne (Remainder),Wholesale Trade,5
2014,North Melbourne,Construction,9
2014,North Melbourne,Information Media,2
2014,North Melbourne,Other Services,116
2014,North Melbourne,Public Administration and Safety,8
2014,North Melbourne,"Transport, Postal and Storage",23
2014,Parkville,Arts and Recreation Services,1
2014,Parkville,Education and Training,3
2014,Parkville,"Electricity, Gas, Water",6
2014,Parkville,Manufacturing,1
2014,Parkville,Public Administration and Safety,3
2014,Port Melbourne,Construction,42
2014,Southbank,Education and Training,10
2014,Southbank,Manufacturing,5
2014,Southbank,Rental and Hiring Services,6
2014,West Melbourne (Industrial),"Transport, Postal and Storage",20
2014,West Melbourne (Residential),Arts and Recreation Services,4
2014,West Melbourne (Residential),Manufacturing,11
2013,Carlton,Education and Training,34
2013,Carlton,Information Media,8
2013,Carlton,Retail Trade,143
2013,Docklands,Food and Beverage Services,1
2013,Docklands,Education and Training,2
2013,Docklands,Other Services,18
2013,East Melbourne,"Electricity, Gas, Water",1
2013,East Melbourne,"Electricity, Gas, Water",1
2013,East Melbourne,Health Care and Social Assistance,2
2013,East Melbourne,Information Media,1
2013,Kensington,Construction,2
2013,Kensington,Education and Training,3
2013,Kensington,Other Services,2
2013,Kensington,"Transport, Postal and Storage",2
2013,Melbourne (CBD),Construction,2
2013,Melbourne (CBD),Health Care and Social Assistance,356
2013,Melbourne (CBD),Wholesale Trade,8
2013,Melbourne (Remainder),Admin and Support Services,1
2013,Melbourne (Remainder),"Electricity, Gas, Water",2
2013,Melbourne (Remainder),Finance and Insurance,8
2013,North Melbourne,Construction,41
2013,North Melbourne,Information Media,2
2013,North Melbourne,Manufacturing,2
2013,North Melbourne,Wholesale Trade,66
2013,Parkville,Manufacturing,1
2013,Port Melbourne,"Electricity, Gas, Water",6
2013,Port Melbourne,Business Services,12
2013,South Yarra,Health Care and Social Assistance,2
2013,Southbank,Food Catering Services,1
2013,Southbank,Finance and Insurance,12
2013,Southbank,Agriculture and Mining,2
2013,Southbank,Rental and Hiring Services,6
2013,West Melbourne (Industrial),Food and Beverage Services,2
2013,West Melbourne (Industrial),Manufacturing,6
2013,West Melbourne (Industrial),Wholesale Trade,1
2013,West Melbourne (Residential),Education and Training,13
2013,West Melbourne (Residential),Public Administration and Safety,3
2013,West Melbourne (Residential),Wholesale Trade,31
2012,East Melbourne,Business Services,1
2012,Kensington,Admin and Support Services,6
2012,Kensington,Health Care and Social Assistance,17
2012,Kensington,Retail Trade,5
2012,Melbourne (CBD),Finance and Insurance,38
2012,Melbourne (CBD),Real Estate Services,2
2012,Melbourne (Remainder),"Electricity, Gas, Water",1
2012,Melbourne (Remainder),Public Administration and Safety,3
2012,North Melbourne,"Electricity, Gas, Water",23
2012,North Melbourne,Finance and Insurance,19
2012,North Melbourne,Real Estate Services,12
2012,North Melbourne,Retail Trade,3
2012,Parkville,Food and Beverage Services,5
2012,Parkville,Other Services,3
2012,Port Melbourne,Construction,36
2012,Port Melbourne,Real Estate Services,2
2012,Southbank,Food and Beverage Services,96
2012,Southbank,Construction,9
2012,Southbank,Education and Training,9
2012,Southbank,Finance and Insurance,11
2012,Southbank,Manufacturing,5
2012,Southbank,Other Services,19
2012,Southbank,Wholesale Trade,2
2012,West Melbourne (Industrial),"Electricity, Gas, Water",7
2012,West Melbourne (Industrial),Wholesale Trade,54
2012,West Melbourne (Residential),Food Catering Services,4
2012,West Melbourne (Residential),Finance and Insurance,2
2012,West Melbourne (Residential),Finance and Insurance,14
2012,West Melbourne (Residential),"Transport, Postal and Storage",1
2011,Carlton,Food Catering Services,11
2011,Carlton,"Transport, Postal and Storage",1
2011,Docklands,Admin and Support Services,2
2011,Docklands,Arts and Recreation Services,10
2011,Docklands,Health Care and Social Assistance,2
2011,Docklands,Real Estate Services,34
2011,Docklands,Retail Trade,2
2011,East Melbourne,Food Catering Services,2
2011,East Melbourne,Admin and Support Services,5
2011,East Melbourne,Retail Trade,18
2011,Kensington,Rental and Hiring Services,5
2011,Kensington,"Transport, Postal and Storage",2
2011,Melbourne (CBD),Admin and Support Services,6
2011,North Melbourne,Public Administration and Safety,9
2011,North Melbourne,Wholesale Trade,68
2011,Parkville,Agriculture and Mining,1
2011,Port Melbourne,Food and Beverage Services,14
2011,Port Melbourne,"Electricity, Gas, Water",6
2011,Port Melbourne,Information Media,10
2011,Port Melbourne,Public Administration and Safety,1
2011,Port Melbourne,"Transport, Postal and Storage",4
2011,South Yarra,"Electricity, Gas, Water",5
2011,Southbank,Retail Trade,2
2011,West Melbourne (Industrial),Other Services,1
2011,West Melbourne (Industrial),"Transport, Postal and Storage",18
2011,West Melbourne (Industrial),"Transport, Postal and Storage",26
2011,West Melbourne (Residential),Information Media,8
2010,Carlton,Rental and Hiring Services,2
2010,Docklands,"Transport, Postal and Storage",21
2010,East Melbourne,Food Catering Services,2
2010,East Melbourne,Health Care and Social Assistance,16
2010,Kensington,Admin and Support Services,6
2010,Kensington,Information Media,2
2010,Melbourne (CBD),Admin and Support Services,429
2010,Melbourne (CBD),Finance and Insurance,151
2010,Melbourne (CBD),Manufacturing,1
2010,Melbourne (CBD),Public Administration and Safety,30
2010,Melbourne (CBD),"Transport, Postal and Storage",25
2010,Melbourne (Remainder),Finance and Insurance,3
2010,North Melbourne,Finance and Insurance,21
2010,Parkville,Manufacturing,1
2010,Port Melbourne,Manufacturing,21
2010,Port Melbourne,Wholesale Trade,52
2008,Docklands,Business Services,1
2008,Docklands,Retail Trade,153
2008,East Melbourne,Food Catering Services,3
2008,East Melbourne,Food and Beverage Services,37
2008,East Melbourne,"Transport, Postal and Storage",1
2008,Kensington,Agriculture and Mining,1
2008,Kensington,"Transport, Postal and Storage",3
2008,Melbourne (CBD),Manufacturing,8
2008,Melbourne (CBD),Rental and Hiring Services,21
2008,Melbourne (CBD),"Transport, Postal and Storage",15
2008,Melbourne (Remainder),Agriculture and Mining,1
2008,Melbourne (Remainder),Arts and Recreation Services,4
2008,Melbourne (Remainder),Finance and Insurance,4
2008,Melbourne (Remainder),Public Administration and Safety,4
2008,North Melbourne,Food and Beverage Services,84
2008,North Melbourne,Finance and Insurance,2
2008,North Melbourne,Public Administration and Safety,3
2008,Parkville,Finance and Insurance,10
2008,Parkville,Other Services,1
2008,Parkville,Real Estate Services,1
2008,Port Melbourne,Arts and Recreation Services,3
2008,Port Melbourne,Manufacturing,18
2008,Port Melbourne,Business Services,10
2008,Port Melbourne,Retail Trade,5
2004,Melbourne (CBD),Finance and Insurance,45
2004,Melbourne (CBD),Rental and Hiring Services,19
2004,Melbourne (CBD),Wholesale Trade,2
2004,Melbourne (Remainder),Food and Beverage Services,5
2004,Melbourne (Remainder),Admin and Support Services,21
2004,Melbourne (Remainder),Other Services,7
2004,Melbourne (Remainder),Public Administration and Safety,2
2004,Melbourne (Remainder),Wholesale Trade,3
2002,Parkville,Health Care and Social Assistance,5
2002,Port Melbourne,Construction,7
2002,South Yarra,Health Care and Social Assistance,5
2002,Southbank,Agriculture and Mining,2
2002,Southbank,Rental and Hiring Services,1
2002,West Melbourne (Industrial),Admin and Support Services,1
2002,West Melbourne (Industrial),Business Services,6
2002,West Melbourne (Industrial),Rental and Hiring Services,11
2002,West Melbourne (Industrial),"Transport, Postal and Storage",23
2002,West Melbourne (Residential),Rental and Hiring Services,1
2002,West Melbourne (Residential),"Transport, Postal and Storage",1
2023,City of Melbourne (total),Arts and Recreation Services,246
2023,City of Melbourne (total),Construction,100
2023,City of Melbourne (total),Public Administration and Safety,13
2022,City of Melbourne (total),Food Catering Services,154
2022,City of Melbourne (total),Food and Beverage Services,333
2022,City of Melbourne (total),Agriculture and Mining,1
2022,City of Melbourne (total),Arts and Recreation Services,20
2022,City of Melbourne (total),"Electricity, Gas, Water",21
2022,City of Melbourne (total),Other Services,159
2022,City of Melbourne (total),Retail Trade,23
2021,City of Melbourne (total),Arts and Recreation Services,255
2021,City of Melbourne (total),Agriculture and Mining,17
2021,City of Melbourne (total),Real Estate Services,273
2020,City of Melbourne (total),Admin and Support Services,8
2020,City of Melbourne (total),Health Care and Social Assistance,12
2020,City of Melbourne (total),Manufacturing,355
2019,City of Melbourne (total),Admin and Support Services,9
2019,City of Melbourne (total),Admin and Support Services,11
2018,City of Melbourne (total),Agriculture and Mining,10
2018,City of Melbourne (total),Finance and Insurance,47
2018,City of Melbourne (total),Information Media,16
2018,City of Melbourne (total),Other Services,188
2018,City of Melbourne (total),Business Services,9
2018,City of Melbourne (total),Business Services,64
2017,City of Melbourne (total),Food Catering Services,10
2017,City of Melbourne (total),Education and Training,371
2017,City of Melbourne (total),Health Care and Social Assistance,14
2017,City of Melbourne (total),Information Media,152
2017,City of Melbourne (total),Real Estate Services,11
2017,City of Melbourne (total),Retail Trade,6
2016,City of Melbourne (total),Admin and Support Services,505
2016,City of Melbourne (total),Arts and Recreation Services,277
2016,City of Melbourne (total),Construction,12
2015,City of Melbourne (total),Agriculture and Mining,12
2015,City of Melbourne (total),Arts and Recreation Services,222
2015,City of Melbourne (total),"Transport, Postal and Storage",76
2014,City of Melbourne (total),Arts and Recreation Services,270
2014,City of Melbourne (total),"Electricity, Gas, Water",10
2014,City of Melbourne (total),Finance and Insurance,46
2014,City of Melbourne (total),Real Estate Services,1
2013,City of Melbourne (total),Arts and Recreation Services,261
2013,City of Melbourne (total),Construction,2
2013,City of Melbourne (total),"Electricity, Gas, Water",153
2013,City of Melbourne (total),"Electricity, Gas, Water",17
2013,City of Melbourne (total),Finance and Insurance,51
2013,City of Melbourne (total),Manufacturing,11
2013,City of Melbourne (total),Manufacturing,14
2013,City of Melbourne (total),Wholesale Trade,10
2013,City of Melbourne (total),Wholesale Trade,516
2012,City of Melbourne (total),Information Media,16
2012,City of Melbourne (total),Manufacturing,69
2012,City of Melbourne (total),Manufacturing,16
2012,City of Melbourne (total),Other Services,8
2012,City of Melbourne (total),Retail Trade,40
2011,City of Melbourne (total),Admin and Support Services,8
2011,City of Melbourne (total),Finance and Insurance,1
2011,City of Melbourne (total),Health Care and Social Assistance,8
2010,City of Melbourne (total),Food and Beverage Services,5
2010,City of Melbourne (total),Arts and Recreation Services,203
2010,City of Melbourne (total),Construction,2
2010,City of Melbourne (total),"Electricity, Gas, Water",9
2010,City of Melbourne (total),Business Services,15
2010,City of Melbourne (total),"Transport, Postal and Storage",17
2009,City of Melbourne (total),Manufacturing,13
2009,City of Melbourne (total),"Transport, Postal and Storage",15
2008,City of Melbourne (total),Admin and Support Services,7
2008,City of Melbourne (total),Education and Training,8
2008,City of Melbourne (total),Education and Training,21
2008,City of Melbourne (total),Agriculture and Mining,4
2008,City of Melbourne (total),Other Services,110
2008,City of Melbourne (total),Public Administration and Safety,129
2008,City of Melbourne (total),"Transport, Postal and Storage",222
2007,City of Melbourne (total),Education and Training,276
2007,City of Melbourne (total),"Electricity, Gas, Water",7
2007,City of Melbourne (total),Other Services,4
2007,City of Melbourne (total),Public Administration and Safety,3
2007,City of Melbourne (total),Public Administration and Safety,44
2007,City of Melbourne (total),Rental and Hiring Services,63
2007,City of Melbourne (total),Wholesale Trade,5
2006,City of Melbourne (total),Admin and Support Services,571
2006,City of Melbourne (total),Construction,130
2006,City of Melbourne (total),Finance and Insurance,11
2006,City of Melbourne (total),Manufacturing,13
2006,City of Melbourne (total),Retail Trade,21
2005,City of Melbourne (total),Food Catering Services,118
2005,City of Melbourne (total),Admin and Support Services,111
2005,City of Melbourne (total),Education and Training,20
2005,City of Melbourne (total),Finance and Insurance,173
2005,City of Melbourne (total),Agriculture and Mining,37
2005,City of Melbourne (total),Agriculture and Mining,4
2005,City of Melbourne (total),Business Services,327
2005,City of Melbourne (total),Rental and Hiring Services,6
2004,City of Melbourne (total),Admin and Support Services,110
2004,City of Melbourne (total),Admin and Support Services,9
2004,City of Melbourne (total),Education and Training,14
2004,City of Melbourne (total),Information Media,24
2004,City of Melbourne (total),Real Estate Services,155
2004,City of Melbourne (total),Rental and Hiring Services,1
2004,City of Melbourne (total),Rental and Hiring Services,1
2004,City of Melbourne (total),Retail Trade,90
2004,City of Melbourne (total),Wholesale Trade,5
2003,City of Melbourne (total),Food and Beverage Services,12
2003,City of Melbourne (total),Admin and Support Services,105
2003,City of Melbourne (total),Construction,111
2003,City of Melbourne (total),Education and Training,80
2002,City of Melbourne (total),"Electricity, Gas, Water",134
2002,City of Melbourne (total),Finance and Insurance,553
2002,City of Melbourne (total),Rental and Hiring Services,1
2002,City of Melbourne (total),Wholesale Trade,513
2008,West Melbourne (Residential),Food and Beverage Services,1
2008,West Melbourne (Residential),Retail Trade,1
2007,Carlton,Admin and Support Services,22
2007,Carlton,Health Care and Social Assistance,74
2007,Carlton,Wholesale Trade,2
2007,Docklands,Food Catering Services,3
2007,Docklands,Food and Beverage Services,101
2007,Docklands,Arts and Recreation Services,14
2007,Docklands,Real Estate Services,27
2007,Docklands,"Transport, Postal and Storage",25
2007,East Melbourne,Food Catering Services,3
2007,East Melbourne,"Electricity, Gas, Water",1
2007,East Melbourne,Manufacturing,1
2007,East Melbourne,Real Estate Services,6
2007,East Melbourne,Wholesale Trade,4
2007,Kensington,Arts and Recreation Services,7
2007,Kensington,Finance and Insurance,2
2007,Kensington,Information Media,1
2007,Kensington,Public Administration and Safety,1
2007,Kensington,Rental and Hiring Services,1
2007,Kensington,"Transport, Postal and Storage",2
2007,Melbourne (CBD),Food and Beverage Services,7
2007,Melbourne (CBD),Arts and Recreation Services,18
2007,Melbourne (CBD),Education and Training,162
2007,Melbourne (CBD),"Electricity, Gas, Water",8
2007,Melbourne (CBD),Health Care and Social Assistance,335
2007,Melbourne (CBD),Agriculture and Mining,6
2007,Melbourne (CBD),Business Services,34
2007,Melbourne (CBD),Rental and Hiring Services,1
2007,Melbourne (CBD),"Transport, Postal and Storage",26
2007,Melbourne (CBD),"Transport, Postal and Storage",18
2007,Melbourne (CBD),Wholesale Trade,122
2007,Melbourne (Remainder),Food and Beverage Services,2
2007,Melbourne (Remainder),Arts and Recreation Services,10
2007,Melbourne (Remainder),Education and Training,1
2007,Melbourne (Remainder),Manufacturing,8
2007,Melbourne (Remainder),Public Administration and Safety,5
2007,Melbourne (Remainder),"Transport, Postal and Storage",1
2007,North Melbourne,Food Catering Services,1
2007,North Melbourne,Admin and Support Services,38
2007,North Melbourne,Construction,1
2007,North Melbourne,"Electricity, Gas, Water",1
2007,North Melbourne,"Electricity, Gas, Water",1
2007,North Melbourne,Finance and Insurance,2
2007,North Melbourne,Health Care and Social Assistance,6
2007,North Melbourne,Rental and Hiring Services,1
2007,North Melbourne,"Transport, Postal and Storage",36
2007,Parkville,Food Catering Services,10
2007,Parkville,Arts and Recreation Services,4
2007,Parkville,Education and Training,5
2007,Parkville,Health Care and Social Assistance,6
2007,Port Melbourne,Agriculture and Mining,1
2007,Port Melbourne,"Electricity, Gas, Water",6
2023,Carlton,Admin and Support Services,6
2023,Carlton,Arts and Recreation Services,21
2023,Carlton,Arts and Recreation Services,22
2023,Carlton,Education and Training,13
2023,Carlton,Finance and Insurance,5
2023,Carlton,Manufacturing,1
2023,Carlton,Manufacturing,4
2023,Docklands,Admin and Support Services,4
2023,Docklands,Construction,2
2023,Docklands,Construction,11
2023,Docklands,Health Care and Social Assistance,7
2023,Docklands,Real Estate Services,51
2023,East Melbourne,Admin and Support Services,3
2023,East Melbourne,Arts and Recreation Services,3
2023,East Melbourne,Business Services,13
2023,East Melbourne,Retail Trade,1
2023,Kensington,Arts and Recreation Services,65
2023,Kensington,Information Media,1
2023,Kensington,Manufacturing,6
2023,Kensington,Public Administration and Safety,2
2023,Kensington,"Transport, Postal and Storage",3
2023,Kensington,"Transport, Postal and Storage",4
2023,Melbourne (CBD),Food Catering Services,4
2023,Melbourne (CBD),Arts and Recreation Services,19
2023,Melbourne (CBD),Information Media,5
2023,Melbourne (CBD),"Transport, Postal and Storage",16
2023,Melbourne (Remainder),Wholesale Trade,1
2023,North Melbourne,Other Services,93
2023,North Melbourne,Business Services,20
2023,North Melbourne,Business Services,1
2023,North Melbourne,"Transport, Postal and Storage",2
2023,Parkville,Health Care and Social Assistance,13
2023,Parkville,Manufacturing,1
2023,Parkville,Business Services,8
2023,Parkville,Public Administration and Safety,1
2023,Port Melbourne,"Transport, Postal and Storage",2
2023,South Yarra,Arts and Recreation Services,1
2023,South Yarra,Information Media,1
2023,South Yarra,Public Administration and Safety,1
2023,Southbank,Food and Beverage Services,4
2023,Southbank,Food Catering Services,7
2023,Southbank,Construction,10
2023,Southbank,Other Services,19
2023,Southbank,Public Administration and Safety,2
2023,West Melbourne (Industrial),"Electricity, Gas, Water",2
2023,West Melbourne (Residential),Arts and Recreation Services,10
2023,West Melbourne (Residential),Arts and Recreation Services,11
2022,Carlton,Food Catering Services,6
2022,Carlton,Food and Beverage Services,23
2022,Carlton,Education and Training,9
2022,Carlton,Information Media,5
2022,Carlton,Information Media,5
2022,Docklands,Food Catering Services,3
2022,Docklands,Agriculture and Mining,1
2022,Docklands,"Electricity, Gas, Water",1
2022,Docklands,Finance and Insurance,1
2022,Docklands,Health Care and Social Assistance,29
2022,Docklands,Manufacturing,12
2022,East Melbourne,Food and Beverage Services,1
2022,Kensington,Arts and Recreation Services,63
2022,Kensington,Business Services,22
2022,Kensington,Real Estate Services,6
2022,Kensington,"Transport, Postal and Storage",1
2022,Kensington,"Transport, Postal and Storage",5
2022,Melbourne (CBD),Manufacturing,1
2022,Melbourne (CBD),Other Services,73
2022,Melbourne (CBD),Public Administration and Safety,78
2022,Melbourne (CBD),Real Estate Services,50
2022,Melbourne (Remainder),Food Catering Services,1
2022,Melbourne (Remainder),"Electricity, Gas, Water",2
2022,Melbourne (Remainder),Business Services,11
2022,Melbourne (Remainder),Retail Trade,1
2022,Melbourne (Remainder),Retail Trade,1
2022,North Melbourne,Admin and Support Services,23
2022,North Melbourne,Health Care and Social Assistance,3
2022,North Melbourne,Other Services,98
2022,Parkville,Public Administration and Safety,1
2022,Parkville,Public Administration and Safety,2
2022,Port Melbourne,Agriculture and Mining,1
2022,Port Melbourne,Information Media,1
2022,Port Melbourne,Other Services,5
2022,Port Melbourne,Public Administration and Safety,2
2022,Southbank,Agriculture and Mining,1
2022,Southbank,Arts and Recreation Services,19
2022,Southbank,Other Services,2
2022,Southbank,Retail Trade,1
2021,Carlton,Construction,11
2021,Carlton,Education and Training,43
2021,Carlton,Information Media,1
2021,Carlton,Other Services,19
2021,Carlton,Other Services,85
2021,Docklands,Manufacturing,3
2021,Docklands,Other Services,17
2021,Docklands,Business Services,17
2021,Docklands,Real Estate Services,4
2017,South Yarra,Arts and Recreation Services,1
2017,South Yarra,Education and Training,5
2017,South Yarra,Manufacturing,1
2017,Southbank,Arts and Recreation Services,5
2017,Southbank,Finance and Insurance,1
2017,West Melbourne (Industrial),Arts and Recreation Services,1
2017,West Melbourne (Residential),Arts and Recreation Services,5
2017,West Melbourne (Residential),Health Care and Social Assistance,1
2016,Carlton,Arts and Recreation Services,4
2016,Docklands,Food and Beverage Services,1
2016,Docklands,Information Media,6
2016,Kensington,Admin and Support Services,1
2016,Kensington,Health Care and Social Assistance,5
2016,Melbourne (CBD),Public Administration and Safety,27
2016,Melbourne (Remainder),Education and Training,6
2016,Port Melbourne,Construction,3
2016,Port Melbourne,Retail Trade,3
2016,Southbank,Food Catering Services,4
2016,Southbank,Food and Beverage Services,58
2016,Southbank,Food Catering Services,5
2016,Southbank,Education and Training,12
2016,Southbank,Information Media,7
2016,Southbank,Manufacturing,3
2016,Southbank,Retail Trade,10
2016,Southbank,"Transport, Postal and Storage",1
2016,West Melbourne (Industrial),Other Services,5
2016,West Melbourne (Industrial),"Transport, Postal and Storage",13
2016,West Melbourne (Residential),Health Care and Social Assistance,4
2016,West Melbourne (Residential),Information Media,4
2015,Carlton,Finance and Insurance,35
2015,Docklands,Food and Beverage Services,1
2015,Docklands,Information Media,6
2015,Docklands,Business Services,103
2015,Docklands,Real Estate Services,2
2015,Docklands,Wholesale Trade,18
2015,East Melbourne,Admin and Support Services,9
2015,East Melbourne,Finance and Insurance,3
2015,Kensington,Education and Training,4
2015,Kensington,Information Media,7
2015,Kensington,Wholesale Trade,2
2015,Melbourne (CBD),Finance and Insurance,3
2015,Melbourne (CBD),Health Care and Social Assistance,365
2015,Melbourne (Remainder),Education and Training,4
2015,Melbourne (Remainder),Rental and Hiring Services,1
2015,Melbourne (Remainder),"Transport, Postal and Storage",2
2015,North Melbourne,Manufacturing,5
2015,North Melbourne,Retail Trade,88
2015,North Melbourne,Wholesale Trade,60
2015,Parkville,Finance and Insurance,8
2015,Parkville,Business Services,1
2015,Port Melbourne,Food Catering Services,2
2015,Port Melbourne,Admin and Support Services,3
2015,Port Melbourne,Other Services,12
2011,East Melbourne,Public Administration and Safety,9
2011,East Melbourne,Retail Trade,1
2011,Kensington,"Electricity, Gas, Water",9
2011,Kensington,Finance and Insurance,3
2011,Melbourne (CBD),Wholesale Trade,1
2011,Melbourne (Remainder),Food Catering Services,1
2011,Melbourne (Remainder),Admin and Support Services,18
2011,Melbourne (Remainder),"Electricity, Gas, Water",1
2011,Melbourne (Remainder),Manufacturing,1
2011,North Melbourne,Food Catering Services,2
2011,North Melbourne,Finance and Insurance,21
2011,North Melbourne,Other Services,11
2011,North Melbourne,Business Services,136
2011,Port Melbourne,Construction,8
2011,Port Melbourne,Public Administration and Safety,2
2011,Port Melbourne,Retail Trade,1
2011,Port Melbourne,"Transport, Postal and Storage",2
2011,South Yarra,Admin and Support Services,1
2011,South Yarra,Education and Training,4
2011,South Yarra,Information Media,1
2011,South Yarra,Public Administration and Safety,1
2011,Southbank,Food and Beverage Services,35
2011,Southbank,Finance and Insurance,1
2011,Southbank,Finance and Insurance,17
2011,Southbank,Manufacturing,4
2011,Southbank,Rental and Hiring Services,1
2011,Southbank,Real Estate Services,2
2011,Southbank,Retail Trade,211
2011,Southbank,Wholesale Trade,1
2011,Southbank,Wholesale Trade,15
2011,West Melbourne (Industrial),Food and Beverage Services,1
2011,West Melbourne (Industrial),"Electricity, Gas, Water",2
2011,West Melbourne (Industrial),"Transport, Postal and Storage",16
2011,West Melbourne (Industrial),Wholesale Trade,170
2011,West Melbourne (Residential),Admin and Support Services,12
2010,Carlton,Admin and Support Services,7
2010,Carlton,Arts and Recreation Services,1
2010,Carlton,Information Media,14
2010,Carlton,Other Services,110
2010,Carlton,Business Services,2
2010,Carlton,Public Administration and Safety,1
2010,Docklands,Construction,12
2010,Melbourne (CBD),Education and Training,2
2010,Melbourne (CBD),Education and Training,193
2010,Melbourne (CBD),Health Care and Social Assistance,1
2010,Melbourne (CBD),Health Care and Social Assistance,33
2010,Melbourne (CBD),Agriculture and Mining,3
2010,Melbourne (CBD),Other Services,667
2010,Melbourne (CBD),Business Services,54
2010,Melbourne (CBD),Wholesale Trade,9
2010,Melbourne (Remainder),Food Catering Services,1
2010,Melbourne (Remainder),Health Care and Social Assistance,3
2010,Melbourne (Remainder),Other Services,10
2010,Melbourne (Remainder),Business Services,5
2010,Parkville,Arts and Recreation Services,1
2010,Port Melbourne,Construction,8
2010,Port Melbourne,Business Services,14
2010,South Yarra,Admin and Support Services,1
2010,Southbank,Agriculture and Mining,2
2010,Southbank,Arts and Recreation Services,4
2010,Southbank,Arts and Recreation Services,20
2010,Southbank,"Electricity, Gas, Water",1
2010,Southbank,Information Media,6
2010,Southbank,Agriculture and Mining,1
2010,Southbank,Other Services,3
2010,Southbank,Other Services,12
2010,Southbank,Public Administration and Safety,2
2010,Southbank,Real Estate Services,16
2010,West Melbourne (Residential),"Transport, Postal and Storage",1
2009,Carlton,Education and Training,7
2009,Carlton,Real Estate Services,13
2009,Docklands,Food and Beverage Services,1
2009,Docklands,Arts and Recreation Services,1
2009,Docklands,Finance and Insurance,5
2009,Docklands,Business Services,82
2009,Docklands,Retail Trade,2
2009,East Melbourne,Arts and Recreation Services,8
2009,East Melbourne,Rental and Hiring Services,1
2009,Kensington,Manufacturing,27
2009,Kensington,Business Services,6
2009,Kensington,Business Services,14
2009,Melbourne (CBD),Construction,2
2009,Melbourne (CBD),Wholesale Trade,109
2009,Melbourne (Remainder),Real Estate Services,7
2009,North Melbourne,Construction,2
2009,North Melbourne,Information Media,29
2009,Parkville,Food Catering Services,1
2008,Melbourne (CBD),Retail Trade,10
2008,Melbourne (CBD),Retail Trade,1521
2008,Melbourne (CBD),"Transport, Postal and Storage",25
2008,North Melbourne,Information Media,4
2008,Parkville,Health Care and Social Assistance,4
2008,Southbank,Information Media,6
2008,Southbank,Business Services,1
2008,Southbank,Real Estate Services,16
2008,West Melbourne (Industrial),Construction,3
2004,Melbourne (Remainder),"Electricity, Gas, Water",3
2004,Melbourne (Remainder),Other Services,22
2004,Melbourne (Remainder),Retail Trade,1
2004,North Melbourne,Arts and Recreation Services,7
2004,North Melbourne,"Electricity, Gas, Water",20
2004,North Melbourne,Health Care and Social Assistance,1
2004,North Melbourne,Other Services,4
2004,South Yarra,Food Catering Services,8
2004,Southbank,Health Care and Social Assistance,12
2004,Southbank,Information Media,19
2004,Southbank,Agriculture and Mining,2
2004,Southbank,"Transport, Postal and Storage",1
2004,West Melbourne (Industrial),Agriculture and Mining,1
2004,West Melbourne (Industrial),Construction,1
2004,West Melbourne (Industrial),"Electricity, Gas, Water",2
2004,West Melbourne (Residential),Health Care and Social Assistance,13
2004,West Melbourne (Residential),Real Estate Services,4
2003,Carlton,Food Catering Services,5
2003,Carlton,Food Catering Services,18
2003,Melbourne (CBD),Business Services,5
2003,Melbourne (CBD),Public Administration and Safety,1
2003,Melbourne (CBD),"Transport, Postal and Storage",7
2003,Melbourne (Remainder),Arts and Recreation Services,1
2003,Melbourne (Remainder),Health Care and Social Assistance,49
2003,North Melbourne,Health Care and Social Assistance,1
2003,North Melbourne,Business Services,15
2003,Parkville,Health Care and Social Assistance,37
2003,Parkville,Business Services,9
2003,Port Melbourne,Food and Beverage Services,2
2003,Port Melbourne,Arts and Recreation Services,5
2003,Port Melbourne,Education and Training,1
2003,Southbank,"Electricity, Gas, Water",18
2003,Southbank,Manufacturing,9
2003,Southbank,Rental and Hiring Services,1
2003,Southbank,Wholesale Trade,19
2003,West Melbourne (Industrial),Arts and Recreation Services,6
2003,West Melbourne (Industrial),Rental and Hiring Services,14
2003,West Melbourne (Residential),Admin and Support Services,19
2003,West Melbourne (Residential),Construction,6
2003,West Melbourne (Residential),Retail Trade,47
2002,Carlton,Food Catering Services,4
2002,Carlton,Food and Beverage Services,149
2002,Carlton,Admin and Support Services,36
2002,Carlton,Public Administration and Safety,7
2002,West Melbourne (Residential),Construction,9
2023,City of Melbourne (total),Education and Training,32
2023,City of Melbourne (total),Information Media,93
2023,City of Melbourne (total),Manufacturing,10
2023,City of Melbourne (total),Business Services,1442
2023,City of Melbourne (total),Public Administration and Safety,86
2023,City of Melbourne (total),"Transport, Postal and Storage",123
2022,City of Melbourne (total),Information Media,17
2022,City of Melbourne (total),Business Services,1437
2021,City of Melbourne (total),Agriculture and Mining,1
2021,City of Melbourne (total),Arts and Recreation Services,103
2021,City of Melbourne (total),Construction,7
2021,City of Melbourne (total),Other Services,4
2021,City of Melbourne (total),Rental and Hiring Services,1
2021,City of Melbourne (total),Wholesale Trade,265
2020,City of Melbourne (total),Food Catering Services,10
2020,City of Melbourne (total),Agriculture and Mining,4
2014,City of Melbourne (total),Health Care and Social Assistance,8
2013,City of Melbourne (total),Food Catering Services,11
2013,City of Melbourne (total),Agriculture and Mining,1
2013,City of Melbourne (total),Finance and Insurance,191
2013,City of Melbourne (total),Public Administration and Safety,102
2012,City of Melbourne (total),Food Catering Services,8
2012,City of Melbourne (total),Arts and Recreation Services,17
2012,City of Melbourne (total),Business Services,68
2012,City of Melbourne (total),Public Administration and Safety,100
2012,City of Melbourne (total),Real Estate Services,36
2012,City of Melbourne (total),Retail Trade,2347
2011,City of Melbourne (total),Food Catering Services,80
2011,City of Melbourne (total),Food and Beverage Services,5
2011,City of Melbourne (total),Education and Training,308
2011,City of Melbourne (total),"Transport, Postal and Storage",75
2010,City of Melbourne (total),Admin and Support Services,579
2010,City of Melbourne (total),Agriculture and Mining,8
2010,City of Melbourne (total),Real Estate Services,235
2009,City of Melbourne (total),Construction,2
2009,City of Melbourne (total),Education and Training,164
2009,City of Melbourne (total),Information Media,82
2007,City of Melbourne (total),Real Estate Services,5
2007,City of Melbourne (total),"Transport, Postal and Storage",58
2006,City of Melbourne (total),Food Catering Services,20
2006,City of Melbourne (total),Health Care and Social Assistance,8
2006,City of Melbourne (total),Information Media,18
2006,City of Melbourne (total),Manufacturing,59
2006,City of Melbourne (total),Real Estate Services,182
2005,City of Melbourne (total),Education and Training,203
2005,City of Melbourne (total),Public Administration and Safety,40
2005,City of Melbourne (total),"Transport, Postal and Storage",75
2004,City of Melbourne (total),Food and Beverage Services,1349
2004,City of Melbourne (total),Information Media,11
2004,City of Melbourne (total),Wholesale Trade,6
2003,City of Melbourne (total),Food Catering Services,20
2003,City of Melbourne (total),"Electricity, Gas, Water",14
2007,East Melbourne,Construction,4
2007,East Melbourne,Education and Training,1
2007,East Melbourne,"Electricity, Gas, Water",2
2007,East Melbourne,"Electricity, Gas, Water",5
2007,East Melbourne,Business Services,1
2007,East Melbourne,Public Administration and Safety,8
2007,East Melbourne,"Transport, Postal and Storage",1
2007,Kensington,Arts and Recreation Services,9
2007,Kensington,Manufacturing,7
2007,Kensington,Business Services,1
2007,Melbourne (CBD),Construction,2
2007,Melbourne (CBD),Construction,3
2007,Melbourne (CBD),Business Services,256
2007,Melbourne (CBD),Public Administration and Safety,77
2007,North Melbourne,Real Estate Services,1
2007,North Melbourne,Rental and Hiring Services,1
2007,North Melbourne,Real Estate Services,12
2007,North Melbourne,Retail Trade,2
2007,Parkville,Manufacturing,1
2007,Parkville,Manufacturing,2
2007,Parkville,Business Services,1
2007,Port Melbourne,Admin and Support Services,9
2007,Port Melbourne,Information Media,1
2007,Port Melbourne,Manufacturing,15
2007,Port Melbourne,Other Services,1
2007,Port Melbourne,Public Administration and Safety,3
2007,Port Melbourne,"Transport, Postal and Storage",12
2007,Port Melbourne,Wholesale Trade,16
2007,South Yarra,Food Catering Services,2
2007,South Yarra,Education and Training,5
2007,South Yarra,Health Care and Social Assistance,3
2007,South Yarra,Retail Trade,10
2007,Southbank,Agriculture and Mining,1
2007,Southbank,Arts and Recreation Services,10
2007,Southbank,Arts and Recreation Services,9
2007,Southbank,Education and Training,3
2007,Southbank,Finance and Insurance,1
2007,Southbank,Public Administration and Safety,2
2007,Southbank,Public Administration and Safety,2
2007,Southbank,Rental and Hiring Services,1
2007,Southbank,Rental and Hiring Services,1
2007,Southbank,Wholesale Trade,1
2007,Southbank,Wholesale Trade,3
2007,West Melbourne (Industrial),Information Media,2
2007,West Melbourne (Industrial),Business Services,4
2007,West Melbourne (Industrial),Rental and Hiring Services,12
2007,West Melbourne (Residential),"Electricity, Gas, Water",1
2007,West Melbourne (Residential),Finance and Insurance,1
2007,West Melbourne (Residential),Finance and Insurance,12
2007,West Melbourne (Residential),Health Care and Social Assistance,12
2007,West Melbourne (Residential),Manufacturing,23
2007,West Melbourne (Residential),"Transport, Postal and Storage",1
2006,Carlton,Food and Beverage Services,18
2006,Carlton,Food and Beverage Services,2
2006,Docklands,Food Catering Services,1
2006,Docklands,Admin and Support Services,13
2006,Parkville,"Electricity, Gas, Water",9
2006,Parkville,Health Care and Social Assistance,35
2006,Port Melbourne,Agriculture and Mining,1
2006,Southbank,Agriculture and Mining,1
2006,West Melbourne (Industrial),Food and Beverage Services,9
2006,West Melbourne (Industrial),Rental and Hiring Services,1
2006,West Melbourne (Industrial),Wholesale Trade,34
2006,West Melbourne (Residential),Food and Beverage Services,44
2005,Carlton,Food Catering Services,5
2005,Carlton,Finance and Insurance,1
2005,Carlton,Information Media,8
2005,Carlton,Information Media,16
2005,Carlton,Business Services,4
2005,Carlton,Public Administration and Safety,9
2005,Carlton,Retail Trade,3
2005,Carlton,Wholesale Trade,3
2005,Docklands,Admin and Support Services,3
2005,Docklands,Construction,6
2005,Docklands,"Electricity, Gas, Water",6
2005,Docklands,Information Media,4
2005,Docklands,Retail Trade,1
2005,Docklands,Wholesale Trade,2
2005,East Melbourne,Food and Beverage Services,30
2005,East Melbourne,Arts and Recreation Services,7
2005,East Melbourne,Information Media,7
2005,East Melbourne,Public Administration and Safety,6
2005,Kensington,Arts and Recreation Services,11
2005,Kensington,Business Services,8
2005,Melbourne (CBD),Food Catering Services,4
2005,Melbourne (CBD),Construction,57
2005,Melbourne (CBD),Business Services,33
2005,Melbourne (CBD),Business Services,4
2005,Melbourne (CBD),Public Administration and Safety,27
2005,Melbourne (CBD),Real Estate Services,20
2005,Melbourne (CBD),Retail Trade,1468
2005,Melbourne (Remainder),Admin and Support Services,1
2005,Melbourne (Remainder),Education and Training,3
2005,Melbourne (Remainder),Health Care and Social Assistance,2
2005,Melbourne (Remainder),Agriculture and Mining,1
2005,Melbourne (Remainder),Business Services,20
2005,North Melbourne,Food and Beverage Services,3
2005,North Melbourne,Arts and Recreation Services,4
2005,North Melbourne,Agriculture and Mining,1
2005,North Melbourne,Public Administration and Safety,3
2005,North Melbourne,Retail Trade,2
2005,Parkville,Real Estate Services,1
2005,Parkville,Retail Trade,1
2005,Parkville,"Transport, Postal and Storage",1
2005,Parkville,Wholesale Trade,1
2005,Port Melbourne,Manufacturing,15
2005,Port Melbourne,Rental and Hiring Services,3
2005,Port Melbourne,Retail Trade,11
2005,Port Melbourne,Wholesale Trade,27
2005,South Yarra,Education and Training,4
2005,South Yarra,Retail Trade,10
2005,Southbank,Arts and Recreation Services,22
2005,Southbank,"Electricity, Gas, Water",1
2005,Southbank,Agriculture and Mining,3
2005,West Melbourne (Residential),Business Services,2
2005,West Melbourne (Residential),Rental and Hiring Services,4
2005,West Melbourne (Residential),"Transport, Postal and Storage",1
2004,Carlton,Business Services,1
2004,Docklands,Food and Beverage Services,24
2004,Docklands,Business Services,4
2004,Docklands,Public Administration and Safety,4
2004,East Melbourne,Food Catering Services,2
2004,East Melbourne,Food and Beverage Services,2
2004,East Melbourne,Admin and Support Services,16
2004,East Melbourne,Health Care and Social Assistance,6
2004,East Melbourne,Public Administration and Safety,8
2004,East Melbourne,Public Administration and Safety,6
2004,East Melbourne,Retail Trade,1
2004,East Melbourne,"Transport, Postal and Storage",2
2004,Kensington,Arts and Recreation Services,40
2021,Carlton,Information Media,7
2021,Carlton,Real Estate Services,1
2021,Docklands,Admin and Support Services,1
2021,Docklands,Construction,9
2021,East Melbourne,Construction,2
2021,East Melbourne,Construction,1
2021,Kensington,Other Services,4
2021,Kensington,"Transport, Postal and Storage",5
2021,Melbourne (CBD),Retail Trade,9
2021,Melbourne (CBD),"Transport, Postal and Storage",16
2021,North Melbourne,Food Catering Services,2
2021,North Melbourne,Construction,2
2021,North Melbourne,Business Services,2
2021,North Melbourne,Business Services,114
2021,North Melbourne,Retail Trade,73
2021,Parkville,Other Services,7
2021,Parkville,Public Administration and Safety,1
2021,Port Melbourne,Business Services,12
2021,Port Melbourne,Retail Trade,5
2021,Port Melbourne,"Transport, Postal and Storage",3
2021,South Yarra,Information Media,1
2021,Southbank,Food Catering Services,1
2021,Southbank,Finance and Insurance,17
2021,Southbank,Agriculture and Mining,1
2021,Southbank,Business Services,31
2021,West Melbourne (Residential),Health Care and Social Assistance,17
2021,West Melbourne (Residential),Retail Trade,2
2020,Carlton,Information Media,5
2020,Carlton,Retail Trade,3
2020,Docklands,Health Care and Social Assistance,34
2020,Docklands,Information Media,10
2020,Docklands,Retail Trade,2
2020,Kensington,Agriculture and Mining,2
2020,Kensington,Arts and Recreation Services,1
2020,Kensington,Construction,1
2020,Melbourne (CBD),Admin and Support Services,227
2020,Melbourne (CBD),"Electricity, Gas, Water",11
2020,Melbourne (CBD),Agriculture and Mining,2
2020,Melbourne (CBD),Business Services,34
2020,Melbourne (CBD),Retail Trade,3
2020,Melbourne (CBD),"Transport, Postal and Storage",19
2020,North Melbourne,Food Catering Services,2
2020,North Melbourne,Food Catering Services,6
2020,North Melbourne,Information Media,4
2020,North Melbourne,Manufacturing,26
2020,Parkville,"Electricity, Gas, Water",7
2020,Port Melbourne,Arts and Recreation Services,7
2020,Port Melbourne,"Electricity, Gas, Water",1
2020,Port Melbourne,Public Administration and Safety,1
2020,Port Melbourne,Public Administration and Safety,6
2020,South Yarra,Food and Beverage Services,3
2020,Southbank,Real Estate Services,2
2020,Southbank,Wholesale Trade,10
2020,West Melbourne (Industrial),Other Services,4
2020,West Melbourne (Industrial),Public Administration and Safety,1
2020,West Melbourne (Industrial),"Transport, Postal and Storage",15
2019,Carlton,Education and Training,6
2019,Carlton,Education and Training,14
2019,Carlton,Retail Trade,115
2019,Docklands,Education and Training,4
2019,Docklands,Manufacturing,2
2019,East Melbourne,Food Catering Services,2
2019,East Melbourne,Education and Training,3
2019,East Melbourne,Health Care and Social Assistance,30
2019,Kensington,Rental and Hiring Services,1
2019,Melbourne (CBD),Food Catering Services,66
2019,Melbourne (CBD),Agriculture and Mining,1
2019,Melbourne (CBD),Education and Training,116
2019,Melbourne (CBD),"Transport, Postal and Storage",6
2019,Melbourne (Remainder),Admin and Support Services,1
2019,Melbourne (Remainder),Wholesale Trade,2
2019,North Melbourne,Arts and Recreation Services,1
2019,North Melbourne,"Electricity, Gas, Water",21
2019,North Melbourne,Retail Trade,5
2019,North Melbourne,Retail Trade,1
2019,Parkville,Food and Beverage Services,1
2019,Parkville,Finance and Insurance,7
2019,Port Melbourne,Construction,45
2019,Port Melbourne,"Electricity, Gas, Water",1
2019,Port Melbourne,Finance and Insurance,7
2019,South Yarra,Education and Training,1
2019,South Yarra,Information Media,2
2019,Southbank,Admin and Support Services,17
2019,Southbank,Arts and Recreation Services,17
2019,Southbank,Construction,15
2019,Southbank,"Electricity, Gas, Water",1
2019,Southbank,Health Care and Social Assistance,7
2019,Southbank,Agriculture and Mining,2
2019,West Melbourne (Industrial),Wholesale Trade,27
2019,West Melbourne (Residential),Food Catering Services,3
2019,West Melbourne (Residential),Manufacturing,5
2019,West Melbourne (Residential),Public Administration and Safety,1
2018,Carlton,Rental and Hiring Services,3
2018,Carlton,"Transport, Postal and Storage",4
2018,Docklands,"Electricity, Gas, Water",9
2018,Docklands,Manufacturing,14
2018,Docklands,Retail Trade,187
2018,Docklands,"Transport, Postal and Storage",4
2018,East Melbourne,Education and Training,7
2018,East Melbourne,Retail Trade,1
2018,Kensington,Rental and Hiring Services,1
2018,Kensington,Real Estate Services,6
2018,Melbourne (CBD),Food Catering Services,4
2018,Melbourne (CBD),Other Services,55
2018,Melbourne (CBD),Other Services,867
2018,Melbourne (CBD),Retail Trade,95
2018,Melbourne (CBD),"Transport, Postal and Storage",5
2018,Melbourne (Remainder),Food Catering Services,1
2018,North Melbourne,Health Care and Social Assistance,1
2018,North Melbourne,Public Administration and Safety,4
2018,North Melbourne,Rental and Hiring Services,1
2018,Parkville,Food and Beverage Services,1
2018,Parkville,Food Catering Services,4
2018,Parkville,Health Care and Social Assistance,16
2018,Parkville,Other Services,8
2018,Parkville,Other Services,14
2018,Parkville,Business Services,8
2018,Port Melbourne,Construction,52
2018,Port Melbourne,Manufacturing,7
2018,Port Melbourne,Manufacturing,57
2018,Port Melbourne,Retail Trade,21
2018,South Yarra,Food and Beverage Services,3
2018,South Yarra,Food Catering Services,1
2018,Southbank,Food Catering Services,1
2018,Southbank,Construction,12
2018,Southbank,Manufacturing,4
2018,Southbank,Wholesale Trade,11
2018,West Melbourne (Industrial),Wholesale Trade,1
2018,West Melbourne (Residential),Food and Beverage Services,1
2018,West Melbourne (Residential),Food Catering Services,3
2018,West Melbourne (Residential),Food and Beverage Services,54
2018,West Melbourne (Residential),Health Care and Social Assistance,1
2018,West Melbourne (Residential),Information Media,5
2018,West Melbourne (Residential),Business Services,11
2018,West Melbourne (Residential),Business Services,88
2018,West Melbourne (Residential),Real Estate Services,2
2018,West Melbourne (Residential),Retail Trade,40
2018,West Melbourne (Residential),"Transport, Postal and Storage",15
2018,West Melbourne (Residential),Wholesale Trade,1
2018,West Melbourne (Residential),Wholesale Trade,22
2017,Carlton,Food Catering Services,18
2017,Carlton,Food and Beverage Services,220
2017,Carlton,Agriculture and Mining,1
2017,Carlton,"Electricity, Gas, Water",14
2017,Carlton,Other Services,16
2017,Carlton,Other Services,15
2017,Carlton,Other Services,103
2017,Docklands,Construction,2
2017,Docklands,Information Media,12
2017,Docklands,Business Services,126
2017,Docklands,Retail Trade,206
2017,Docklands,Wholesale Trade,1
2017,East Melbourne,Admin and Support Services,3
2017,East Melbourne,Education and Training,3
2017,East Melbourne,Manufacturing,1
2017,East Melbourne,Other Services,1
2017,East Melbourne,Real Estate Services,7
2017,Kensington,Food and Beverage Services,3
2017,Kensington,Finance and Insurance,3
2017,Kensington,Information Media,5
2017,Kensington,Other Services,3
2017,Kensington,Rental and Hiring Services,8
2017,Kensington,"Transport, Postal and Storage",2
2017,Melbourne (CBD),"Electricity, Gas, Water",10
2017,Melbourne (CBD),Finance and Insurance,27
2017,Melbourne (CBD),Information Media,37
2017,Melbourne (CBD),Information Media,8
2017,Melbourne (CBD),Manufacturing,1
2017,Melbourne (CBD),Other Services,1
2017,Melbourne (CBD),Business Services,41
2017,Melbourne (CBD),Public Administration and Safety,72
2017,Melbourne (CBD),Rental and Hiring Services,2
2017,Melbourne (Remainder),Admin and Support Services,10
2017,Melbourne (Remainder),"Electricity, Gas, Water",1
2017,Melbourne (Remainder),Manufacturing,1
2017,North Melbourne,Admin and Support Services,2
2017,North Melbourne,Education and Training,33
2017,North Melbourne,Manufacturing,42
2017,North Melbourne,Rental and Hiring Services,1
2017,Parkville,Education and Training,3
2017,Parkville,Education and Training,19
2017,Parkville,Business Services,6
2017,Parkville,Business Services,13
2017,Parkville,Real Estate Services,1
2017,Port Melbourne,Food and Beverage Services,5
2017,Port Melbourne,Admin and Support Services,5
2017,Port Melbourne,Health Care and Social Assistance,2
2017,Port Melbourne,Information Media,5
2017,Port Melbourne,Information Media,14
2017,Port Melbourne,Business Services,61
2017,Port Melbourne,Real Estate Services,7
2017,South Yarra,Admin and Support Services,1
2017,Southbank,Information Media,3
2017,Southbank,Public Administration and Safety,1
2017,Southbank,"Transport, Postal and Storage",2
2017,West Melbourne (Industrial),Wholesale Trade,28
2016,Carlton,Food Catering Services,33
2016,Carlton,Information Media,1
2016,Carlton,Other Services,16
2016,Kensington,Information Media,7
2016,Melbourne (CBD),Food and Beverage Services,8
2016,Melbourne (CBD),Manufacturing,6
2016,Melbourne (CBD),Manufacturing,234
2016,Melbourne (CBD),Agriculture and Mining,8
2016,Melbourne (CBD),Rental and Hiring Services,2
2016,Melbourne (CBD),Real Estate Services,10
2016,Melbourne (Remainder),Health Care and Social Assistance,2
2016,North Melbourne,Admin and Support Services,4
2016,North Melbourne,Education and Training,7
2016,North Melbourne,Education and Training,33
2016,North Melbourne,Manufacturing,4
2016,Parkville,Education and Training,3
2016,Port Melbourne,Food and Beverage Services,4
2016,Port Melbourne,Finance and Insurance,2
2016,Port Melbourne,Finance and Insurance,7
2016,Port Melbourne,Manufacturing,7
2016,Port Melbourne,"Transport, Postal and Storage",11
2016,South Yarra,Other Services,8
2016,Southbank,Arts and Recreation Services,6
2016,Southbank,Agriculture and Mining,2
2016,West Melbourne (Industrial),"Electricity, Gas, Water",7
2016,West Melbourne (Industrial),Information Media,2
2016,West Melbourne (Industrial),"Transport, Postal and Storage",20
2016,West Melbourne (Residential),Public Administration and Safety,1
2015,Carlton,Arts and Recreation Services,4
2015,Carlton,Public Administration and Safety,7
2015,Carlton,Wholesale Trade,4
2015,Docklands,Food and Beverage Services,1
2015,Docklands,Construction,1
2015,Docklands,"Electricity, Gas, Water",9
2015,Docklands,Public Administration and Safety,5
2015,East Melbourne,Food and Beverage Services,1
2015,East Melbourne,Food Catering Services,5
2015,East Melbourne,Arts and Recreation Services,14
2015,East Melbourne,Education and Training,6
2015,East Melbourne,Manufacturing,2
2015,East Melbourne,Public Administration and Safety,4
2015,Kensington,"Electricity, Gas, Water",10
2015,Kensington,Finance and Insurance,4
2015,Kensington,Business Services,34
2015,Kensington,Retail Trade,2
2015,Melbourne (CBD),Construction,3
2015,Melbourne (CBD),"Electricity, Gas, Water",8
2015,Port Melbourne,Admin and Support Services,18
2015,Port Melbourne,Agriculture and Mining,1
2015,Port Melbourne,Wholesale Trade,58
2015,South Yarra,Arts and Recreation Services,1
2015,South Yarra,Other Services,1
2015,Southbank,Admin and Support Services,15
2015,Southbank,Arts and Recreation Services,16
2015,Southbank,Finance and Insurance,11
2015,West Melbourne (Industrial),"Electricity, Gas, Water",7
2015,West Melbourne (Industrial),Information Media,1
2015,West Melbourne (Residential),Rental and Hiring Services,2
2015,West Melbourne (Residential),"Transport, Postal and Storage",1
2014,Carlton,Information Media,4
2014,Docklands,Food Catering Services,5
2014,Docklands,Information Media,6
2014,Docklands,Manufacturing,15
2014,East Melbourne,Information Media,3
2014,East Melbourne,Other Services,8
2014,Kensington,Agriculture and Mining,3
2014,Kensington,Arts and Recreation Services,1
2014,Melbourne (CBD),"Transport, Postal and Storage",18
2013,Kensington,Information Media,1
2013,Kensington,Manufacturing,9
2013,Melbourne (CBD),Food Catering Services,58
2013,Melbourne (CBD),Admin and Support Services,4
2013,Melbourne (CBD),Admin and Support Services,81
2013,Melbourne (CBD),Construction,2
2013,Melbourne (CBD),Other Services,35
2013,Melbourne (CBD),Real Estate Services,1
2013,Melbourne (CBD),"Transport, Postal and Storage",8
2013,Melbourne (Remainder),Arts and Recreation Services,27
2013,Melbourne (Remainder),Information Media,5
2013,Melbourne (Remainder),Information Media,6
2013,Melbourne (Remainder),Wholesale Trade,4
2013,North Melbourne,Manufacturing,10
2013,North Melbourne,Public Administration and Safety,8
2013,Parkville,Food and Beverage Services,5
2013,Parkville,Manufacturing,4
2013,Parkville,Retail Trade,23
2013,Port Melbourne,Food Catering Services,2
2013,Port Melbourne,Construction,5
2013,Port Melbourne,Rental and Hiring Services,8
2013,Port Melbourne,Retail Trade,4
2013,Southbank,Food Catering Services,4
2013,Southbank,Arts and Recreation Services,4
2013,Southbank,Education and Training,1
2013,Southbank,Education and Training,10
2013,Southbank,"Electricity, Gas, Water",17
2013,Southbank,Health Care and Social Assistance,6
2013,Southbank,Business Services,1
2013,Southbank,Rental and Hiring Services,2
2013,West Melbourne (Industrial),Information Media,3
2013,West Melbourne (Industrial),Retail Trade,9
2013,West Melbourne (Residential),Admin and Support Services,3
2013,West Melbourne (Residential),Finance and Insurance,1
2013,West Melbourne (Residential),Finance and Insurance,14
2012,Carlton,Food Catering Services,5
2012,Carlton,Food and Beverage Services,187
2012,Docklands,Health Care and Social Assistance,2
2012,Docklands,"Transport, Postal and Storage",4
2012,Docklands,"Transport, Postal and Storage",3
2012,East Melbourne,Information Media,1
2012,East Melbourne,Manufacturing,1
2012,East Melbourne,Wholesale Trade,1
2012,Melbourne (CBD),Food Catering Services,63
2012,South Yarra,Education and Training,4
2012,Southbank,Food and Beverage Services,17
2012,Southbank,Admin and Support Services,1
2012,Southbank,Business Services,79
2012,Southbank,Retail Trade,7
2012,West Melbourne (Industrial),Rental and Hiring Services,6
2012,West Melbourne (Industrial),Wholesale Trade,168
2012,West Melbourne (Residential),Education and Training,7
2012,West Melbourne (Residential),Education and Training,13
2012,West Melbourne (Residential),Business Services,14
2012,West Melbourne (Residential),Public Administration and Safety,2
2011,Carlton,Food Catering Services,28
2011,Carlton,Admin and Support Services,19
2011,Carlton,Arts and Recreation Services,16
2011,Carlton,Construction,4
2011,Carlton,Education and Training,7
2011,Carlton,Education and Training,46
2011,Carlton,Information Media,1
2011,Carlton,Other Services,110
2011,Carlton,Wholesale Trade,24
2011,Docklands,Food Catering Services,4
2011,Docklands,Finance and Insurance,5
2011,Docklands,"Transport, Postal and Storage",3
2011,Docklands,"Transport, Postal and Storage",21
2011,East Melbourne,Food Catering Services,2
2011,East Melbourne,Arts and Recreation Services,17
2011,East Melbourne,Arts and Recreation Services,15
2011,East Melbourne,Manufacturing,1
2011,East Melbourne,Manufacturing,5
2011,East Melbourne,Business Services,1
2011,Kensington,Education and Training,7
2011,Kensington,Real Estate Services,1
2011,Melbourne (CBD),Food and Beverage Services,6
2011,Melbourne (CBD),Education and Training,192
2011,Melbourne (CBD),Information Media,37
2011,Melbourne (CBD),Other Services,33
2011,Melbourne (CBD),Other Services,661
2011,Melbourne (CBD),Public Administration and Safety,57
2011,Melbourne (Remainder),Food and Beverage Services,28
2011,Melbourne (Remainder),Education and Training,2
2011,Melbourne (Remainder),Information Media,3
2011,Melbourne (Remainder),Retail Trade,17
2011,Melbourne (Remainder),"Transport, Postal and Storage",1
2011,North Melbourne,Food Catering Services,8
2011,North Melbourne,Education and Training,6
2011,North Melbourne,Health Care and Social Assistance,82
2011,North Melbourne,Manufacturing,53
2011,North Melbourne,"Transport, Postal and Storage",6
2011,Port Melbourne,Manufacturing,7
2011,Port Melbourne,Manufacturing,48
2011,Port Melbourne,Public Administration and Safety,1
2009,Docklands,Admin and Support Services,7
2009,West Melbourne (Residential),Retail Trade,1
2008,Carlton,Other Services,21
2008,Docklands,Food and Beverage Services,11
2008,Docklands,Food and Beverage Services,101
2008,Docklands,Education and Training,4
2008,Docklands,Health Care and Social Assistance,9
2008,East Melbourne,Education and Training,7
2008,East Melbourne,Business Services,68
2008,Kensington,Wholesale Trade,3
2008,Melbourne (CBD),Food and Beverage Services,1080
2008,Melbourne (CBD),Agriculture and Mining,2
2008,Melbourne (CBD),"Electricity, Gas, Water",8
2008,Melbourne (CBD),Finance and Insurance,40
2008,Melbourne (Remainder),Admin and Support Services,3
2008,Melbourne (Remainder),Information Media,3
2008,Melbourne (Remainder),Retail Trade,1
2008,Parkville,Health Care and Social Assistance,57
2008,Port Melbourne,Arts and Recreation Services,5
2008,Port Melbourne,Education and Training,4
2008,Port Melbourne,"Electricity, Gas, Water",6
2008,Port Melbourne,Wholesale Trade,2
2008,Southbank,Food Catering Services,4
2008,Southbank,Admin and Support Services,3
2004,Melbourne (CBD),Admin and Support Services,3
2004,Melbourne (CBD),Other Services,2
2004,Melbourne (CBD),Business Services,1131
2004,Melbourne (CBD),Rental and Hiring Services,1
2004,Melbourne (Remainder),Arts and Recreation Services,21
2004,Melbourne (Remainder),Information Media,6
2002,Docklands,Public Administration and Safety,3
2002,East Melbourne,Food Catering Services,3
